<?xml version="1.0" encoding="UTF-8"?>
<gpx creator="Wikiloc - https://www.wikiloc.com" version="1.1" xmlns="http://www.topografix.com/GPX/1/1" xmlns:xsi="http://www.w3.org/2001/XMLSchema-instance" xsi:schemaLocation="http://www.topografix.com/GPX/1/1 http://www.topografix.com/GPX/1/1/gpx.xsd">
  <metadata>
    <name>Wikiloc - Cascada congelada y laguna de nahualac sin pasar por nexcolango, ni acueducto</name>
    <author>
      <name>Fabian Romero Hernández</name>
      <link href="https://www.wikiloc.com/wikiloc/user.do?id=10073343">
        <text>Fabian Romero Hernández on Wikiloc</text>
      </link>
    </author>
    <link href="https://www.wikiloc.com/hiking-trails/cascada-congelada-y-laguna-de-nahualac-sin-pasar-por-nexcolango-ni-acueducto-179819279">
      <text>Cascada congelada y laguna de nahualac sin pasar por nexcolango, ni acueducto on Wikiloc</text>
    </link>
    <time>2024-08-05T00:40:42.013Z</time>
  </metadata>
  <trk>
    <name>Cascada congelada y laguna de nahualac sin pasar por nexcolango, ni acueducto - Wikiloc</name>
    <cmt>Cascada congelada y laguna de nahualac sin pasar por nexcolango, ni acueducto</cmt>
    <desc>Cascada congelada y laguna de nahualac sin pasar por nexcolango, ni acueducto</desc>
    <trkseg>
      <trkpt lat="19.211926" lon="-98.730880">
        <ele>2741.897</ele>
        <time>2024-08-04T16:43:31.502Z</time>
      </trkpt>
      <trkpt lat="19.211901" lon="-98.730938">
        <ele>2741.823</ele>
        <time>2024-08-04T16:43:32.515Z</time>
      </trkpt>
      <trkpt lat="19.211867" lon="-98.731005">
        <ele>2741.825</ele>
        <time>2024-08-04T16:43:34.019Z</time>
      </trkpt>
      <trkpt lat="19.211887" lon="-98.730949">
        <ele>2741.809</ele>
        <time>2024-08-04T16:43:38.018Z</time>
      </trkpt>
      <trkpt lat="19.211915" lon="-98.730902">
        <ele>2741.870</ele>
        <time>2024-08-04T16:43:44.019Z</time>
      </trkpt>
      <trkpt lat="19.211939" lon="-98.730854">
        <ele>2740.856</ele>
        <time>2024-08-04T16:43:50.018Z</time>
      </trkpt>
      <trkpt lat="19.211947" lon="-98.730801">
        <ele>2740.798</ele>
        <time>2024-08-04T16:43:56.019Z</time>
      </trkpt>
      <trkpt lat="19.211943" lon="-98.730746">
        <ele>2740.547</ele>
        <time>2024-08-04T16:44:01.018Z</time>
      </trkpt>
      <trkpt lat="19.211932" lon="-98.730694">
        <ele>2740.020</ele>
        <time>2024-08-04T16:44:06.019Z</time>
      </trkpt>
      <trkpt lat="19.211919" lon="-98.730647">
        <ele>2740.678</ele>
        <time>2024-08-04T16:44:11.018Z</time>
      </trkpt>
      <trkpt lat="19.211926" lon="-98.730590">
        <ele>2740.831</ele>
        <time>2024-08-04T16:44:16.019Z</time>
      </trkpt>
      <trkpt lat="19.211930" lon="-98.730538">
        <ele>2742.436</ele>
        <time>2024-08-04T16:44:21.018Z</time>
      </trkpt>
      <trkpt lat="19.211934" lon="-98.730489">
        <ele>2743.238</ele>
        <time>2024-08-04T16:44:25.018Z</time>
      </trkpt>
      <trkpt lat="19.211937" lon="-98.730432">
        <ele>2743.877</ele>
        <time>2024-08-04T16:44:30.018Z</time>
      </trkpt>
      <trkpt lat="19.211936" lon="-98.730382">
        <ele>2745.061</ele>
        <time>2024-08-04T16:44:34.018Z</time>
      </trkpt>
      <trkpt lat="19.211931" lon="-98.730332">
        <ele>2745.427</ele>
        <time>2024-08-04T16:44:38.018Z</time>
      </trkpt>
      <trkpt lat="19.211933" lon="-98.730278">
        <ele>2745.609</ele>
        <time>2024-08-04T16:44:42.019Z</time>
      </trkpt>
      <trkpt lat="19.211933" lon="-98.730225">
        <ele>2745.968</ele>
        <time>2024-08-04T16:44:47.018Z</time>
      </trkpt>
      <trkpt lat="19.211940" lon="-98.730171">
        <ele>2745.914</ele>
        <time>2024-08-04T16:44:52.018Z</time>
      </trkpt>
      <trkpt lat="19.211946" lon="-98.730114">
        <ele>2747.046</ele>
        <time>2024-08-04T16:44:57.019Z</time>
      </trkpt>
      <trkpt lat="19.211958" lon="-98.730065">
        <ele>2747.975</ele>
        <time>2024-08-04T16:45:01.018Z</time>
      </trkpt>
      <trkpt lat="19.211961" lon="-98.730015">
        <ele>2749.348</ele>
        <time>2024-08-04T16:45:05.019Z</time>
      </trkpt>
      <trkpt lat="19.211974" lon="-98.729963">
        <ele>2750.596</ele>
        <time>2024-08-04T16:45:09.019Z</time>
      </trkpt>
      <trkpt lat="19.211975" lon="-98.729914">
        <ele>2751.249</ele>
        <time>2024-08-04T16:45:13.019Z</time>
      </trkpt>
      <trkpt lat="19.212002" lon="-98.729863">
        <ele>2752.034</ele>
        <time>2024-08-04T16:45:18.018Z</time>
      </trkpt>
      <trkpt lat="19.212031" lon="-98.729820">
        <ele>2752.556</ele>
        <time>2024-08-04T16:45:22.019Z</time>
      </trkpt>
      <trkpt lat="19.212046" lon="-98.729772">
        <ele>2752.839</ele>
        <time>2024-08-04T16:45:26.018Z</time>
      </trkpt>
      <trkpt lat="19.212065" lon="-98.729725">
        <ele>2753.101</ele>
        <time>2024-08-04T16:45:30.018Z</time>
      </trkpt>
      <trkpt lat="19.212083" lon="-98.729678">
        <ele>2753.421</ele>
        <time>2024-08-04T16:45:34.019Z</time>
      </trkpt>
      <trkpt lat="19.212114" lon="-98.729636">
        <ele>2753.609</ele>
        <time>2024-08-04T16:45:38.018Z</time>
      </trkpt>
      <trkpt lat="19.212145" lon="-98.729596">
        <ele>2753.884</ele>
        <time>2024-08-04T16:45:42.018Z</time>
      </trkpt>
      <trkpt lat="19.212175" lon="-98.729561">
        <ele>2753.830</ele>
        <time>2024-08-04T16:45:46.019Z</time>
      </trkpt>
      <trkpt lat="19.212198" lon="-98.729519">
        <ele>2753.852</ele>
        <time>2024-08-04T16:45:50.018Z</time>
      </trkpt>
      <trkpt lat="19.212228" lon="-98.729469">
        <ele>2753.591</ele>
        <time>2024-08-04T16:45:55.018Z</time>
      </trkpt>
      <trkpt lat="19.212261" lon="-98.729435">
        <ele>2753.394</ele>
        <time>2024-08-04T16:45:59.018Z</time>
      </trkpt>
      <trkpt lat="19.212286" lon="-98.729392">
        <ele>2753.482</ele>
        <time>2024-08-04T16:46:03.018Z</time>
      </trkpt>
      <trkpt lat="19.212317" lon="-98.729355">
        <ele>2753.435</ele>
        <time>2024-08-04T16:46:07.019Z</time>
      </trkpt>
      <trkpt lat="19.212347" lon="-98.729313">
        <ele>2754.570</ele>
        <time>2024-08-04T16:46:11.019Z</time>
      </trkpt>
      <trkpt lat="19.212367" lon="-98.729266">
        <ele>2754.892</ele>
        <time>2024-08-04T16:46:15.019Z</time>
      </trkpt>
      <trkpt lat="19.212388" lon="-98.729215">
        <ele>2755.938</ele>
        <time>2024-08-04T16:46:20.018Z</time>
      </trkpt>
      <trkpt lat="19.212413" lon="-98.729163">
        <ele>2756.370</ele>
        <time>2024-08-04T16:46:25.018Z</time>
      </trkpt>
      <trkpt lat="19.212426" lon="-98.729117">
        <ele>2756.317</ele>
        <time>2024-08-04T16:46:29.018Z</time>
      </trkpt>
      <trkpt lat="19.212440" lon="-98.729059">
        <ele>2756.209</ele>
        <time>2024-08-04T16:46:34.019Z</time>
      </trkpt>
      <trkpt lat="19.212448" lon="-98.729003">
        <ele>2756.044</ele>
        <time>2024-08-04T16:46:39.018Z</time>
      </trkpt>
      <trkpt lat="19.212458" lon="-98.728949">
        <ele>2755.370</ele>
        <time>2024-08-04T16:46:45.018Z</time>
      </trkpt>
      <trkpt lat="19.212465" lon="-98.728897">
        <ele>2754.512</ele>
        <time>2024-08-04T16:46:51.018Z</time>
      </trkpt>
      <trkpt lat="19.212483" lon="-98.728844">
        <ele>2754.451</ele>
        <time>2024-08-04T16:46:57.019Z</time>
      </trkpt>
      <trkpt lat="19.212487" lon="-98.728788">
        <ele>2754.484</ele>
        <time>2024-08-04T16:47:03.019Z</time>
      </trkpt>
      <trkpt lat="19.212484" lon="-98.728733">
        <ele>2754.412</ele>
        <time>2024-08-04T16:47:09.018Z</time>
      </trkpt>
      <trkpt lat="19.212503" lon="-98.728681">
        <ele>2757.695</ele>
        <time>2024-08-04T16:47:15.019Z</time>
      </trkpt>
      <trkpt lat="19.212511" lon="-98.728634">
        <ele>2758.410</ele>
        <time>2024-08-04T16:47:20.019Z</time>
      </trkpt>
      <trkpt lat="19.212524" lon="-98.728587">
        <ele>2760.062</ele>
        <time>2024-08-04T16:47:25.018Z</time>
      </trkpt>
      <trkpt lat="19.212548" lon="-98.728535">
        <ele>2760.459</ele>
        <time>2024-08-04T16:47:30.019Z</time>
      </trkpt>
      <trkpt lat="19.212575" lon="-98.728496">
        <ele>2761.503</ele>
        <time>2024-08-04T16:47:34.018Z</time>
      </trkpt>
      <trkpt lat="19.212615" lon="-98.728457">
        <ele>2762.623</ele>
        <time>2024-08-04T16:47:39.018Z</time>
      </trkpt>
      <trkpt lat="19.212652" lon="-98.728426">
        <ele>2762.909</ele>
        <time>2024-08-04T16:47:43.018Z</time>
      </trkpt>
      <trkpt lat="19.212685" lon="-98.728392">
        <ele>2762.966</ele>
        <time>2024-08-04T16:47:47.019Z</time>
      </trkpt>
      <trkpt lat="19.212713" lon="-98.728348">
        <ele>2763.292</ele>
        <time>2024-08-04T16:47:51.018Z</time>
      </trkpt>
      <trkpt lat="19.212721" lon="-98.728296">
        <ele>2763.554</ele>
        <time>2024-08-04T16:47:55.018Z</time>
      </trkpt>
      <trkpt lat="19.212722" lon="-98.728240">
        <ele>2763.233</ele>
        <time>2024-08-04T16:47:59.019Z</time>
      </trkpt>
      <trkpt lat="19.212735" lon="-98.728187">
        <ele>2763.116</ele>
        <time>2024-08-04T16:48:04.018Z</time>
      </trkpt>
      <trkpt lat="19.212724" lon="-98.728134">
        <ele>2762.834</ele>
        <time>2024-08-04T16:48:09.018Z</time>
      </trkpt>
      <trkpt lat="19.212735" lon="-98.728078">
        <ele>2761.547</ele>
        <time>2024-08-04T16:48:14.019Z</time>
      </trkpt>
      <trkpt lat="19.212770" lon="-98.728048">
        <ele>2759.262</ele>
        <time>2024-08-04T16:48:18.018Z</time>
      </trkpt>
      <trkpt lat="19.212792" lon="-98.728005">
        <ele>2758.974</ele>
        <time>2024-08-04T16:48:23.018Z</time>
      </trkpt>
      <trkpt lat="19.212809" lon="-98.727958">
        <ele>2759.026</ele>
        <time>2024-08-04T16:48:28.018Z</time>
      </trkpt>
      <trkpt lat="19.212832" lon="-98.727913">
        <ele>2759.347</ele>
        <time>2024-08-04T16:48:33.018Z</time>
      </trkpt>
      <trkpt lat="19.212850" lon="-98.727861">
        <ele>2761.911</ele>
        <time>2024-08-04T16:48:39.019Z</time>
      </trkpt>
      <trkpt lat="19.212877" lon="-98.727823">
        <ele>2764.409</ele>
        <time>2024-08-04T16:48:45.018Z</time>
      </trkpt>
      <trkpt lat="19.212887" lon="-98.727775">
        <ele>2766.983</ele>
        <time>2024-08-04T16:48:49.019Z</time>
      </trkpt>
      <trkpt lat="19.212899" lon="-98.727722">
        <ele>2767.479</ele>
        <time>2024-08-04T16:48:54.019Z</time>
      </trkpt>
      <trkpt lat="19.212934" lon="-98.727681">
        <ele>2767.411</ele>
        <time>2024-08-04T16:48:59.018Z</time>
      </trkpt>
      <trkpt lat="19.212942" lon="-98.727628">
        <ele>2765.710</ele>
        <time>2024-08-04T16:49:04.019Z</time>
      </trkpt>
      <trkpt lat="19.212935" lon="-98.727576">
        <ele>2765.033</ele>
        <time>2024-08-04T16:49:09.018Z</time>
      </trkpt>
      <trkpt lat="19.212921" lon="-98.727530">
        <ele>2765.051</ele>
        <time>2024-08-04T16:49:14.018Z</time>
      </trkpt>
      <trkpt lat="19.212905" lon="-98.727483">
        <ele>2765.394</ele>
        <time>2024-08-04T16:49:19.019Z</time>
      </trkpt>
      <trkpt lat="19.212894" lon="-98.727429">
        <ele>2765.729</ele>
        <time>2024-08-04T16:49:24.019Z</time>
      </trkpt>
      <trkpt lat="19.212886" lon="-98.727378">
        <ele>2766.481</ele>
        <time>2024-08-04T16:49:29.018Z</time>
      </trkpt>
      <trkpt lat="19.212866" lon="-98.727324">
        <ele>2767.482</ele>
        <time>2024-08-04T16:49:34.018Z</time>
      </trkpt>
      <trkpt lat="19.212856" lon="-98.727272">
        <ele>2768.643</ele>
        <time>2024-08-04T16:49:38.018Z</time>
      </trkpt>
      <trkpt lat="19.212842" lon="-98.727219">
        <ele>2771.017</ele>
        <time>2024-08-04T16:49:42.018Z</time>
      </trkpt>
      <trkpt lat="19.212826" lon="-98.727173">
        <ele>2772.209</ele>
        <time>2024-08-04T16:49:46.018Z</time>
      </trkpt>
      <trkpt lat="19.212796" lon="-98.727137">
        <ele>2772.869</ele>
        <time>2024-08-04T16:49:50.019Z</time>
      </trkpt>
      <trkpt lat="19.212773" lon="-98.727089">
        <ele>2773.535</ele>
        <time>2024-08-04T16:49:54.018Z</time>
      </trkpt>
      <trkpt lat="19.212736" lon="-98.727056">
        <ele>2774.647</ele>
        <time>2024-08-04T16:49:58.018Z</time>
      </trkpt>
      <trkpt lat="19.212702" lon="-98.727019">
        <ele>2777.056</ele>
        <time>2024-08-04T16:50:02.018Z</time>
      </trkpt>
      <trkpt lat="19.212660" lon="-98.726989">
        <ele>2778.269</ele>
        <time>2024-08-04T16:50:06.018Z</time>
      </trkpt>
      <trkpt lat="19.212608" lon="-98.726960">
        <ele>2778.647</ele>
        <time>2024-08-04T16:50:10.019Z</time>
      </trkpt>
      <trkpt lat="19.212557" lon="-98.726925">
        <ele>2779.050</ele>
        <time>2024-08-04T16:50:14.018Z</time>
      </trkpt>
      <trkpt lat="19.212507" lon="-98.726955">
        <ele>2779.435</ele>
        <time>2024-08-04T16:50:17.018Z</time>
      </trkpt>
      <trkpt lat="19.212484" lon="-98.727011">
        <ele>2779.587</ele>
        <time>2024-08-04T16:50:20.018Z</time>
      </trkpt>
      <trkpt lat="19.212439" lon="-98.727017">
        <ele>2780.157</ele>
        <time>2024-08-04T16:50:23.018Z</time>
      </trkpt>
      <trkpt lat="19.212392" lon="-98.727042">
        <ele>2781.500</ele>
        <time>2024-08-04T16:50:27.019Z</time>
      </trkpt>
      <trkpt lat="19.212348" lon="-98.727029">
        <ele>2782.120</ele>
        <time>2024-08-04T16:50:32.018Z</time>
      </trkpt>
      <trkpt lat="19.212320" lon="-98.727069">
        <ele>2780.509</ele>
        <time>2024-08-04T16:50:42.018Z</time>
      </trkpt>
      <trkpt lat="19.212287" lon="-98.727110">
        <ele>2778.746</ele>
        <time>2024-08-04T16:50:48.019Z</time>
      </trkpt>
      <trkpt lat="19.212270" lon="-98.727160">
        <ele>2776.412</ele>
        <time>2024-08-04T16:50:52.018Z</time>
      </trkpt>
      <trkpt lat="19.212255" lon="-98.727213">
        <ele>2771.264</ele>
        <time>2024-08-04T16:50:56.018Z</time>
      </trkpt>
      <trkpt lat="19.212238" lon="-98.727264">
        <ele>2767.263</ele>
        <time>2024-08-04T16:51:00.019Z</time>
      </trkpt>
      <trkpt lat="19.212206" lon="-98.727313">
        <ele>2767.026</ele>
        <time>2024-08-04T16:51:05.019Z</time>
      </trkpt>
      <trkpt lat="19.212174" lon="-98.727350">
        <ele>2767.134</ele>
        <time>2024-08-04T16:51:09.019Z</time>
      </trkpt>
      <trkpt lat="19.212139" lon="-98.727381">
        <ele>2767.667</ele>
        <time>2024-08-04T16:51:13.018Z</time>
      </trkpt>
      <trkpt lat="19.212108" lon="-98.727419">
        <ele>2769.372</ele>
        <time>2024-08-04T16:51:17.018Z</time>
      </trkpt>
      <trkpt lat="19.212084" lon="-98.727460">
        <ele>2769.984</ele>
        <time>2024-08-04T16:51:21.019Z</time>
      </trkpt>
      <trkpt lat="19.212057" lon="-98.727502">
        <ele>2769.926</ele>
        <time>2024-08-04T16:51:26.018Z</time>
      </trkpt>
      <trkpt lat="19.212034" lon="-98.727548">
        <ele>2770.347</ele>
        <time>2024-08-04T16:51:31.019Z</time>
      </trkpt>
      <trkpt lat="19.212024" lon="-98.727596">
        <ele>2770.411</ele>
        <time>2024-08-04T16:51:35.019Z</time>
      </trkpt>
      <trkpt lat="19.212011" lon="-98.727651">
        <ele>2770.409</ele>
        <time>2024-08-04T16:51:40.018Z</time>
      </trkpt>
      <trkpt lat="19.212010" lon="-98.727707">
        <ele>2770.613</ele>
        <time>2024-08-04T16:51:45.018Z</time>
      </trkpt>
      <trkpt lat="19.212039" lon="-98.727755">
        <ele>2771.319</ele>
        <time>2024-08-04T16:51:49.019Z</time>
      </trkpt>
      <trkpt lat="19.212050" lon="-98.727804">
        <ele>2771.891</ele>
        <time>2024-08-04T16:51:53.018Z</time>
      </trkpt>
      <trkpt lat="19.212050" lon="-98.727858">
        <ele>2775.720</ele>
        <time>2024-08-04T16:51:58.019Z</time>
      </trkpt>
      <trkpt lat="19.212036" lon="-98.727907">
        <ele>2776.563</ele>
        <time>2024-08-04T16:52:04.018Z</time>
      </trkpt>
      <trkpt lat="19.212001" lon="-98.727945">
        <ele>2777.951</ele>
        <time>2024-08-04T16:52:10.018Z</time>
      </trkpt>
      <trkpt lat="19.211967" lon="-98.727980">
        <ele>2780.694</ele>
        <time>2024-08-04T16:52:16.019Z</time>
      </trkpt>
      <trkpt lat="19.211925" lon="-98.728004">
        <ele>2781.799</ele>
        <time>2024-08-04T16:52:22.019Z</time>
      </trkpt>
      <trkpt lat="19.211889" lon="-98.728044">
        <ele>2782.421</ele>
        <time>2024-08-04T16:52:28.019Z</time>
      </trkpt>
      <trkpt lat="19.211864" lon="-98.728084">
        <ele>2782.935</ele>
        <time>2024-08-04T16:52:33.018Z</time>
      </trkpt>
      <trkpt lat="19.211821" lon="-98.728110">
        <ele>2784.586</ele>
        <time>2024-08-04T16:52:39.018Z</time>
      </trkpt>
      <trkpt lat="19.211779" lon="-98.728140">
        <ele>2785.914</ele>
        <time>2024-08-04T16:52:45.019Z</time>
      </trkpt>
      <trkpt lat="19.211746" lon="-98.728182">
        <ele>2787.409</ele>
        <time>2024-08-04T16:52:51.018Z</time>
      </trkpt>
      <trkpt lat="19.211698" lon="-98.728200">
        <ele>2787.464</ele>
        <time>2024-08-04T16:52:58.018Z</time>
      </trkpt>
      <trkpt lat="19.211649" lon="-98.728211">
        <ele>2787.590</ele>
        <time>2024-08-04T16:53:04.018Z</time>
      </trkpt>
      <trkpt lat="19.211606" lon="-98.728226">
        <ele>2787.642</ele>
        <time>2024-08-04T16:53:08.018Z</time>
      </trkpt>
      <trkpt lat="19.211557" lon="-98.728245">
        <ele>2787.651</ele>
        <time>2024-08-04T16:53:13.018Z</time>
      </trkpt>
      <trkpt lat="19.211524" lon="-98.728278">
        <ele>2787.714</ele>
        <time>2024-08-04T16:53:19.018Z</time>
      </trkpt>
      <trkpt lat="19.211475" lon="-98.728294">
        <ele>2788.782</ele>
        <time>2024-08-04T16:53:26.018Z</time>
      </trkpt>
      <trkpt lat="19.211430" lon="-98.728322">
        <ele>2789.455</ele>
        <time>2024-08-04T16:53:32.018Z</time>
      </trkpt>
      <trkpt lat="19.211400" lon="-98.728367">
        <ele>2789.650</ele>
        <time>2024-08-04T16:53:38.018Z</time>
      </trkpt>
      <trkpt lat="19.211373" lon="-98.728415">
        <ele>2790.642</ele>
        <time>2024-08-04T16:53:43.018Z</time>
      </trkpt>
      <trkpt lat="19.211354" lon="-98.728467">
        <ele>2795.262</ele>
        <time>2024-08-04T16:53:49.019Z</time>
      </trkpt>
      <trkpt lat="19.211348" lon="-98.728519">
        <ele>2799.783</ele>
        <time>2024-08-04T16:53:55.018Z</time>
      </trkpt>
      <trkpt lat="19.211334" lon="-98.728572">
        <ele>2802.611</ele>
        <time>2024-08-04T16:54:02.018Z</time>
      </trkpt>
      <trkpt lat="19.211299" lon="-98.728606">
        <ele>2803.109</ele>
        <time>2024-08-04T16:54:08.018Z</time>
      </trkpt>
      <trkpt lat="19.211271" lon="-98.728648">
        <ele>2804.127</ele>
        <time>2024-08-04T16:54:15.018Z</time>
      </trkpt>
      <trkpt lat="19.211236" lon="-98.728687">
        <ele>2804.723</ele>
        <time>2024-08-04T16:54:23.013Z</time>
      </trkpt>
      <trkpt lat="19.211190" lon="-98.728707">
        <ele>2805.115</ele>
        <time>2024-08-04T16:54:32.019Z</time>
      </trkpt>
      <trkpt lat="19.211155" lon="-98.728738">
        <ele>2805.934</ele>
        <time>2024-08-04T16:54:39.018Z</time>
      </trkpt>
      <trkpt lat="19.211121" lon="-98.728778">
        <ele>2806.777</ele>
        <time>2024-08-04T16:54:46.019Z</time>
      </trkpt>
      <trkpt lat="19.211084" lon="-98.728813">
        <ele>2807.155</ele>
        <time>2024-08-04T16:54:52.019Z</time>
      </trkpt>
      <trkpt lat="19.211060" lon="-98.728856">
        <ele>2808.928</ele>
        <time>2024-08-04T16:54:58.018Z</time>
      </trkpt>
      <trkpt lat="19.211025" lon="-98.728892">
        <ele>2812.383</ele>
        <time>2024-08-04T16:55:05.018Z</time>
      </trkpt>
      <trkpt lat="19.210993" lon="-98.728934">
        <ele>2815.295</ele>
        <time>2024-08-04T16:55:12.017Z</time>
      </trkpt>
      <trkpt lat="19.210967" lon="-98.728978">
        <ele>2815.842</ele>
        <time>2024-08-04T16:55:19.018Z</time>
      </trkpt>
      <trkpt lat="19.210922" lon="-98.728983">
        <ele>2816.622</ele>
        <time>2024-08-04T16:55:28.018Z</time>
      </trkpt>
      <trkpt lat="19.210871" lon="-98.728973">
        <ele>2817.114</ele>
        <time>2024-08-04T16:55:36.018Z</time>
      </trkpt>
      <trkpt lat="19.210822" lon="-98.728972">
        <ele>2817.509</ele>
        <time>2024-08-04T16:55:43.019Z</time>
      </trkpt>
      <trkpt lat="19.210771" lon="-98.728964">
        <ele>2818.585</ele>
        <time>2024-08-04T16:55:50.018Z</time>
      </trkpt>
      <trkpt lat="19.210724" lon="-98.728957">
        <ele>2818.741</ele>
        <time>2024-08-04T16:55:56.018Z</time>
      </trkpt>
      <trkpt lat="19.210676" lon="-98.728962">
        <ele>2820.543</ele>
        <time>2024-08-04T16:56:01.018Z</time>
      </trkpt>
      <trkpt lat="19.210627" lon="-98.728969">
        <ele>2821.212</ele>
        <time>2024-08-04T16:56:06.018Z</time>
      </trkpt>
      <trkpt lat="19.210580" lon="-98.728972">
        <ele>2822.085</ele>
        <time>2024-08-04T16:56:11.019Z</time>
      </trkpt>
      <trkpt lat="19.210535" lon="-98.728975">
        <ele>2822.423</ele>
        <time>2024-08-04T16:56:16.018Z</time>
      </trkpt>
      <trkpt lat="19.210490" lon="-98.728982">
        <ele>2823.056</ele>
        <time>2024-08-04T16:56:21.017Z</time>
      </trkpt>
      <trkpt lat="19.210442" lon="-98.728976">
        <ele>2827.481</ele>
        <time>2024-08-04T16:56:27.016Z</time>
      </trkpt>
      <trkpt lat="19.210396" lon="-98.728979">
        <ele>2830.373</ele>
        <time>2024-08-04T16:56:32.016Z</time>
      </trkpt>
      <trkpt lat="19.210352" lon="-98.728992">
        <ele>2832.027</ele>
        <time>2024-08-04T16:56:37.016Z</time>
      </trkpt>
      <trkpt lat="19.210304" lon="-98.729000">
        <ele>2832.268</ele>
        <time>2024-08-04T16:56:42.019Z</time>
      </trkpt>
      <trkpt lat="19.210250" lon="-98.728986">
        <ele>2832.514</ele>
        <time>2024-08-04T16:56:47.018Z</time>
      </trkpt>
      <trkpt lat="19.210202" lon="-98.728973">
        <ele>2833.009</ele>
        <time>2024-08-04T16:56:52.019Z</time>
      </trkpt>
      <trkpt lat="19.210160" lon="-98.728951">
        <ele>2833.443</ele>
        <time>2024-08-04T16:56:58.019Z</time>
      </trkpt>
      <trkpt lat="19.210117" lon="-98.728933">
        <ele>2833.859</ele>
        <time>2024-08-04T16:57:04.018Z</time>
      </trkpt>
      <trkpt lat="19.210078" lon="-98.728909">
        <ele>2834.431</ele>
        <time>2024-08-04T16:57:12.018Z</time>
      </trkpt>
      <trkpt lat="19.210033" lon="-98.728891">
        <ele>2835.120</ele>
        <time>2024-08-04T16:57:22.019Z</time>
      </trkpt>
      <trkpt lat="19.209982" lon="-98.728873">
        <ele>2835.413</ele>
        <time>2024-08-04T16:57:30.019Z</time>
      </trkpt>
      <trkpt lat="19.209939" lon="-98.728844">
        <ele>2836.011</ele>
        <time>2024-08-04T16:57:36.018Z</time>
      </trkpt>
      <trkpt lat="19.209892" lon="-98.728819">
        <ele>2836.424</ele>
        <time>2024-08-04T16:57:44.018Z</time>
      </trkpt>
      <trkpt lat="19.209848" lon="-98.728785">
        <ele>2837.489</ele>
        <time>2024-08-04T16:57:53.019Z</time>
      </trkpt>
      <trkpt lat="19.209795" lon="-98.728772">
        <ele>2839.631</ele>
        <time>2024-08-04T16:57:59.019Z</time>
      </trkpt>
      <trkpt lat="19.209753" lon="-98.728745">
        <ele>2844.795</ele>
        <time>2024-08-04T16:58:10.018Z</time>
      </trkpt>
      <trkpt lat="19.209730" lon="-98.728701">
        <ele>2845.449</ele>
        <time>2024-08-04T16:58:21.018Z</time>
      </trkpt>
      <trkpt lat="19.209730" lon="-98.728651">
        <ele>2846.123</ele>
        <time>2024-08-04T16:58:30.018Z</time>
      </trkpt>
      <trkpt lat="19.209719" lon="-98.728605">
        <ele>2854.809</ele>
        <time>2024-08-04T16:58:50.018Z</time>
      </trkpt>
      <trkpt lat="19.209738" lon="-98.728559">
        <ele>2855.420</ele>
        <time>2024-08-04T16:59:21.018Z</time>
      </trkpt>
      <trkpt lat="19.209716" lon="-98.728513">
        <ele>2855.426</ele>
        <time>2024-08-04T16:59:30.019Z</time>
      </trkpt>
      <trkpt lat="19.209667" lon="-98.728513">
        <ele>2855.018</ele>
        <time>2024-08-04T16:59:46.018Z</time>
      </trkpt>
      <trkpt lat="19.209621" lon="-98.728497">
        <ele>2855.417</ele>
        <time>2024-08-04T17:00:03.018Z</time>
      </trkpt>
      <trkpt lat="19.209629" lon="-98.728446">
        <ele>2858.620</ele>
        <time>2024-08-04T17:00:11.018Z</time>
      </trkpt>
      <trkpt lat="19.209669" lon="-98.728420">
        <ele>2872.978</ele>
        <time>2024-08-04T17:01:05.018Z</time>
      </trkpt>
      <trkpt lat="19.209672" lon="-98.728369">
        <ele>2876.491</ele>
        <time>2024-08-04T17:01:16.019Z</time>
      </trkpt>
      <trkpt lat="19.209653" lon="-98.728320">
        <ele>2878.226</ele>
        <time>2024-08-04T17:01:30.018Z</time>
      </trkpt>
      <trkpt lat="19.209613" lon="-98.728346">
        <ele>2880.698</ele>
        <time>2024-08-04T17:01:45.018Z</time>
      </trkpt>
      <trkpt lat="19.209570" lon="-98.728333">
        <ele>2881.516</ele>
        <time>2024-08-04T17:01:54.018Z</time>
      </trkpt>
      <trkpt lat="19.209611" lon="-98.728309">
        <ele>2882.976</ele>
        <time>2024-08-04T17:02:07.018Z</time>
      </trkpt>
      <trkpt lat="19.209659" lon="-98.728314">
        <ele>2883.613</ele>
        <time>2024-08-04T17:02:13.019Z</time>
      </trkpt>
      <trkpt lat="19.209704" lon="-98.728307">
        <ele>2883.709</ele>
        <time>2024-08-04T17:02:20.018Z</time>
      </trkpt>
      <trkpt lat="19.209751" lon="-98.728315">
        <ele>2883.752</ele>
        <time>2024-08-04T17:02:27.018Z</time>
      </trkpt>
      <trkpt lat="19.209790" lon="-98.728289">
        <ele>2884.478</ele>
        <time>2024-08-04T17:02:34.018Z</time>
      </trkpt>
      <trkpt lat="19.209839" lon="-98.728303">
        <ele>2884.430</ele>
        <time>2024-08-04T17:02:40.018Z</time>
      </trkpt>
      <trkpt lat="19.209885" lon="-98.728319">
        <ele>2884.679</ele>
        <time>2024-08-04T17:02:45.018Z</time>
      </trkpt>
      <trkpt lat="19.209929" lon="-98.728342">
        <ele>2885.072</ele>
        <time>2024-08-04T17:02:50.018Z</time>
      </trkpt>
      <trkpt lat="19.209979" lon="-98.728350">
        <ele>2885.740</ele>
        <time>2024-08-04T17:02:56.018Z</time>
      </trkpt>
      <trkpt lat="19.210030" lon="-98.728351">
        <ele>2886.033</ele>
        <time>2024-08-04T17:03:03.018Z</time>
      </trkpt>
      <trkpt lat="19.210076" lon="-98.728363">
        <ele>2887.598</ele>
        <time>2024-08-04T17:03:09.018Z</time>
      </trkpt>
      <trkpt lat="19.210113" lon="-98.728335">
        <ele>2887.730</ele>
        <time>2024-08-04T17:03:15.018Z</time>
      </trkpt>
      <trkpt lat="19.210155" lon="-98.728310">
        <ele>2887.718</ele>
        <time>2024-08-04T17:03:22.019Z</time>
      </trkpt>
      <trkpt lat="19.210191" lon="-98.728278">
        <ele>2887.498</ele>
        <time>2024-08-04T17:03:28.018Z</time>
      </trkpt>
      <trkpt lat="19.210229" lon="-98.728244">
        <ele>2883.317</ele>
        <time>2024-08-04T17:03:35.018Z</time>
      </trkpt>
      <trkpt lat="19.210242" lon="-98.728189">
        <ele>2881.809</ele>
        <time>2024-08-04T17:03:40.019Z</time>
      </trkpt>
      <trkpt lat="19.210259" lon="-98.728141">
        <ele>2879.872</ele>
        <time>2024-08-04T17:03:45.018Z</time>
      </trkpt>
      <trkpt lat="19.210252" lon="-98.728087">
        <ele>2879.328</ele>
        <time>2024-08-04T17:03:51.019Z</time>
      </trkpt>
      <trkpt lat="19.210240" lon="-98.728038">
        <ele>2879.140</ele>
        <time>2024-08-04T17:03:56.019Z</time>
      </trkpt>
      <trkpt lat="19.210230" lon="-98.727991">
        <ele>2879.189</ele>
        <time>2024-08-04T17:04:01.018Z</time>
      </trkpt>
      <trkpt lat="19.210223" lon="-98.727940">
        <ele>2878.852</ele>
        <time>2024-08-04T17:04:06.018Z</time>
      </trkpt>
      <trkpt lat="19.210203" lon="-98.727892">
        <ele>2879.160</ele>
        <time>2024-08-04T17:04:12.018Z</time>
      </trkpt>
      <trkpt lat="19.210189" lon="-98.727843">
        <ele>2878.933</ele>
        <time>2024-08-04T17:04:18.018Z</time>
      </trkpt>
      <trkpt lat="19.210173" lon="-98.727791">
        <ele>2879.138</ele>
        <time>2024-08-04T17:04:25.019Z</time>
      </trkpt>
      <trkpt lat="19.210157" lon="-98.727743">
        <ele>2879.630</ele>
        <time>2024-08-04T17:04:32.018Z</time>
      </trkpt>
      <trkpt lat="19.210155" lon="-98.727692">
        <ele>2881.043</ele>
        <time>2024-08-04T17:04:38.018Z</time>
      </trkpt>
      <trkpt lat="19.210174" lon="-98.727638">
        <ele>2883.464</ele>
        <time>2024-08-04T17:04:44.018Z</time>
      </trkpt>
      <trkpt lat="19.210203" lon="-98.727600">
        <ele>2884.210</ele>
        <time>2024-08-04T17:04:48.018Z</time>
      </trkpt>
      <trkpt lat="19.210235" lon="-98.727562">
        <ele>2887.309</ele>
        <time>2024-08-04T17:04:53.018Z</time>
      </trkpt>
      <trkpt lat="19.210271" lon="-98.727521">
        <ele>2889.345</ele>
        <time>2024-08-04T17:04:59.018Z</time>
      </trkpt>
      <trkpt lat="19.210315" lon="-98.727497">
        <ele>2893.311</ele>
        <time>2024-08-04T17:05:04.018Z</time>
      </trkpt>
      <trkpt lat="19.210357" lon="-98.727459">
        <ele>2894.543</ele>
        <time>2024-08-04T17:05:10.019Z</time>
      </trkpt>
      <trkpt lat="19.210402" lon="-98.727444">
        <ele>2895.682</ele>
        <time>2024-08-04T17:05:15.019Z</time>
      </trkpt>
      <trkpt lat="19.210435" lon="-98.727403">
        <ele>2898.175</ele>
        <time>2024-08-04T17:05:21.019Z</time>
      </trkpt>
      <trkpt lat="19.210471" lon="-98.727367">
        <ele>2899.213</ele>
        <time>2024-08-04T17:05:28.018Z</time>
      </trkpt>
      <trkpt lat="19.210516" lon="-98.727347">
        <ele>2901.476</ele>
        <time>2024-08-04T17:05:33.019Z</time>
      </trkpt>
      <trkpt lat="19.210563" lon="-98.727327">
        <ele>2902.141</ele>
        <time>2024-08-04T17:05:38.019Z</time>
      </trkpt>
      <trkpt lat="19.210610" lon="-98.727306">
        <ele>2902.963</ele>
        <time>2024-08-04T17:05:44.018Z</time>
      </trkpt>
      <trkpt lat="19.210651" lon="-98.727283">
        <ele>2903.123</ele>
        <time>2024-08-04T17:05:51.018Z</time>
      </trkpt>
      <trkpt lat="19.210687" lon="-98.727252">
        <ele>2903.583</ele>
        <time>2024-08-04T17:05:57.019Z</time>
      </trkpt>
      <trkpt lat="19.210678" lon="-98.727204">
        <ele>2903.711</ele>
        <time>2024-08-04T17:06:04.018Z</time>
      </trkpt>
      <trkpt lat="19.210617" lon="-98.727193">
        <ele>2906.309</ele>
        <time>2024-08-04T17:06:18.019Z</time>
      </trkpt>
      <trkpt lat="19.210573" lon="-98.727212">
        <ele>2910.043</ele>
        <time>2024-08-04T17:06:22.019Z</time>
      </trkpt>
      <trkpt lat="19.210514" lon="-98.727220">
        <ele>2913.299</ele>
        <time>2024-08-04T17:06:26.018Z</time>
      </trkpt>
      <trkpt lat="19.210465" lon="-98.727226">
        <ele>2913.891</ele>
        <time>2024-08-04T17:06:31.018Z</time>
      </trkpt>
      <trkpt lat="19.210415" lon="-98.727234">
        <ele>2912.460</ele>
        <time>2024-08-04T17:06:40.017Z</time>
      </trkpt>
      <trkpt lat="19.210369" lon="-98.727263">
        <ele>2912.133</ele>
        <time>2024-08-04T17:06:45.018Z</time>
      </trkpt>
      <trkpt lat="19.210307" lon="-98.727273">
        <ele>2911.561</ele>
        <time>2024-08-04T17:06:52.005Z</time>
      </trkpt>
      <trkpt lat="19.210258" lon="-98.727276">
        <ele>2910.744</ele>
        <time>2024-08-04T17:06:57.245Z</time>
      </trkpt>
      <trkpt lat="19.210209" lon="-98.727287">
        <ele>2910.679</ele>
        <time>2024-08-04T17:07:02.018Z</time>
      </trkpt>
      <trkpt lat="19.210165" lon="-98.727300">
        <ele>2910.461</ele>
        <time>2024-08-04T17:07:07.018Z</time>
      </trkpt>
      <trkpt lat="19.210115" lon="-98.727313">
        <ele>2910.096</ele>
        <time>2024-08-04T17:07:13.018Z</time>
      </trkpt>
      <trkpt lat="19.210073" lon="-98.727348">
        <ele>2910.431</ele>
        <time>2024-08-04T17:07:19.018Z</time>
      </trkpt>
      <trkpt lat="19.210039" lon="-98.727381">
        <ele>2910.724</ele>
        <time>2024-08-04T17:07:25.018Z</time>
      </trkpt>
      <trkpt lat="19.209995" lon="-98.727405">
        <ele>2910.809</ele>
        <time>2024-08-04T17:07:31.018Z</time>
      </trkpt>
      <trkpt lat="19.209950" lon="-98.727423">
        <ele>2913.760</ele>
        <time>2024-08-04T17:07:37.019Z</time>
      </trkpt>
      <trkpt lat="19.209901" lon="-98.727444">
        <ele>2914.576</ele>
        <time>2024-08-04T17:07:44.018Z</time>
      </trkpt>
      <trkpt lat="19.209858" lon="-98.727474">
        <ele>2915.438</ele>
        <time>2024-08-04T17:07:51.018Z</time>
      </trkpt>
      <trkpt lat="19.209816" lon="-98.727503">
        <ele>2915.527</ele>
        <time>2024-08-04T17:07:57.019Z</time>
      </trkpt>
      <trkpt lat="19.209781" lon="-98.727536">
        <ele>2915.580</ele>
        <time>2024-08-04T17:08:02.018Z</time>
      </trkpt>
      <trkpt lat="19.209747" lon="-98.727569">
        <ele>2915.558</ele>
        <time>2024-08-04T17:08:08.019Z</time>
      </trkpt>
      <trkpt lat="19.209702" lon="-98.727580">
        <ele>2915.971</ele>
        <time>2024-08-04T17:08:16.018Z</time>
      </trkpt>
      <trkpt lat="19.209654" lon="-98.727575">
        <ele>2917.176</ele>
        <time>2024-08-04T17:08:28.018Z</time>
      </trkpt>
      <trkpt lat="19.209625" lon="-98.727537">
        <ele>2918.878</ele>
        <time>2024-08-04T17:08:38.018Z</time>
      </trkpt>
      <trkpt lat="19.209593" lon="-98.727502">
        <ele>2921.641</ele>
        <time>2024-08-04T17:08:46.018Z</time>
      </trkpt>
      <trkpt lat="19.209561" lon="-98.727464">
        <ele>2923.581</ele>
        <time>2024-08-04T17:08:53.018Z</time>
      </trkpt>
      <trkpt lat="19.209513" lon="-98.727446">
        <ele>2927.009</ele>
        <time>2024-08-04T17:08:59.019Z</time>
      </trkpt>
      <trkpt lat="19.209466" lon="-98.727445">
        <ele>2932.709</ele>
        <time>2024-08-04T17:09:03.018Z</time>
      </trkpt>
      <trkpt lat="19.209415" lon="-98.727449">
        <ele>2939.165</ele>
        <time>2024-08-04T17:09:08.019Z</time>
      </trkpt>
      <trkpt lat="19.209363" lon="-98.727452">
        <ele>2944.741</ele>
        <time>2024-08-04T17:09:13.018Z</time>
      </trkpt>
      <trkpt lat="19.209317" lon="-98.727462">
        <ele>2945.653</ele>
        <time>2024-08-04T17:09:17.019Z</time>
      </trkpt>
      <trkpt lat="19.209264" lon="-98.727469">
        <ele>2945.782</ele>
        <time>2024-08-04T17:09:22.018Z</time>
      </trkpt>
      <trkpt lat="19.209224" lon="-98.727495">
        <ele>2945.795</ele>
        <time>2024-08-04T17:09:26.018Z</time>
      </trkpt>
      <trkpt lat="19.209180" lon="-98.727517">
        <ele>2945.223</ele>
        <time>2024-08-04T17:09:31.019Z</time>
      </trkpt>
      <trkpt lat="19.209129" lon="-98.727523">
        <ele>2942.796</ele>
        <time>2024-08-04T17:09:55.019Z</time>
      </trkpt>
      <trkpt lat="19.209082" lon="-98.727541">
        <ele>2942.781</ele>
        <time>2024-08-04T17:10:01.019Z</time>
      </trkpt>
      <trkpt lat="19.209037" lon="-98.727546">
        <ele>2942.713</ele>
        <time>2024-08-04T17:10:06.018Z</time>
      </trkpt>
      <trkpt lat="19.208988" lon="-98.727548">
        <ele>2942.518</ele>
        <time>2024-08-04T17:10:11.018Z</time>
      </trkpt>
      <trkpt lat="19.208933" lon="-98.727549">
        <ele>2942.598</ele>
        <time>2024-08-04T17:10:16.018Z</time>
      </trkpt>
      <trkpt lat="19.208883" lon="-98.727569">
        <ele>2940.817</ele>
        <time>2024-08-04T17:10:21.018Z</time>
      </trkpt>
      <trkpt lat="19.208839" lon="-98.727595">
        <ele>2940.809</ele>
        <time>2024-08-04T17:10:26.018Z</time>
      </trkpt>
      <trkpt lat="19.208793" lon="-98.727625">
        <ele>2940.562</ele>
        <time>2024-08-04T17:10:31.018Z</time>
      </trkpt>
      <trkpt lat="19.208748" lon="-98.727656">
        <ele>2943.298</ele>
        <time>2024-08-04T17:10:36.018Z</time>
      </trkpt>
      <trkpt lat="19.208719" lon="-98.727702">
        <ele>2944.190</ele>
        <time>2024-08-04T17:10:41.019Z</time>
      </trkpt>
      <trkpt lat="19.208685" lon="-98.727734">
        <ele>2946.459</ele>
        <time>2024-08-04T17:10:48.018Z</time>
      </trkpt>
      <trkpt lat="19.208638" lon="-98.727740">
        <ele>2947.812</ele>
        <time>2024-08-04T17:10:54.018Z</time>
      </trkpt>
      <trkpt lat="19.208590" lon="-98.727760">
        <ele>2950.030</ele>
        <time>2024-08-04T17:11:01.018Z</time>
      </trkpt>
      <trkpt lat="19.208537" lon="-98.727762">
        <ele>2950.653</ele>
        <time>2024-08-04T17:11:08.019Z</time>
      </trkpt>
      <trkpt lat="19.208491" lon="-98.727762">
        <ele>2951.128</ele>
        <time>2024-08-04T17:11:14.018Z</time>
      </trkpt>
      <trkpt lat="19.208444" lon="-98.727777">
        <ele>2951.530</ele>
        <time>2024-08-04T17:11:20.017Z</time>
      </trkpt>
      <trkpt lat="19.208397" lon="-98.727794">
        <ele>2951.818</ele>
        <time>2024-08-04T17:11:26.017Z</time>
      </trkpt>
      <trkpt lat="19.208351" lon="-98.727808">
        <ele>2951.798</ele>
        <time>2024-08-04T17:11:31.017Z</time>
      </trkpt>
      <trkpt lat="19.208309" lon="-98.727831">
        <ele>2951.317</ele>
        <time>2024-08-04T17:11:36.018Z</time>
      </trkpt>
      <trkpt lat="19.208268" lon="-98.727857">
        <ele>2951.709</ele>
        <time>2024-08-04T17:11:41.018Z</time>
      </trkpt>
      <trkpt lat="19.208225" lon="-98.727884">
        <ele>2952.152</ele>
        <time>2024-08-04T17:11:47.018Z</time>
      </trkpt>
      <trkpt lat="19.208189" lon="-98.727916">
        <ele>2953.628</ele>
        <time>2024-08-04T17:11:52.017Z</time>
      </trkpt>
      <trkpt lat="19.208149" lon="-98.727942">
        <ele>2955.650</ele>
        <time>2024-08-04T17:11:57.017Z</time>
      </trkpt>
      <trkpt lat="19.208118" lon="-98.727977">
        <ele>2957.459</ele>
        <time>2024-08-04T17:12:02.017Z</time>
      </trkpt>
      <trkpt lat="19.208107" lon="-98.728024">
        <ele>2957.422</ele>
        <time>2024-08-04T17:12:07.018Z</time>
      </trkpt>
      <trkpt lat="19.208093" lon="-98.728074">
        <ele>2957.470</ele>
        <time>2024-08-04T17:12:13.017Z</time>
      </trkpt>
      <trkpt lat="19.208090" lon="-98.728124">
        <ele>2956.673</ele>
        <time>2024-08-04T17:12:18.018Z</time>
      </trkpt>
      <trkpt lat="19.208088" lon="-98.728182">
        <ele>2954.798</ele>
        <time>2024-08-04T17:12:24.017Z</time>
      </trkpt>
      <trkpt lat="19.208072" lon="-98.728230">
        <ele>2955.440</ele>
        <time>2024-08-04T17:12:38.017Z</time>
      </trkpt>
      <trkpt lat="19.208077" lon="-98.728280">
        <ele>2954.757</ele>
        <time>2024-08-04T17:12:46.017Z</time>
      </trkpt>
      <trkpt lat="19.208091" lon="-98.728330">
        <ele>2954.000</ele>
        <time>2024-08-04T17:12:57.022Z</time>
      </trkpt>
      <trkpt lat="19.208109" lon="-98.728376">
        <ele>2953.920</ele>
        <time>2024-08-04T17:13:04.021Z</time>
      </trkpt>
      <trkpt lat="19.208118" lon="-98.728423">
        <ele>2949.509</ele>
        <time>2024-08-04T17:13:11.019Z</time>
      </trkpt>
      <trkpt lat="19.208115" lon="-98.728478">
        <ele>2948.736</ele>
        <time>2024-08-04T17:13:18.014Z</time>
      </trkpt>
      <trkpt lat="19.208096" lon="-98.728527">
        <ele>2948.342</ele>
        <time>2024-08-04T17:13:24.024Z</time>
      </trkpt>
      <trkpt lat="19.208070" lon="-98.728571">
        <ele>2947.444</ele>
        <time>2024-08-04T17:13:30.014Z</time>
      </trkpt>
      <trkpt lat="19.208045" lon="-98.728612">
        <ele>2947.183</ele>
        <time>2024-08-04T17:13:35.012Z</time>
      </trkpt>
      <trkpt lat="19.208017" lon="-98.728657">
        <ele>2946.416</ele>
        <time>2024-08-04T17:13:40.020Z</time>
      </trkpt>
      <trkpt lat="19.207991" lon="-98.728700">
        <ele>2943.824</ele>
        <time>2024-08-04T17:13:45.021Z</time>
      </trkpt>
      <trkpt lat="19.207955" lon="-98.728737">
        <ele>2943.637</ele>
        <time>2024-08-04T17:13:51.015Z</time>
      </trkpt>
      <trkpt lat="19.207913" lon="-98.728772">
        <ele>2943.552</ele>
        <time>2024-08-04T17:13:57.025Z</time>
      </trkpt>
      <trkpt lat="19.207874" lon="-98.728798">
        <ele>2943.864</ele>
        <time>2024-08-04T17:14:02.022Z</time>
      </trkpt>
      <trkpt lat="19.207829" lon="-98.728824">
        <ele>2945.566</ele>
        <time>2024-08-04T17:14:08.019Z</time>
      </trkpt>
      <trkpt lat="19.207785" lon="-98.728856">
        <ele>2946.629</ele>
        <time>2024-08-04T17:14:13.023Z</time>
      </trkpt>
      <trkpt lat="19.207740" lon="-98.728875">
        <ele>2947.021</ele>
        <time>2024-08-04T17:14:18.016Z</time>
      </trkpt>
      <trkpt lat="19.207699" lon="-98.728852">
        <ele>2948.109</ele>
        <time>2024-08-04T17:14:26.018Z</time>
      </trkpt>
      <trkpt lat="19.207672" lon="-98.728809">
        <ele>2949.937</ele>
        <time>2024-08-04T17:14:35.023Z</time>
      </trkpt>
      <trkpt lat="19.207690" lon="-98.728765">
        <ele>2951.893</ele>
        <time>2024-08-04T17:14:41.012Z</time>
      </trkpt>
      <trkpt lat="19.207722" lon="-98.728727">
        <ele>2954.435</ele>
        <time>2024-08-04T17:14:49.022Z</time>
      </trkpt>
      <trkpt lat="19.207763" lon="-98.728703">
        <ele>2955.344</ele>
        <time>2024-08-04T17:15:12.016Z</time>
      </trkpt>
      <trkpt lat="19.207786" lon="-98.728661">
        <ele>2955.357</ele>
        <time>2024-08-04T17:15:21.015Z</time>
      </trkpt>
      <trkpt lat="19.207787" lon="-98.728608">
        <ele>2955.375</ele>
        <time>2024-08-04T17:15:30.012Z</time>
      </trkpt>
      <trkpt lat="19.207807" lon="-98.728557">
        <ele>2955.658</ele>
        <time>2024-08-04T17:15:36.020Z</time>
      </trkpt>
      <trkpt lat="19.207819" lon="-98.728510">
        <ele>2956.353</ele>
        <time>2024-08-04T17:15:41.023Z</time>
      </trkpt>
      <trkpt lat="19.207823" lon="-98.728458">
        <ele>2959.065</ele>
        <time>2024-08-04T17:15:46.020Z</time>
      </trkpt>
      <trkpt lat="19.207807" lon="-98.728406">
        <ele>2959.551</ele>
        <time>2024-08-04T17:15:51.019Z</time>
      </trkpt>
      <trkpt lat="19.207787" lon="-98.728353">
        <ele>2959.601</ele>
        <time>2024-08-04T17:15:56.024Z</time>
      </trkpt>
      <trkpt lat="19.207778" lon="-98.728299">
        <ele>2958.511</ele>
        <time>2024-08-04T17:16:01.021Z</time>
      </trkpt>
      <trkpt lat="19.207762" lon="-98.728249">
        <ele>2957.309</ele>
        <time>2024-08-04T17:16:06.014Z</time>
      </trkpt>
      <trkpt lat="19.207743" lon="-98.728200">
        <ele>2957.376</ele>
        <time>2024-08-04T17:16:11.020Z</time>
      </trkpt>
      <trkpt lat="19.207737" lon="-98.728148">
        <ele>2957.732</ele>
        <time>2024-08-04T17:16:16.023Z</time>
      </trkpt>
      <trkpt lat="19.207721" lon="-98.728101">
        <ele>2960.334</ele>
        <time>2024-08-04T17:16:21.013Z</time>
      </trkpt>
      <trkpt lat="19.207696" lon="-98.728057">
        <ele>2963.093</ele>
        <time>2024-08-04T17:16:27.018Z</time>
      </trkpt>
      <trkpt lat="19.207650" lon="-98.728073">
        <ele>2966.896</ele>
        <time>2024-08-04T17:16:35.016Z</time>
      </trkpt>
      <trkpt lat="19.207643" lon="-98.728127">
        <ele>2968.214</ele>
        <time>2024-08-04T17:16:40.021Z</time>
      </trkpt>
      <trkpt lat="19.207648" lon="-98.728181">
        <ele>2969.857</ele>
        <time>2024-08-04T17:16:46.017Z</time>
      </trkpt>
      <trkpt lat="19.207670" lon="-98.728227">
        <ele>2972.212</ele>
        <time>2024-08-04T17:16:50.019Z</time>
      </trkpt>
      <trkpt lat="19.207690" lon="-98.728274">
        <ele>2973.454</ele>
        <time>2024-08-04T17:16:55.022Z</time>
      </trkpt>
      <trkpt lat="19.207712" lon="-98.728323">
        <ele>2973.544</ele>
        <time>2024-08-04T17:17:00.016Z</time>
      </trkpt>
      <trkpt lat="19.207720" lon="-98.728370">
        <ele>2973.805</ele>
        <time>2024-08-04T17:17:04.014Z</time>
      </trkpt>
      <trkpt lat="19.207712" lon="-98.728421">
        <ele>2973.915</ele>
        <time>2024-08-04T17:17:09.021Z</time>
      </trkpt>
      <trkpt lat="19.207693" lon="-98.728472">
        <ele>2974.809</ele>
        <time>2024-08-04T17:17:14.023Z</time>
      </trkpt>
      <trkpt lat="19.207665" lon="-98.728514">
        <ele>2974.825</ele>
        <time>2024-08-04T17:17:18.023Z</time>
      </trkpt>
      <trkpt lat="19.207626" lon="-98.728553">
        <ele>2974.821</ele>
        <time>2024-08-04T17:17:23.021Z</time>
      </trkpt>
      <trkpt lat="19.207586" lon="-98.728588">
        <ele>2974.833</ele>
        <time>2024-08-04T17:17:29.019Z</time>
      </trkpt>
      <trkpt lat="19.207538" lon="-98.728616">
        <ele>2974.822</ele>
        <time>2024-08-04T17:17:35.017Z</time>
      </trkpt>
      <trkpt lat="19.207491" lon="-98.728637">
        <ele>2974.975</ele>
        <time>2024-08-04T17:17:41.020Z</time>
      </trkpt>
      <trkpt lat="19.207446" lon="-98.728663">
        <ele>2976.433</ele>
        <time>2024-08-04T17:17:46.012Z</time>
      </trkpt>
      <trkpt lat="19.207401" lon="-98.728674">
        <ele>2977.076</ele>
        <time>2024-08-04T17:17:51.017Z</time>
      </trkpt>
      <trkpt lat="19.207353" lon="-98.728685">
        <ele>2977.371</ele>
        <time>2024-08-04T17:17:56.013Z</time>
      </trkpt>
      <trkpt lat="19.207305" lon="-98.728706">
        <ele>2978.093</ele>
        <time>2024-08-04T17:18:02.013Z</time>
      </trkpt>
      <trkpt lat="19.207263" lon="-98.728725">
        <ele>2978.627</ele>
        <time>2024-08-04T17:18:35.013Z</time>
      </trkpt>
      <trkpt lat="19.207218" lon="-98.728744">
        <ele>2978.768</ele>
        <time>2024-08-04T17:18:42.013Z</time>
      </trkpt>
      <trkpt lat="19.207180" lon="-98.728777">
        <ele>2978.714</ele>
        <time>2024-08-04T17:18:48.013Z</time>
      </trkpt>
      <trkpt lat="19.207139" lon="-98.728801">
        <ele>2978.709</ele>
        <time>2024-08-04T17:18:53.013Z</time>
      </trkpt>
      <trkpt lat="19.207096" lon="-98.728826">
        <ele>2978.713</ele>
        <time>2024-08-04T17:18:58.013Z</time>
      </trkpt>
      <trkpt lat="19.207048" lon="-98.728846">
        <ele>2981.089</ele>
        <time>2024-08-04T17:19:03.013Z</time>
      </trkpt>
      <trkpt lat="19.207005" lon="-98.728883">
        <ele>2982.781</ele>
        <time>2024-08-04T17:19:08.013Z</time>
      </trkpt>
      <trkpt lat="19.206968" lon="-98.728923">
        <ele>2984.430</ele>
        <time>2024-08-04T17:19:13.013Z</time>
      </trkpt>
      <trkpt lat="19.206932" lon="-98.728958">
        <ele>2985.443</ele>
        <time>2024-08-04T17:19:18.013Z</time>
      </trkpt>
      <trkpt lat="19.206899" lon="-98.729000">
        <ele>2985.511</ele>
        <time>2024-08-04T17:19:23.013Z</time>
      </trkpt>
      <trkpt lat="19.206859" lon="-98.729032">
        <ele>2985.684</ele>
        <time>2024-08-04T17:19:28.013Z</time>
      </trkpt>
      <trkpt lat="19.206815" lon="-98.729061">
        <ele>2985.599</ele>
        <time>2024-08-04T17:19:33.013Z</time>
      </trkpt>
      <trkpt lat="19.206774" lon="-98.729106">
        <ele>2985.031</ele>
        <time>2024-08-04T17:19:43.013Z</time>
      </trkpt>
      <trkpt lat="19.206738" lon="-98.729141">
        <ele>2984.593</ele>
        <time>2024-08-04T17:19:47.013Z</time>
      </trkpt>
      <trkpt lat="19.206700" lon="-98.729170">
        <ele>2984.565</ele>
        <time>2024-08-04T17:19:52.013Z</time>
      </trkpt>
      <trkpt lat="19.206667" lon="-98.729210">
        <ele>2984.421</ele>
        <time>2024-08-04T17:19:57.013Z</time>
      </trkpt>
      <trkpt lat="19.206637" lon="-98.729255">
        <ele>2984.509</ele>
        <time>2024-08-04T17:20:02.013Z</time>
      </trkpt>
      <trkpt lat="19.206617" lon="-98.729306">
        <ele>2985.350</ele>
        <time>2024-08-04T17:20:07.013Z</time>
      </trkpt>
      <trkpt lat="19.206606" lon="-98.729357">
        <ele>2987.686</ele>
        <time>2024-08-04T17:20:11.013Z</time>
      </trkpt>
      <trkpt lat="19.206589" lon="-98.729405">
        <ele>2987.938</ele>
        <time>2024-08-04T17:20:15.013Z</time>
      </trkpt>
      <trkpt lat="19.206571" lon="-98.729459">
        <ele>2987.947</ele>
        <time>2024-08-04T17:20:20.013Z</time>
      </trkpt>
      <trkpt lat="19.206551" lon="-98.729509">
        <ele>2986.790</ele>
        <time>2024-08-04T17:20:25.013Z</time>
      </trkpt>
      <trkpt lat="19.206518" lon="-98.729542">
        <ele>2986.438</ele>
        <time>2024-08-04T17:20:29.013Z</time>
      </trkpt>
      <trkpt lat="19.206487" lon="-98.729587">
        <ele>2986.491</ele>
        <time>2024-08-04T17:20:34.013Z</time>
      </trkpt>
      <trkpt lat="19.206454" lon="-98.729630">
        <ele>2986.556</ele>
        <time>2024-08-04T17:20:39.013Z</time>
      </trkpt>
      <trkpt lat="19.206429" lon="-98.729684">
        <ele>2986.658</ele>
        <time>2024-08-04T17:20:44.013Z</time>
      </trkpt>
      <trkpt lat="19.206415" lon="-98.729741">
        <ele>2987.596</ele>
        <time>2024-08-04T17:20:48.013Z</time>
      </trkpt>
      <trkpt lat="19.206410" lon="-98.729799">
        <ele>2988.031</ele>
        <time>2024-08-04T17:20:52.013Z</time>
      </trkpt>
      <trkpt lat="19.206406" lon="-98.729854">
        <ele>2988.224</ele>
        <time>2024-08-04T17:20:56.013Z</time>
      </trkpt>
      <trkpt lat="19.206416" lon="-98.729908">
        <ele>2988.709</ele>
        <time>2024-08-04T17:21:00.013Z</time>
      </trkpt>
      <trkpt lat="19.206406" lon="-98.729957">
        <ele>2990.860</ele>
        <time>2024-08-04T17:21:04.013Z</time>
      </trkpt>
      <trkpt lat="19.206378" lon="-98.730006">
        <ele>2991.326</ele>
        <time>2024-08-04T17:21:09.013Z</time>
      </trkpt>
      <trkpt lat="19.206346" lon="-98.730049">
        <ele>2992.058</ele>
        <time>2024-08-04T17:21:14.013Z</time>
      </trkpt>
      <trkpt lat="19.206309" lon="-98.730080">
        <ele>2992.647</ele>
        <time>2024-08-04T17:21:19.013Z</time>
      </trkpt>
      <trkpt lat="19.206270" lon="-98.730108">
        <ele>2993.860</ele>
        <time>2024-08-04T17:21:24.013Z</time>
      </trkpt>
      <trkpt lat="19.206229" lon="-98.730141">
        <ele>2994.768</ele>
        <time>2024-08-04T17:21:30.013Z</time>
      </trkpt>
      <trkpt lat="19.206190" lon="-98.730169">
        <ele>2995.071</ele>
        <time>2024-08-04T17:21:36.013Z</time>
      </trkpt>
      <trkpt lat="19.206145" lon="-98.730179">
        <ele>2995.356</ele>
        <time>2024-08-04T17:21:42.013Z</time>
      </trkpt>
      <trkpt lat="19.206099" lon="-98.730183">
        <ele>2995.588</ele>
        <time>2024-08-04T17:21:47.013Z</time>
      </trkpt>
      <trkpt lat="19.206050" lon="-98.730191">
        <ele>2999.291</ele>
        <time>2024-08-04T17:21:52.013Z</time>
      </trkpt>
      <trkpt lat="19.206003" lon="-98.730195">
        <ele>3002.781</ele>
        <time>2024-08-04T17:21:57.013Z</time>
      </trkpt>
      <trkpt lat="19.205949" lon="-98.730184">
        <ele>3009.319</ele>
        <time>2024-08-04T17:22:24.014Z</time>
      </trkpt>
      <trkpt lat="19.205913" lon="-98.730142">
        <ele>3009.309</ele>
        <time>2024-08-04T17:22:28.013Z</time>
      </trkpt>
      <trkpt lat="19.205870" lon="-98.730111">
        <ele>3009.360</ele>
        <time>2024-08-04T17:22:34.013Z</time>
      </trkpt>
      <trkpt lat="19.205836" lon="-98.730067">
        <ele>3009.476</ele>
        <time>2024-08-04T17:22:40.013Z</time>
      </trkpt>
      <trkpt lat="19.205801" lon="-98.730024">
        <ele>3009.438</ele>
        <time>2024-08-04T17:22:45.013Z</time>
      </trkpt>
      <trkpt lat="19.205766" lon="-98.729985">
        <ele>3010.467</ele>
        <time>2024-08-04T17:22:50.013Z</time>
      </trkpt>
      <trkpt lat="19.205734" lon="-98.729947">
        <ele>3010.430</ele>
        <time>2024-08-04T17:22:55.013Z</time>
      </trkpt>
      <trkpt lat="19.205714" lon="-98.729901">
        <ele>3010.418</ele>
        <time>2024-08-04T17:22:59.013Z</time>
      </trkpt>
      <trkpt lat="19.205673" lon="-98.729854">
        <ele>3012.491</ele>
        <time>2024-08-04T17:23:17.013Z</time>
      </trkpt>
      <trkpt lat="19.205642" lon="-98.729815">
        <ele>3012.726</ele>
        <time>2024-08-04T17:23:22.013Z</time>
      </trkpt>
      <trkpt lat="19.205610" lon="-98.729780">
        <ele>3012.818</ele>
        <time>2024-08-04T17:23:29.013Z</time>
      </trkpt>
      <trkpt lat="19.205575" lon="-98.729746">
        <ele>3013.185</ele>
        <time>2024-08-04T17:23:34.013Z</time>
      </trkpt>
      <trkpt lat="19.205555" lon="-98.729694">
        <ele>3013.589</ele>
        <time>2024-08-04T17:23:38.013Z</time>
      </trkpt>
      <trkpt lat="19.205521" lon="-98.729656">
        <ele>3014.417</ele>
        <time>2024-08-04T17:23:42.013Z</time>
      </trkpt>
      <trkpt lat="19.205479" lon="-98.729618">
        <ele>3015.609</ele>
        <time>2024-08-04T17:23:47.013Z</time>
      </trkpt>
      <trkpt lat="19.205444" lon="-98.729586">
        <ele>3016.329</ele>
        <time>2024-08-04T17:23:51.013Z</time>
      </trkpt>
      <trkpt lat="19.205413" lon="-98.729548">
        <ele>3017.755</ele>
        <time>2024-08-04T17:23:55.013Z</time>
      </trkpt>
      <trkpt lat="19.205368" lon="-98.729523">
        <ele>3020.597</ele>
        <time>2024-08-04T17:23:59.013Z</time>
      </trkpt>
      <trkpt lat="19.205325" lon="-98.729509">
        <ele>3024.416</ele>
        <time>2024-08-04T17:24:02.013Z</time>
      </trkpt>
      <trkpt lat="19.205280" lon="-98.729492">
        <ele>3026.329</ele>
        <time>2024-08-04T17:24:07.013Z</time>
      </trkpt>
      <trkpt lat="19.205236" lon="-98.729481">
        <ele>3026.787</ele>
        <time>2024-08-04T17:24:11.013Z</time>
      </trkpt>
      <trkpt lat="19.205191" lon="-98.729465">
        <ele>3027.280</ele>
        <time>2024-08-04T17:24:15.013Z</time>
      </trkpt>
      <trkpt lat="19.205146" lon="-98.729451">
        <ele>3027.785</ele>
        <time>2024-08-04T17:24:20.013Z</time>
      </trkpt>
      <trkpt lat="19.205107" lon="-98.729413">
        <ele>3027.627</ele>
        <time>2024-08-04T17:24:25.013Z</time>
      </trkpt>
      <trkpt lat="19.205076" lon="-98.729364">
        <ele>3027.629</ele>
        <time>2024-08-04T17:24:30.013Z</time>
      </trkpt>
      <trkpt lat="19.205045" lon="-98.729321">
        <ele>3025.800</ele>
        <time>2024-08-04T17:24:35.013Z</time>
      </trkpt>
      <trkpt lat="19.205008" lon="-98.729281">
        <ele>3025.720</ele>
        <time>2024-08-04T17:24:41.013Z</time>
      </trkpt>
      <trkpt lat="19.204970" lon="-98.729238">
        <ele>3025.309</ele>
        <time>2024-08-04T17:24:46.013Z</time>
      </trkpt>
      <trkpt lat="19.204941" lon="-98.729191">
        <ele>3025.393</ele>
        <time>2024-08-04T17:24:51.013Z</time>
      </trkpt>
      <trkpt lat="19.204926" lon="-98.729145">
        <ele>3025.629</ele>
        <time>2024-08-04T17:24:56.013Z</time>
      </trkpt>
      <trkpt lat="19.204920" lon="-98.729089">
        <ele>3025.671</ele>
        <time>2024-08-04T17:25:01.013Z</time>
      </trkpt>
      <trkpt lat="19.204928" lon="-98.729041">
        <ele>3025.670</ele>
        <time>2024-08-04T17:25:06.013Z</time>
      </trkpt>
      <trkpt lat="19.204973" lon="-98.729010">
        <ele>3025.833</ele>
        <time>2024-08-04T17:25:13.013Z</time>
      </trkpt>
      <trkpt lat="19.205025" lon="-98.729011">
        <ele>3025.941</ele>
        <time>2024-08-04T17:25:18.013Z</time>
      </trkpt>
      <trkpt lat="19.205072" lon="-98.729014">
        <ele>3026.544</ele>
        <time>2024-08-04T17:25:22.013Z</time>
      </trkpt>
      <trkpt lat="19.205126" lon="-98.729009">
        <ele>3026.959</ele>
        <time>2024-08-04T17:25:27.013Z</time>
      </trkpt>
      <trkpt lat="19.205178" lon="-98.728997">
        <ele>3027.281</ele>
        <time>2024-08-04T17:25:32.013Z</time>
      </trkpt>
      <trkpt lat="19.205226" lon="-98.728988">
        <ele>3027.335</ele>
        <time>2024-08-04T17:25:36.013Z</time>
      </trkpt>
      <trkpt lat="19.205271" lon="-98.728974">
        <ele>3027.386</ele>
        <time>2024-08-04T17:25:40.013Z</time>
      </trkpt>
      <trkpt lat="19.205318" lon="-98.728948">
        <ele>3027.114</ele>
        <time>2024-08-04T17:25:45.013Z</time>
      </trkpt>
      <trkpt lat="19.205366" lon="-98.728935">
        <ele>3026.909</ele>
        <time>2024-08-04T17:25:49.013Z</time>
      </trkpt>
      <trkpt lat="19.205408" lon="-98.728912">
        <ele>3026.464</ele>
        <time>2024-08-04T17:25:53.013Z</time>
      </trkpt>
      <trkpt lat="19.205454" lon="-98.728895">
        <ele>3026.380</ele>
        <time>2024-08-04T17:25:57.013Z</time>
      </trkpt>
      <trkpt lat="19.205503" lon="-98.728868">
        <ele>3025.472</ele>
        <time>2024-08-04T17:26:01.013Z</time>
      </trkpt>
      <trkpt lat="19.205548" lon="-98.728845">
        <ele>3025.161</ele>
        <time>2024-08-04T17:26:04.013Z</time>
      </trkpt>
      <trkpt lat="19.205584" lon="-98.728812">
        <ele>3025.144</ele>
        <time>2024-08-04T17:26:09.013Z</time>
      </trkpt>
      <trkpt lat="19.205634" lon="-98.728792">
        <ele>3025.292</ele>
        <time>2024-08-04T17:26:15.013Z</time>
      </trkpt>
      <trkpt lat="19.205683" lon="-98.728779">
        <ele>3026.985</ele>
        <time>2024-08-04T17:26:21.013Z</time>
      </trkpt>
      <trkpt lat="19.205732" lon="-98.728754">
        <ele>3029.250</ele>
        <time>2024-08-04T17:26:29.013Z</time>
      </trkpt>
      <trkpt lat="19.205778" lon="-98.728733">
        <ele>3030.152</ele>
        <time>2024-08-04T17:26:34.013Z</time>
      </trkpt>
      <trkpt lat="19.205829" lon="-98.728723">
        <ele>3030.265</ele>
        <time>2024-08-04T17:26:39.013Z</time>
      </trkpt>
      <trkpt lat="19.205878" lon="-98.728716">
        <ele>3030.368</ele>
        <time>2024-08-04T17:26:44.013Z</time>
      </trkpt>
      <trkpt lat="19.205931" lon="-98.728700">
        <ele>3030.114</ele>
        <time>2024-08-04T17:26:49.013Z</time>
      </trkpt>
      <trkpt lat="19.205981" lon="-98.728687">
        <ele>3027.809</ele>
        <time>2024-08-04T17:26:53.013Z</time>
      </trkpt>
      <trkpt lat="19.206026" lon="-98.728679">
        <ele>3027.057</ele>
        <time>2024-08-04T17:26:56.013Z</time>
      </trkpt>
      <trkpt lat="19.206079" lon="-98.728667">
        <ele>3026.943</ele>
        <time>2024-08-04T17:27:00.013Z</time>
      </trkpt>
      <trkpt lat="19.206130" lon="-98.728655">
        <ele>3026.795</ele>
        <time>2024-08-04T17:27:04.013Z</time>
      </trkpt>
      <trkpt lat="19.206172" lon="-98.728619">
        <ele>3028.354</ele>
        <time>2024-08-04T17:27:08.013Z</time>
      </trkpt>
      <trkpt lat="19.206210" lon="-98.728585">
        <ele>3030.457</ele>
        <time>2024-08-04T17:27:12.013Z</time>
      </trkpt>
      <trkpt lat="19.206240" lon="-98.728547">
        <ele>3030.815</ele>
        <time>2024-08-04T17:27:16.013Z</time>
      </trkpt>
      <trkpt lat="19.206278" lon="-98.728505">
        <ele>3031.968</ele>
        <time>2024-08-04T17:27:21.013Z</time>
      </trkpt>
      <trkpt lat="19.206313" lon="-98.728462">
        <ele>3033.733</ele>
        <time>2024-08-04T17:27:26.013Z</time>
      </trkpt>
      <trkpt lat="19.206349" lon="-98.728429">
        <ele>3034.385</ele>
        <time>2024-08-04T17:27:31.013Z</time>
      </trkpt>
      <trkpt lat="19.206375" lon="-98.728389">
        <ele>3034.825</ele>
        <time>2024-08-04T17:27:36.013Z</time>
      </trkpt>
      <trkpt lat="19.206383" lon="-98.728333">
        <ele>3035.226</ele>
        <time>2024-08-04T17:27:42.013Z</time>
      </trkpt>
      <trkpt lat="19.206365" lon="-98.728289">
        <ele>3037.008</ele>
        <time>2024-08-04T17:27:46.013Z</time>
      </trkpt>
      <trkpt lat="19.206351" lon="-98.728239">
        <ele>3037.509</ele>
        <time>2024-08-04T17:27:50.013Z</time>
      </trkpt>
      <trkpt lat="19.206350" lon="-98.728188">
        <ele>3038.133</ele>
        <time>2024-08-04T17:27:54.013Z</time>
      </trkpt>
      <trkpt lat="19.206331" lon="-98.728138">
        <ele>3039.029</ele>
        <time>2024-08-04T17:27:59.013Z</time>
      </trkpt>
      <trkpt lat="19.206297" lon="-98.728098">
        <ele>3039.971</ele>
        <time>2024-08-04T17:28:04.013Z</time>
      </trkpt>
      <trkpt lat="19.206288" lon="-98.728048">
        <ele>3040.170</ele>
        <time>2024-08-04T17:28:08.013Z</time>
      </trkpt>
      <trkpt lat="19.206273" lon="-98.727996">
        <ele>3040.153</ele>
        <time>2024-08-04T17:28:13.013Z</time>
      </trkpt>
      <trkpt lat="19.206258" lon="-98.727941">
        <ele>3040.131</ele>
        <time>2024-08-04T17:28:18.013Z</time>
      </trkpt>
      <trkpt lat="19.206245" lon="-98.727893">
        <ele>3039.914</ele>
        <time>2024-08-04T17:28:22.013Z</time>
      </trkpt>
      <trkpt lat="19.206223" lon="-98.727850">
        <ele>3039.999</ele>
        <time>2024-08-04T17:28:27.013Z</time>
      </trkpt>
      <trkpt lat="19.206190" lon="-98.727806">
        <ele>3040.051</ele>
        <time>2024-08-04T17:28:32.013Z</time>
      </trkpt>
      <trkpt lat="19.206157" lon="-98.727765">
        <ele>3040.547</ele>
        <time>2024-08-04T17:28:37.013Z</time>
      </trkpt>
      <trkpt lat="19.206133" lon="-98.727715">
        <ele>3042.629</ele>
        <time>2024-08-04T17:28:42.013Z</time>
      </trkpt>
      <trkpt lat="19.206112" lon="-98.727668">
        <ele>3045.421</ele>
        <time>2024-08-04T17:28:46.013Z</time>
      </trkpt>
      <trkpt lat="19.206095" lon="-98.727624">
        <ele>3045.609</ele>
        <time>2024-08-04T17:28:51.013Z</time>
      </trkpt>
      <trkpt lat="19.206100" lon="-98.727574">
        <ele>3044.365</ele>
        <time>2024-08-04T17:29:25.013Z</time>
      </trkpt>
      <trkpt lat="19.206081" lon="-98.727520">
        <ele>3044.331</ele>
        <time>2024-08-04T17:29:31.013Z</time>
      </trkpt>
      <trkpt lat="19.206064" lon="-98.727475">
        <ele>3044.353</ele>
        <time>2024-08-04T17:29:35.013Z</time>
      </trkpt>
      <trkpt lat="19.206055" lon="-98.727425">
        <ele>3044.382</ele>
        <time>2024-08-04T17:29:39.013Z</time>
      </trkpt>
      <trkpt lat="19.206051" lon="-98.727367">
        <ele>3044.325</ele>
        <time>2024-08-04T17:29:44.013Z</time>
      </trkpt>
      <trkpt lat="19.206035" lon="-98.727321">
        <ele>3044.343</ele>
        <time>2024-08-04T17:29:48.013Z</time>
      </trkpt>
      <trkpt lat="19.206053" lon="-98.727274">
        <ele>3044.456</ele>
        <time>2024-08-04T17:29:54.013Z</time>
      </trkpt>
      <trkpt lat="19.206097" lon="-98.727254">
        <ele>3050.221</ele>
        <time>2024-08-04T17:30:29.013Z</time>
      </trkpt>
      <trkpt lat="19.206149" lon="-98.727237">
        <ele>3050.523</ele>
        <time>2024-08-04T17:30:34.013Z</time>
      </trkpt>
      <trkpt lat="19.206187" lon="-98.727199">
        <ele>3050.585</ele>
        <time>2024-08-04T17:30:40.013Z</time>
      </trkpt>
      <trkpt lat="19.206225" lon="-98.727168">
        <ele>3050.589</ele>
        <time>2024-08-04T17:30:46.013Z</time>
      </trkpt>
      <trkpt lat="19.206273" lon="-98.727150">
        <ele>3050.917</ele>
        <time>2024-08-04T17:30:50.013Z</time>
      </trkpt>
      <trkpt lat="19.206317" lon="-98.727164">
        <ele>3050.409</ele>
        <time>2024-08-04T17:30:53.013Z</time>
      </trkpt>
      <trkpt lat="19.206366" lon="-98.727164">
        <ele>3050.679</ele>
        <time>2024-08-04T17:30:58.013Z</time>
      </trkpt>
      <trkpt lat="19.206416" lon="-98.727172">
        <ele>3051.275</ele>
        <time>2024-08-04T17:31:03.013Z</time>
      </trkpt>
      <trkpt lat="19.206466" lon="-98.727167">
        <ele>3051.637</ele>
        <time>2024-08-04T17:31:08.013Z</time>
      </trkpt>
      <trkpt lat="19.206520" lon="-98.727151">
        <ele>3051.946</ele>
        <time>2024-08-04T17:31:13.013Z</time>
      </trkpt>
      <trkpt lat="19.206557" lon="-98.727121">
        <ele>3052.299</ele>
        <time>2024-08-04T17:31:17.013Z</time>
      </trkpt>
      <trkpt lat="19.206593" lon="-98.727076">
        <ele>3052.157</ele>
        <time>2024-08-04T17:31:21.013Z</time>
      </trkpt>
      <trkpt lat="19.206619" lon="-98.727028">
        <ele>3052.140</ele>
        <time>2024-08-04T17:31:25.013Z</time>
      </trkpt>
      <trkpt lat="19.206650" lon="-98.726987">
        <ele>3052.165</ele>
        <time>2024-08-04T17:31:29.013Z</time>
      </trkpt>
      <trkpt lat="19.206686" lon="-98.726957">
        <ele>3052.817</ele>
        <time>2024-08-04T17:31:33.013Z</time>
      </trkpt>
      <trkpt lat="19.206720" lon="-98.726917">
        <ele>3052.674</ele>
        <time>2024-08-04T17:31:37.013Z</time>
      </trkpt>
      <trkpt lat="19.206769" lon="-98.726885">
        <ele>3052.156</ele>
        <time>2024-08-04T17:31:41.013Z</time>
      </trkpt>
      <trkpt lat="19.206802" lon="-98.726852">
        <ele>3052.321</ele>
        <time>2024-08-04T17:31:45.013Z</time>
      </trkpt>
      <trkpt lat="19.206815" lon="-98.726805">
        <ele>3052.209</ele>
        <time>2024-08-04T17:31:49.013Z</time>
      </trkpt>
      <trkpt lat="19.206840" lon="-98.726763">
        <ele>3052.118</ele>
        <time>2024-08-04T17:31:54.013Z</time>
      </trkpt>
      <trkpt lat="19.206841" lon="-98.726713">
        <ele>3052.194</ele>
        <time>2024-08-04T17:31:59.013Z</time>
      </trkpt>
      <trkpt lat="19.206814" lon="-98.726664">
        <ele>3052.386</ele>
        <time>2024-08-04T17:32:05.013Z</time>
      </trkpt>
      <trkpt lat="19.206789" lon="-98.726618">
        <ele>3053.785</ele>
        <time>2024-08-04T17:32:10.013Z</time>
      </trkpt>
      <trkpt lat="19.206769" lon="-98.726564">
        <ele>3055.058</ele>
        <time>2024-08-04T17:32:15.013Z</time>
      </trkpt>
      <trkpt lat="19.206753" lon="-98.726516">
        <ele>3055.286</ele>
        <time>2024-08-04T17:32:19.013Z</time>
      </trkpt>
      <trkpt lat="19.206746" lon="-98.726464">
        <ele>3055.379</ele>
        <time>2024-08-04T17:32:23.013Z</time>
      </trkpt>
      <trkpt lat="19.206727" lon="-98.726414">
        <ele>3055.114</ele>
        <time>2024-08-04T17:32:27.013Z</time>
      </trkpt>
      <trkpt lat="19.206705" lon="-98.726367">
        <ele>3055.176</ele>
        <time>2024-08-04T17:32:31.013Z</time>
      </trkpt>
      <trkpt lat="19.206679" lon="-98.726323">
        <ele>3054.793</ele>
        <time>2024-08-04T17:32:35.013Z</time>
      </trkpt>
      <trkpt lat="19.206657" lon="-98.726278">
        <ele>3054.365</ele>
        <time>2024-08-04T17:32:39.013Z</time>
      </trkpt>
      <trkpt lat="19.206631" lon="-98.726234">
        <ele>3054.321</ele>
        <time>2024-08-04T17:32:43.013Z</time>
      </trkpt>
      <trkpt lat="19.206613" lon="-98.726182">
        <ele>3054.109</ele>
        <time>2024-08-04T17:32:47.013Z</time>
      </trkpt>
      <trkpt lat="19.206587" lon="-98.726137">
        <ele>3054.460</ele>
        <time>2024-08-04T17:32:51.013Z</time>
      </trkpt>
      <trkpt lat="19.206557" lon="-98.726099">
        <ele>3054.276</ele>
        <time>2024-08-04T17:32:55.013Z</time>
      </trkpt>
      <trkpt lat="19.206544" lon="-98.726047">
        <ele>3054.368</ele>
        <time>2024-08-04T17:33:01.013Z</time>
      </trkpt>
      <trkpt lat="19.206570" lon="-98.726002">
        <ele>3052.247</ele>
        <time>2024-08-04T17:33:33.013Z</time>
      </trkpt>
      <trkpt lat="19.206550" lon="-98.725951">
        <ele>3052.180</ele>
        <time>2024-08-04T17:33:37.013Z</time>
      </trkpt>
      <trkpt lat="19.206526" lon="-98.725900">
        <ele>3052.148</ele>
        <time>2024-08-04T17:33:42.013Z</time>
      </trkpt>
      <trkpt lat="19.206501" lon="-98.725854">
        <ele>3052.111</ele>
        <time>2024-08-04T17:33:47.013Z</time>
      </trkpt>
      <trkpt lat="19.206492" lon="-98.725799">
        <ele>3052.176</ele>
        <time>2024-08-04T17:33:52.013Z</time>
      </trkpt>
      <trkpt lat="19.206497" lon="-98.725748">
        <ele>3052.688</ele>
        <time>2024-08-04T17:33:56.013Z</time>
      </trkpt>
      <trkpt lat="19.206479" lon="-98.725704">
        <ele>3052.573</ele>
        <time>2024-08-04T17:34:00.013Z</time>
      </trkpt>
      <trkpt lat="19.206455" lon="-98.725650">
        <ele>3053.885</ele>
        <time>2024-08-04T17:34:05.013Z</time>
      </trkpt>
      <trkpt lat="19.206465" lon="-98.725598">
        <ele>3054.613</ele>
        <time>2024-08-04T17:34:10.013Z</time>
      </trkpt>
      <trkpt lat="19.206467" lon="-98.725547">
        <ele>3054.709</ele>
        <time>2024-08-04T17:34:15.013Z</time>
      </trkpt>
      <trkpt lat="19.206469" lon="-98.725495">
        <ele>3054.998</ele>
        <time>2024-08-04T17:34:19.013Z</time>
      </trkpt>
      <trkpt lat="19.206469" lon="-98.725443">
        <ele>3058.254</ele>
        <time>2024-08-04T17:34:23.013Z</time>
      </trkpt>
      <trkpt lat="19.206452" lon="-98.725386">
        <ele>3060.446</ele>
        <time>2024-08-04T17:34:28.013Z</time>
      </trkpt>
      <trkpt lat="19.206460" lon="-98.725329">
        <ele>3060.895</ele>
        <time>2024-08-04T17:34:32.013Z</time>
      </trkpt>
      <trkpt lat="19.206460" lon="-98.725280">
        <ele>3061.498</ele>
        <time>2024-08-04T17:34:36.013Z</time>
      </trkpt>
      <trkpt lat="19.206451" lon="-98.725231">
        <ele>3061.216</ele>
        <time>2024-08-04T17:34:40.013Z</time>
      </trkpt>
      <trkpt lat="19.206448" lon="-98.725177">
        <ele>3061.919</ele>
        <time>2024-08-04T17:34:43.013Z</time>
      </trkpt>
      <trkpt lat="19.206448" lon="-98.725122">
        <ele>3062.514</ele>
        <time>2024-08-04T17:34:48.013Z</time>
      </trkpt>
      <trkpt lat="19.206437" lon="-98.725067">
        <ele>3062.566</ele>
        <time>2024-08-04T17:34:53.013Z</time>
      </trkpt>
      <trkpt lat="19.206433" lon="-98.725010">
        <ele>3062.983</ele>
        <time>2024-08-04T17:34:58.013Z</time>
      </trkpt>
      <trkpt lat="19.206450" lon="-98.724961">
        <ele>3063.525</ele>
        <time>2024-08-04T17:35:03.013Z</time>
      </trkpt>
      <trkpt lat="19.206477" lon="-98.724911">
        <ele>3063.817</ele>
        <time>2024-08-04T17:35:08.013Z</time>
      </trkpt>
      <trkpt lat="19.206505" lon="-98.724866">
        <ele>3063.709</ele>
        <time>2024-08-04T17:35:12.013Z</time>
      </trkpt>
      <trkpt lat="19.206526" lon="-98.724822">
        <ele>3063.899</ele>
        <time>2024-08-04T17:35:16.013Z</time>
      </trkpt>
      <trkpt lat="19.206536" lon="-98.724762">
        <ele>3064.255</ele>
        <time>2024-08-04T17:35:21.013Z</time>
      </trkpt>
      <trkpt lat="19.206564" lon="-98.724717">
        <ele>3064.267</ele>
        <time>2024-08-04T17:35:26.013Z</time>
      </trkpt>
      <trkpt lat="19.206580" lon="-98.724665">
        <ele>3064.866</ele>
        <time>2024-08-04T17:35:32.013Z</time>
      </trkpt>
      <trkpt lat="19.206593" lon="-98.724617">
        <ele>3065.469</ele>
        <time>2024-08-04T17:35:39.013Z</time>
      </trkpt>
      <trkpt lat="19.206595" lon="-98.724563">
        <ele>3065.827</ele>
        <time>2024-08-04T17:35:46.013Z</time>
      </trkpt>
      <trkpt lat="19.206589" lon="-98.724513">
        <ele>3066.880</ele>
        <time>2024-08-04T17:35:51.013Z</time>
      </trkpt>
      <trkpt lat="19.206605" lon="-98.724460">
        <ele>3068.475</ele>
        <time>2024-08-04T17:35:56.013Z</time>
      </trkpt>
      <trkpt lat="19.206626" lon="-98.724415">
        <ele>3072.047</ele>
        <time>2024-08-04T17:36:01.013Z</time>
      </trkpt>
      <trkpt lat="19.206642" lon="-98.724359">
        <ele>3072.394</ele>
        <time>2024-08-04T17:36:07.013Z</time>
      </trkpt>
      <trkpt lat="19.206664" lon="-98.724314">
        <ele>3072.557</ele>
        <time>2024-08-04T17:36:11.013Z</time>
      </trkpt>
      <trkpt lat="19.206700" lon="-98.724269">
        <ele>3072.522</ele>
        <time>2024-08-04T17:36:16.013Z</time>
      </trkpt>
      <trkpt lat="19.206740" lon="-98.724241">
        <ele>3072.509</ele>
        <time>2024-08-04T17:36:20.013Z</time>
      </trkpt>
      <trkpt lat="19.206770" lon="-98.724198">
        <ele>3072.670</ele>
        <time>2024-08-04T17:36:25.013Z</time>
      </trkpt>
      <trkpt lat="19.206792" lon="-98.724151">
        <ele>3072.826</ele>
        <time>2024-08-04T17:36:30.013Z</time>
      </trkpt>
      <trkpt lat="19.206820" lon="-98.724113">
        <ele>3073.328</ele>
        <time>2024-08-04T17:36:34.013Z</time>
      </trkpt>
      <trkpt lat="19.206842" lon="-98.724066">
        <ele>3073.377</ele>
        <time>2024-08-04T17:36:39.013Z</time>
      </trkpt>
      <trkpt lat="19.206866" lon="-98.724022">
        <ele>3073.810</ele>
        <time>2024-08-04T17:36:44.013Z</time>
      </trkpt>
      <trkpt lat="19.206888" lon="-98.723973">
        <ele>3073.968</ele>
        <time>2024-08-04T17:36:50.013Z</time>
      </trkpt>
      <trkpt lat="19.206902" lon="-98.723923">
        <ele>3074.571</ele>
        <time>2024-08-04T17:36:56.013Z</time>
      </trkpt>
      <trkpt lat="19.206921" lon="-98.723877">
        <ele>3079.586</ele>
        <time>2024-08-04T17:37:10.013Z</time>
      </trkpt>
      <trkpt lat="19.206931" lon="-98.723830">
        <ele>3081.548</ele>
        <time>2024-08-04T17:37:17.013Z</time>
      </trkpt>
      <trkpt lat="19.206947" lon="-98.723777">
        <ele>3082.572</ele>
        <time>2024-08-04T17:37:23.013Z</time>
      </trkpt>
      <trkpt lat="19.206957" lon="-98.723728">
        <ele>3082.613</ele>
        <time>2024-08-04T17:37:28.013Z</time>
      </trkpt>
      <trkpt lat="19.206953" lon="-98.723679">
        <ele>3083.014</ele>
        <time>2024-08-04T17:37:33.013Z</time>
      </trkpt>
      <trkpt lat="19.206939" lon="-98.723629">
        <ele>3083.409</ele>
        <time>2024-08-04T17:37:38.013Z</time>
      </trkpt>
      <trkpt lat="19.206925" lon="-98.723575">
        <ele>3083.528</ele>
        <time>2024-08-04T17:37:43.013Z</time>
      </trkpt>
      <trkpt lat="19.206913" lon="-98.723524">
        <ele>3082.794</ele>
        <time>2024-08-04T17:37:48.013Z</time>
      </trkpt>
      <trkpt lat="19.206896" lon="-98.723475">
        <ele>3082.586</ele>
        <time>2024-08-04T17:37:53.013Z</time>
      </trkpt>
      <trkpt lat="19.206881" lon="-98.723428">
        <ele>3082.525</ele>
        <time>2024-08-04T17:37:58.013Z</time>
      </trkpt>
      <trkpt lat="19.206863" lon="-98.723379">
        <ele>3082.498</ele>
        <time>2024-08-04T17:38:03.013Z</time>
      </trkpt>
      <trkpt lat="19.206838" lon="-98.723333">
        <ele>3082.346</ele>
        <time>2024-08-04T17:38:08.013Z</time>
      </trkpt>
      <trkpt lat="19.206835" lon="-98.723278">
        <ele>3082.189</ele>
        <time>2024-08-04T17:38:44.013Z</time>
      </trkpt>
      <trkpt lat="19.206831" lon="-98.723230">
        <ele>3082.174</ele>
        <time>2024-08-04T17:38:48.013Z</time>
      </trkpt>
      <trkpt lat="19.206811" lon="-98.723180">
        <ele>3082.156</ele>
        <time>2024-08-04T17:38:52.013Z</time>
      </trkpt>
      <trkpt lat="19.206815" lon="-98.723122">
        <ele>3082.113</ele>
        <time>2024-08-04T17:38:56.013Z</time>
      </trkpt>
      <trkpt lat="19.206795" lon="-98.723076">
        <ele>3082.143</ele>
        <time>2024-08-04T17:39:02.013Z</time>
      </trkpt>
      <trkpt lat="19.206782" lon="-98.723022">
        <ele>3082.307</ele>
        <time>2024-08-04T17:39:06.013Z</time>
      </trkpt>
      <trkpt lat="19.206775" lon="-98.722963">
        <ele>3085.009</ele>
        <time>2024-08-04T17:39:10.013Z</time>
      </trkpt>
      <trkpt lat="19.206755" lon="-98.722917">
        <ele>3086.452</ele>
        <time>2024-08-04T17:39:14.013Z</time>
      </trkpt>
      <trkpt lat="19.206739" lon="-98.722865">
        <ele>3086.738</ele>
        <time>2024-08-04T17:39:19.013Z</time>
      </trkpt>
      <trkpt lat="19.206715" lon="-98.722818">
        <ele>3086.850</ele>
        <time>2024-08-04T17:39:24.013Z</time>
      </trkpt>
      <trkpt lat="19.206678" lon="-98.722787">
        <ele>3087.459</ele>
        <time>2024-08-04T17:39:28.013Z</time>
      </trkpt>
      <trkpt lat="19.206650" lon="-98.722739">
        <ele>3087.582</ele>
        <time>2024-08-04T17:39:33.013Z</time>
      </trkpt>
      <trkpt lat="19.206631" lon="-98.722687">
        <ele>3087.960</ele>
        <time>2024-08-04T17:39:38.013Z</time>
      </trkpt>
      <trkpt lat="19.206609" lon="-98.722637">
        <ele>3089.153</ele>
        <time>2024-08-04T17:39:43.013Z</time>
      </trkpt>
      <trkpt lat="19.206586" lon="-98.722586">
        <ele>3091.338</ele>
        <time>2024-08-04T17:39:49.013Z</time>
      </trkpt>
      <trkpt lat="19.206564" lon="-98.722543">
        <ele>3092.460</ele>
        <time>2024-08-04T17:39:54.013Z</time>
      </trkpt>
      <trkpt lat="19.206543" lon="-98.722495">
        <ele>3095.266</ele>
        <time>2024-08-04T17:39:59.013Z</time>
      </trkpt>
      <trkpt lat="19.206541" lon="-98.722446">
        <ele>3097.129</ele>
        <time>2024-08-04T17:40:05.013Z</time>
      </trkpt>
      <trkpt lat="19.206549" lon="-98.722389">
        <ele>3097.521</ele>
        <time>2024-08-04T17:40:11.013Z</time>
      </trkpt>
      <trkpt lat="19.206544" lon="-98.722336">
        <ele>3099.609</ele>
        <time>2024-08-04T17:40:17.013Z</time>
      </trkpt>
      <trkpt lat="19.206542" lon="-98.722281">
        <ele>3099.827</ele>
        <time>2024-08-04T17:40:23.013Z</time>
      </trkpt>
      <trkpt lat="19.206517" lon="-98.722235">
        <ele>3099.793</ele>
        <time>2024-08-04T17:40:29.013Z</time>
      </trkpt>
      <trkpt lat="19.206514" lon="-98.722187">
        <ele>3099.485</ele>
        <time>2024-08-04T17:40:35.013Z</time>
      </trkpt>
      <trkpt lat="19.206560" lon="-98.722174">
        <ele>3097.884</ele>
        <time>2024-08-04T17:41:30.013Z</time>
      </trkpt>
      <trkpt lat="19.206515" lon="-98.722197">
        <ele>3097.867</ele>
        <time>2024-08-04T17:41:43.013Z</time>
      </trkpt>
      <trkpt lat="19.206480" lon="-98.722162">
        <ele>3097.845</ele>
        <time>2024-08-04T17:41:47.013Z</time>
      </trkpt>
      <trkpt lat="19.206443" lon="-98.722135">
        <ele>3097.838</ele>
        <time>2024-08-04T17:41:52.013Z</time>
      </trkpt>
      <trkpt lat="19.206405" lon="-98.722094">
        <ele>3097.843</ele>
        <time>2024-08-04T17:41:58.013Z</time>
      </trkpt>
      <trkpt lat="19.206378" lon="-98.722054">
        <ele>3097.845</ele>
        <time>2024-08-04T17:42:03.013Z</time>
      </trkpt>
      <trkpt lat="19.206358" lon="-98.722011">
        <ele>3108.022</ele>
        <time>2024-08-04T17:42:07.013Z</time>
      </trkpt>
      <trkpt lat="19.206340" lon="-98.721964">
        <ele>3109.062</ele>
        <time>2024-08-04T17:42:12.013Z</time>
      </trkpt>
      <trkpt lat="19.206302" lon="-98.721938">
        <ele>3109.708</ele>
        <time>2024-08-04T17:42:18.013Z</time>
      </trkpt>
      <trkpt lat="19.206265" lon="-98.721898">
        <ele>3110.809</ele>
        <time>2024-08-04T17:42:24.013Z</time>
      </trkpt>
      <trkpt lat="19.206251" lon="-98.721842">
        <ele>3112.913</ele>
        <time>2024-08-04T17:42:29.013Z</time>
      </trkpt>
      <trkpt lat="19.206232" lon="-98.721796">
        <ele>3114.489</ele>
        <time>2024-08-04T17:42:34.013Z</time>
      </trkpt>
      <trkpt lat="19.206213" lon="-98.721752">
        <ele>3115.131</ele>
        <time>2024-08-04T17:42:39.013Z</time>
      </trkpt>
      <trkpt lat="19.206211" lon="-98.721696">
        <ele>3115.840</ele>
        <time>2024-08-04T17:42:45.013Z</time>
      </trkpt>
      <trkpt lat="19.206217" lon="-98.721642">
        <ele>3117.973</ele>
        <time>2024-08-04T17:42:51.013Z</time>
      </trkpt>
      <trkpt lat="19.206218" lon="-98.721591">
        <ele>3123.481</ele>
        <time>2024-08-04T17:43:19.013Z</time>
      </trkpt>
      <trkpt lat="19.206215" lon="-98.721534">
        <ele>3124.264</ele>
        <time>2024-08-04T17:43:25.013Z</time>
      </trkpt>
      <trkpt lat="19.206198" lon="-98.721489">
        <ele>3124.269</ele>
        <time>2024-08-04T17:43:30.013Z</time>
      </trkpt>
      <trkpt lat="19.206184" lon="-98.721443">
        <ele>3124.211</ele>
        <time>2024-08-04T17:43:37.013Z</time>
      </trkpt>
      <trkpt lat="19.206171" lon="-98.721394">
        <ele>3124.075</ele>
        <time>2024-08-04T17:43:46.013Z</time>
      </trkpt>
      <trkpt lat="19.206153" lon="-98.721347">
        <ele>3123.128</ele>
        <time>2024-08-04T17:43:53.013Z</time>
      </trkpt>
      <trkpt lat="19.206150" lon="-98.721299">
        <ele>3123.020</ele>
        <time>2024-08-04T17:44:02.013Z</time>
      </trkpt>
      <trkpt lat="19.206128" lon="-98.721254">
        <ele>3123.209</ele>
        <time>2024-08-04T17:44:10.013Z</time>
      </trkpt>
      <trkpt lat="19.206116" lon="-98.721204">
        <ele>3123.868</ele>
        <time>2024-08-04T17:44:18.013Z</time>
      </trkpt>
      <trkpt lat="19.206108" lon="-98.721150">
        <ele>3124.214</ele>
        <time>2024-08-04T17:44:26.013Z</time>
      </trkpt>
      <trkpt lat="19.206080" lon="-98.721105">
        <ele>3127.346</ele>
        <time>2024-08-04T17:44:40.013Z</time>
      </trkpt>
      <trkpt lat="19.206058" lon="-98.721059">
        <ele>3128.745</ele>
        <time>2024-08-04T17:44:48.013Z</time>
      </trkpt>
      <trkpt lat="19.206041" lon="-98.721009">
        <ele>3129.258</ele>
        <time>2024-08-04T17:45:02.013Z</time>
      </trkpt>
      <trkpt lat="19.206033" lon="-98.720957">
        <ele>3133.216</ele>
        <time>2024-08-04T17:45:11.013Z</time>
      </trkpt>
      <trkpt lat="19.206032" lon="-98.720908">
        <ele>3134.219</ele>
        <time>2024-08-04T17:45:17.013Z</time>
      </trkpt>
      <trkpt lat="19.206053" lon="-98.720865">
        <ele>3135.374</ele>
        <time>2024-08-04T17:45:23.013Z</time>
      </trkpt>
      <trkpt lat="19.206047" lon="-98.720815">
        <ele>3137.636</ele>
        <time>2024-08-04T17:45:56.013Z</time>
      </trkpt>
      <trkpt lat="19.206041" lon="-98.720762">
        <ele>3137.779</ele>
        <time>2024-08-04T17:46:02.013Z</time>
      </trkpt>
      <trkpt lat="19.206036" lon="-98.720706">
        <ele>3137.705</ele>
        <time>2024-08-04T17:46:09.013Z</time>
      </trkpt>
      <trkpt lat="19.206026" lon="-98.720657">
        <ele>3137.725</ele>
        <time>2024-08-04T17:46:15.013Z</time>
      </trkpt>
      <trkpt lat="19.205997" lon="-98.720615">
        <ele>3138.509</ele>
        <time>2024-08-04T17:46:21.013Z</time>
      </trkpt>
      <trkpt lat="19.205986" lon="-98.720562">
        <ele>3144.098</ele>
        <time>2024-08-04T17:46:28.013Z</time>
      </trkpt>
      <trkpt lat="19.205964" lon="-98.720517">
        <ele>3145.084</ele>
        <time>2024-08-04T17:46:33.013Z</time>
      </trkpt>
      <trkpt lat="19.205937" lon="-98.720471">
        <ele>3148.276</ele>
        <time>2024-08-04T17:46:40.013Z</time>
      </trkpt>
      <trkpt lat="19.205904" lon="-98.720437">
        <ele>3151.035</ele>
        <time>2024-08-04T17:47:07.013Z</time>
      </trkpt>
      <trkpt lat="19.205868" lon="-98.720405">
        <ele>3152.788</ele>
        <time>2024-08-04T17:47:14.013Z</time>
      </trkpt>
      <trkpt lat="19.205839" lon="-98.720367">
        <ele>3152.756</ele>
        <time>2024-08-04T17:47:19.013Z</time>
      </trkpt>
      <trkpt lat="19.205811" lon="-98.720330">
        <ele>3152.819</ele>
        <time>2024-08-04T17:47:24.013Z</time>
      </trkpt>
      <trkpt lat="19.205803" lon="-98.720280">
        <ele>3153.264</ele>
        <time>2024-08-04T17:47:31.013Z</time>
      </trkpt>
      <trkpt lat="19.205804" lon="-98.720228">
        <ele>3153.326</ele>
        <time>2024-08-04T17:47:38.013Z</time>
      </trkpt>
      <trkpt lat="19.205809" lon="-98.720173">
        <ele>3153.935</ele>
        <time>2024-08-04T17:47:45.013Z</time>
      </trkpt>
      <trkpt lat="19.205808" lon="-98.720125">
        <ele>3153.986</ele>
        <time>2024-08-04T17:47:52.013Z</time>
      </trkpt>
      <trkpt lat="19.205796" lon="-98.720079">
        <ele>3157.514</ele>
        <time>2024-08-04T17:53:07.013Z</time>
      </trkpt>
      <trkpt lat="19.205793" lon="-98.720031">
        <ele>3157.509</ele>
        <time>2024-08-04T17:53:14.013Z</time>
      </trkpt>
      <trkpt lat="19.205779" lon="-98.719976">
        <ele>3157.574</ele>
        <time>2024-08-04T17:53:20.013Z</time>
      </trkpt>
      <trkpt lat="19.205739" lon="-98.719945">
        <ele>3157.530</ele>
        <time>2024-08-04T17:53:24.013Z</time>
      </trkpt>
      <trkpt lat="19.205707" lon="-98.719900">
        <ele>3154.922</ele>
        <time>2024-08-04T17:53:29.013Z</time>
      </trkpt>
      <trkpt lat="19.205683" lon="-98.719853">
        <ele>3155.921</ele>
        <time>2024-08-04T17:53:37.013Z</time>
      </trkpt>
      <trkpt lat="19.205662" lon="-98.719800">
        <ele>3157.084</ele>
        <time>2024-08-04T17:53:44.013Z</time>
      </trkpt>
      <trkpt lat="19.205653" lon="-98.719751">
        <ele>3158.192</ele>
        <time>2024-08-04T17:53:49.013Z</time>
      </trkpt>
      <trkpt lat="19.205638" lon="-98.719695">
        <ele>3160.435</ele>
        <time>2024-08-04T17:53:55.013Z</time>
      </trkpt>
      <trkpt lat="19.205624" lon="-98.719640">
        <ele>3164.460</ele>
        <time>2024-08-04T17:54:00.013Z</time>
      </trkpt>
      <trkpt lat="19.205603" lon="-98.719589">
        <ele>3165.882</ele>
        <time>2024-08-04T17:54:05.013Z</time>
      </trkpt>
      <trkpt lat="19.205582" lon="-98.719547">
        <ele>3166.225</ele>
        <time>2024-08-04T17:54:10.013Z</time>
      </trkpt>
      <trkpt lat="19.205563" lon="-98.719495">
        <ele>3166.526</ele>
        <time>2024-08-04T17:54:15.013Z</time>
      </trkpt>
      <trkpt lat="19.205539" lon="-98.719448">
        <ele>3166.708</ele>
        <time>2024-08-04T17:54:20.013Z</time>
      </trkpt>
      <trkpt lat="19.205516" lon="-98.719399">
        <ele>3166.709</ele>
        <time>2024-08-04T17:54:25.013Z</time>
      </trkpt>
      <trkpt lat="19.205496" lon="-98.719354">
        <ele>3167.163</ele>
        <time>2024-08-04T17:54:30.013Z</time>
      </trkpt>
      <trkpt lat="19.205477" lon="-98.719307">
        <ele>3166.749</ele>
        <time>2024-08-04T17:54:36.013Z</time>
      </trkpt>
      <trkpt lat="19.205453" lon="-98.719263">
        <ele>3167.011</ele>
        <time>2024-08-04T17:54:43.013Z</time>
      </trkpt>
      <trkpt lat="19.205421" lon="-98.719222">
        <ele>3168.180</ele>
        <time>2024-08-04T17:54:49.013Z</time>
      </trkpt>
      <trkpt lat="19.205396" lon="-98.719176">
        <ele>3169.473</ele>
        <time>2024-08-04T17:54:56.013Z</time>
      </trkpt>
      <trkpt lat="19.205387" lon="-98.719127">
        <ele>3170.261</ele>
        <time>2024-08-04T17:55:02.013Z</time>
      </trkpt>
      <trkpt lat="19.205369" lon="-98.719077">
        <ele>3170.964</ele>
        <time>2024-08-04T17:55:08.013Z</time>
      </trkpt>
      <trkpt lat="19.205359" lon="-98.719027">
        <ele>3171.139</ele>
        <time>2024-08-04T17:55:16.013Z</time>
      </trkpt>
      <trkpt lat="19.205357" lon="-98.718977">
        <ele>3171.621</ele>
        <time>2024-08-04T17:55:23.013Z</time>
      </trkpt>
      <trkpt lat="19.205348" lon="-98.718927">
        <ele>3173.077</ele>
        <time>2024-08-04T17:55:30.013Z</time>
      </trkpt>
      <trkpt lat="19.205316" lon="-98.718882">
        <ele>3177.461</ele>
        <time>2024-08-04T17:55:36.013Z</time>
      </trkpt>
      <trkpt lat="19.205291" lon="-98.718840">
        <ele>3178.927</ele>
        <time>2024-08-04T17:55:42.013Z</time>
      </trkpt>
      <trkpt lat="19.205267" lon="-98.718796">
        <ele>3181.209</ele>
        <time>2024-08-04T17:55:48.013Z</time>
      </trkpt>
      <trkpt lat="19.205253" lon="-98.718748">
        <ele>3182.758</ele>
        <time>2024-08-04T17:55:54.013Z</time>
      </trkpt>
      <trkpt lat="19.205236" lon="-98.718700">
        <ele>3184.764</ele>
        <time>2024-08-04T17:55:59.013Z</time>
      </trkpt>
      <trkpt lat="19.205203" lon="-98.718661">
        <ele>3184.736</ele>
        <time>2024-08-04T17:56:03.013Z</time>
      </trkpt>
      <trkpt lat="19.205170" lon="-98.718617">
        <ele>3184.885</ele>
        <time>2024-08-04T17:56:09.013Z</time>
      </trkpt>
      <trkpt lat="19.205154" lon="-98.718568">
        <ele>3184.798</ele>
        <time>2024-08-04T17:56:16.013Z</time>
      </trkpt>
      <trkpt lat="19.205136" lon="-98.718519">
        <ele>3184.756</ele>
        <time>2024-08-04T17:56:22.013Z</time>
      </trkpt>
      <trkpt lat="19.205115" lon="-98.718472">
        <ele>3185.039</ele>
        <time>2024-08-04T17:56:27.013Z</time>
      </trkpt>
      <trkpt lat="19.205084" lon="-98.718431">
        <ele>3189.634</ele>
        <time>2024-08-04T17:56:43.013Z</time>
      </trkpt>
      <trkpt lat="19.205073" lon="-98.718382">
        <ele>3190.556</ele>
        <time>2024-08-04T17:56:50.013Z</time>
      </trkpt>
      <trkpt lat="19.205045" lon="-98.718339">
        <ele>3191.532</ele>
        <time>2024-08-04T17:56:58.013Z</time>
      </trkpt>
      <trkpt lat="19.205020" lon="-98.718298">
        <ele>3191.792</ele>
        <time>2024-08-04T17:57:04.013Z</time>
      </trkpt>
      <trkpt lat="19.204997" lon="-98.718251">
        <ele>3191.711</ele>
        <time>2024-08-04T17:57:11.013Z</time>
      </trkpt>
      <trkpt lat="19.204978" lon="-98.718205">
        <ele>3191.709</ele>
        <time>2024-08-04T17:57:17.013Z</time>
      </trkpt>
      <trkpt lat="19.204965" lon="-98.718158">
        <ele>3192.134</ele>
        <time>2024-08-04T17:57:23.013Z</time>
      </trkpt>
      <trkpt lat="19.204938" lon="-98.718116">
        <ele>3192.730</ele>
        <time>2024-08-04T17:57:29.013Z</time>
      </trkpt>
      <trkpt lat="19.204913" lon="-98.718074">
        <ele>3192.992</ele>
        <time>2024-08-04T17:57:35.013Z</time>
      </trkpt>
      <trkpt lat="19.204887" lon="-98.718032">
        <ele>3193.431</ele>
        <time>2024-08-04T17:57:41.013Z</time>
      </trkpt>
      <trkpt lat="19.204857" lon="-98.717991">
        <ele>3194.744</ele>
        <time>2024-08-04T17:57:46.013Z</time>
      </trkpt>
      <trkpt lat="19.204840" lon="-98.717943">
        <ele>3198.532</ele>
        <time>2024-08-04T17:57:57.013Z</time>
      </trkpt>
      <trkpt lat="19.204806" lon="-98.717912">
        <ele>3203.275</ele>
        <time>2024-08-04T17:58:03.013Z</time>
      </trkpt>
      <trkpt lat="19.204770" lon="-98.717873">
        <ele>3203.810</ele>
        <time>2024-08-04T17:58:10.013Z</time>
      </trkpt>
      <trkpt lat="19.204756" lon="-98.717826">
        <ele>3204.352</ele>
        <time>2024-08-04T17:58:15.013Z</time>
      </trkpt>
      <trkpt lat="19.204733" lon="-98.717776">
        <ele>3204.215</ele>
        <time>2024-08-04T17:58:21.013Z</time>
      </trkpt>
      <trkpt lat="19.204718" lon="-98.717730">
        <ele>3204.265</ele>
        <time>2024-08-04T17:58:26.013Z</time>
      </trkpt>
      <trkpt lat="19.204710" lon="-98.717677">
        <ele>3203.211</ele>
        <time>2024-08-04T17:58:32.013Z</time>
      </trkpt>
      <trkpt lat="19.204694" lon="-98.717627">
        <ele>3202.709</ele>
        <time>2024-08-04T17:58:39.013Z</time>
      </trkpt>
      <trkpt lat="19.204688" lon="-98.717579">
        <ele>3202.742</ele>
        <time>2024-08-04T17:58:46.013Z</time>
      </trkpt>
      <trkpt lat="19.204672" lon="-98.717532">
        <ele>3202.718</ele>
        <time>2024-08-04T17:58:51.013Z</time>
      </trkpt>
      <trkpt lat="19.204647" lon="-98.717491">
        <ele>3203.250</ele>
        <time>2024-08-04T17:58:56.013Z</time>
      </trkpt>
      <trkpt lat="19.204636" lon="-98.717445">
        <ele>3204.869</ele>
        <time>2024-08-04T17:59:01.013Z</time>
      </trkpt>
      <trkpt lat="19.204632" lon="-98.717384">
        <ele>3205.282</ele>
        <time>2024-08-04T17:59:07.013Z</time>
      </trkpt>
      <trkpt lat="19.204624" lon="-98.717327">
        <ele>3206.070</ele>
        <time>2024-08-04T17:59:12.013Z</time>
      </trkpt>
      <trkpt lat="19.204620" lon="-98.717272">
        <ele>3208.293</ele>
        <time>2024-08-04T17:59:17.013Z</time>
      </trkpt>
      <trkpt lat="19.204615" lon="-98.717214">
        <ele>3209.968</ele>
        <time>2024-08-04T17:59:22.013Z</time>
      </trkpt>
      <trkpt lat="19.204612" lon="-98.717164">
        <ele>3211.560</ele>
        <time>2024-08-04T17:59:26.013Z</time>
      </trkpt>
      <trkpt lat="19.204611" lon="-98.717109">
        <ele>3212.059</ele>
        <time>2024-08-04T17:59:31.013Z</time>
      </trkpt>
      <trkpt lat="19.204608" lon="-98.717061">
        <ele>3212.303</ele>
        <time>2024-08-04T17:59:35.013Z</time>
      </trkpt>
      <trkpt lat="19.204613" lon="-98.717008">
        <ele>3212.723</ele>
        <time>2024-08-04T17:59:40.013Z</time>
      </trkpt>
      <trkpt lat="19.204617" lon="-98.716957">
        <ele>3213.009</ele>
        <time>2024-08-04T17:59:51.013Z</time>
      </trkpt>
      <trkpt lat="19.204619" lon="-98.716909">
        <ele>3213.256</ele>
        <time>2024-08-04T17:59:56.013Z</time>
      </trkpt>
      <trkpt lat="19.204630" lon="-98.716862">
        <ele>3213.282</ele>
        <time>2024-08-04T18:00:01.013Z</time>
      </trkpt>
      <trkpt lat="19.204624" lon="-98.716805">
        <ele>3213.394</ele>
        <time>2024-08-04T18:00:06.013Z</time>
      </trkpt>
      <trkpt lat="19.204621" lon="-98.716753">
        <ele>3213.513</ele>
        <time>2024-08-04T18:00:11.013Z</time>
      </trkpt>
      <trkpt lat="19.204618" lon="-98.716694">
        <ele>3215.356</ele>
        <time>2024-08-04T18:00:16.013Z</time>
      </trkpt>
      <trkpt lat="19.204613" lon="-98.716643">
        <ele>3217.844</ele>
        <time>2024-08-04T18:00:20.013Z</time>
      </trkpt>
      <trkpt lat="19.204612" lon="-98.716585">
        <ele>3218.357</ele>
        <time>2024-08-04T18:00:25.013Z</time>
      </trkpt>
      <trkpt lat="19.204611" lon="-98.716529">
        <ele>3219.262</ele>
        <time>2024-08-04T18:00:30.013Z</time>
      </trkpt>
      <trkpt lat="19.204610" lon="-98.716475">
        <ele>3220.054</ele>
        <time>2024-08-04T18:00:40.013Z</time>
      </trkpt>
      <trkpt lat="19.204588" lon="-98.716427">
        <ele>3220.025</ele>
        <time>2024-08-04T18:00:45.013Z</time>
      </trkpt>
      <trkpt lat="19.204573" lon="-98.716375">
        <ele>3220.126</ele>
        <time>2024-08-04T18:00:49.013Z</time>
      </trkpt>
      <trkpt lat="19.204560" lon="-98.716328">
        <ele>3220.108</ele>
        <time>2024-08-04T18:00:53.013Z</time>
      </trkpt>
      <trkpt lat="19.204542" lon="-98.716269">
        <ele>3220.009</ele>
        <time>2024-08-04T18:00:58.013Z</time>
      </trkpt>
      <trkpt lat="19.204546" lon="-98.716216">
        <ele>3220.083</ele>
        <time>2024-08-04T18:01:07.013Z</time>
      </trkpt>
      <trkpt lat="19.204525" lon="-98.716174">
        <ele>3221.629</ele>
        <time>2024-08-04T18:01:34.013Z</time>
      </trkpt>
      <trkpt lat="19.204516" lon="-98.716117">
        <ele>3222.451</ele>
        <time>2024-08-04T18:01:58.013Z</time>
      </trkpt>
      <trkpt lat="19.204498" lon="-98.716069">
        <ele>3222.470</ele>
        <time>2024-08-04T18:02:03.013Z</time>
      </trkpt>
      <trkpt lat="19.204498" lon="-98.716021">
        <ele>3222.463</ele>
        <time>2024-08-04T18:02:07.013Z</time>
      </trkpt>
      <trkpt lat="19.204481" lon="-98.715976">
        <ele>3222.481</ele>
        <time>2024-08-04T18:02:10.013Z</time>
      </trkpt>
      <trkpt lat="19.204481" lon="-98.715923">
        <ele>3222.474</ele>
        <time>2024-08-04T18:02:15.013Z</time>
      </trkpt>
      <trkpt lat="19.204487" lon="-98.715874">
        <ele>3220.749</ele>
        <time>2024-08-04T18:02:19.013Z</time>
      </trkpt>
      <trkpt lat="19.204488" lon="-98.715826">
        <ele>3220.461</ele>
        <time>2024-08-04T18:02:22.013Z</time>
      </trkpt>
      <trkpt lat="19.204480" lon="-98.715770">
        <ele>3220.371</ele>
        <time>2024-08-04T18:02:26.013Z</time>
      </trkpt>
      <trkpt lat="19.204469" lon="-98.715713">
        <ele>3220.241</ele>
        <time>2024-08-04T18:02:30.013Z</time>
      </trkpt>
      <trkpt lat="19.204450" lon="-98.715668">
        <ele>3220.015</ele>
        <time>2024-08-04T18:02:33.013Z</time>
      </trkpt>
      <trkpt lat="19.204451" lon="-98.715615">
        <ele>3220.209</ele>
        <time>2024-08-04T18:02:37.013Z</time>
      </trkpt>
      <trkpt lat="19.204447" lon="-98.715557">
        <ele>3220.238</ele>
        <time>2024-08-04T18:02:41.013Z</time>
      </trkpt>
      <trkpt lat="19.204437" lon="-98.715504">
        <ele>3220.214</ele>
        <time>2024-08-04T18:02:45.013Z</time>
      </trkpt>
      <trkpt lat="19.204416" lon="-98.715450">
        <ele>3220.266</ele>
        <time>2024-08-04T18:02:49.013Z</time>
      </trkpt>
      <trkpt lat="19.204400" lon="-98.715396">
        <ele>3220.225</ele>
        <time>2024-08-04T18:02:53.013Z</time>
      </trkpt>
      <trkpt lat="19.204418" lon="-98.715346">
        <ele>3220.288</ele>
        <time>2024-08-04T18:02:58.013Z</time>
      </trkpt>
      <trkpt lat="19.204428" lon="-98.715299">
        <ele>3220.566</ele>
        <time>2024-08-04T18:03:02.013Z</time>
      </trkpt>
      <trkpt lat="19.204436" lon="-98.715251">
        <ele>3220.469</ele>
        <time>2024-08-04T18:03:06.013Z</time>
      </trkpt>
      <trkpt lat="19.204453" lon="-98.715198">
        <ele>3220.584</ele>
        <time>2024-08-04T18:03:12.013Z</time>
      </trkpt>
      <trkpt lat="19.204461" lon="-98.715145">
        <ele>3220.616</ele>
        <time>2024-08-04T18:03:17.013Z</time>
      </trkpt>
      <trkpt lat="19.204462" lon="-98.715087">
        <ele>3220.817</ele>
        <time>2024-08-04T18:03:22.013Z</time>
      </trkpt>
      <trkpt lat="19.204459" lon="-98.715037">
        <ele>3220.887</ele>
        <time>2024-08-04T18:03:26.013Z</time>
      </trkpt>
      <trkpt lat="19.204456" lon="-98.714987">
        <ele>3223.615</ele>
        <time>2024-08-04T18:03:30.013Z</time>
      </trkpt>
      <trkpt lat="19.204453" lon="-98.714939">
        <ele>3224.209</ele>
        <time>2024-08-04T18:03:34.013Z</time>
      </trkpt>
      <trkpt lat="19.204456" lon="-98.714890">
        <ele>3225.242</ele>
        <time>2024-08-04T18:03:38.013Z</time>
      </trkpt>
      <trkpt lat="19.204469" lon="-98.714832">
        <ele>3226.878</ele>
        <time>2024-08-04T18:03:43.013Z</time>
      </trkpt>
      <trkpt lat="19.204482" lon="-98.714775">
        <ele>3228.110</ele>
        <time>2024-08-04T18:03:48.013Z</time>
      </trkpt>
      <trkpt lat="19.204499" lon="-98.714723">
        <ele>3228.159</ele>
        <time>2024-08-04T18:03:53.013Z</time>
      </trkpt>
      <trkpt lat="19.204514" lon="-98.714667">
        <ele>3228.052</ele>
        <time>2024-08-04T18:03:58.013Z</time>
      </trkpt>
      <trkpt lat="19.204544" lon="-98.714624">
        <ele>3228.010</ele>
        <time>2024-08-04T18:04:02.013Z</time>
      </trkpt>
      <trkpt lat="19.204570" lon="-98.714577">
        <ele>3228.023</ele>
        <time>2024-08-04T18:04:07.013Z</time>
      </trkpt>
      <trkpt lat="19.204600" lon="-98.714531">
        <ele>3228.718</ele>
        <time>2024-08-04T18:04:15.013Z</time>
      </trkpt>
      <trkpt lat="19.204635" lon="-98.714497">
        <ele>3235.290</ele>
        <time>2024-08-04T18:04:46.013Z</time>
      </trkpt>
      <trkpt lat="19.204682" lon="-98.714484">
        <ele>3235.596</ele>
        <time>2024-08-04T18:04:52.013Z</time>
      </trkpt>
      <trkpt lat="19.204724" lon="-98.714458">
        <ele>3235.531</ele>
        <time>2024-08-04T18:05:00.013Z</time>
      </trkpt>
      <trkpt lat="19.204728" lon="-98.714407">
        <ele>3236.424</ele>
        <time>2024-08-04T18:05:11.013Z</time>
      </trkpt>
      <trkpt lat="19.204748" lon="-98.714362">
        <ele>3236.809</ele>
        <time>2024-08-04T18:05:17.013Z</time>
      </trkpt>
      <trkpt lat="19.204774" lon="-98.714313">
        <ele>3237.570</ele>
        <time>2024-08-04T18:05:23.013Z</time>
      </trkpt>
      <trkpt lat="19.204813" lon="-98.714274">
        <ele>3237.856</ele>
        <time>2024-08-04T18:05:29.013Z</time>
      </trkpt>
      <trkpt lat="19.204851" lon="-98.714237">
        <ele>3237.828</ele>
        <time>2024-08-04T18:05:34.013Z</time>
      </trkpt>
      <trkpt lat="19.204885" lon="-98.714198">
        <ele>3237.887</ele>
        <time>2024-08-04T18:05:39.013Z</time>
      </trkpt>
      <trkpt lat="19.204911" lon="-98.714159">
        <ele>3239.570</ele>
        <time>2024-08-04T18:05:44.013Z</time>
      </trkpt>
      <trkpt lat="19.204943" lon="-98.714110">
        <ele>3241.798</ele>
        <time>2024-08-04T18:05:50.013Z</time>
      </trkpt>
      <trkpt lat="19.204983" lon="-98.714081">
        <ele>3242.411</ele>
        <time>2024-08-04T18:05:54.013Z</time>
      </trkpt>
      <trkpt lat="19.205017" lon="-98.714036">
        <ele>3243.326</ele>
        <time>2024-08-04T18:05:59.013Z</time>
      </trkpt>
      <trkpt lat="19.205046" lon="-98.713995">
        <ele>3244.298</ele>
        <time>2024-08-04T18:06:04.013Z</time>
      </trkpt>
      <trkpt lat="19.205080" lon="-98.713958">
        <ele>3244.429</ele>
        <time>2024-08-04T18:06:09.013Z</time>
      </trkpt>
      <trkpt lat="19.205108" lon="-98.713916">
        <ele>3244.900</ele>
        <time>2024-08-04T18:06:14.013Z</time>
      </trkpt>
      <trkpt lat="19.205134" lon="-98.713868">
        <ele>3244.820</ele>
        <time>2024-08-04T18:06:19.013Z</time>
      </trkpt>
      <trkpt lat="19.205167" lon="-98.713830">
        <ele>3244.909</ele>
        <time>2024-08-04T18:06:23.013Z</time>
      </trkpt>
      <trkpt lat="19.205208" lon="-98.713800">
        <ele>3245.153</ele>
        <time>2024-08-04T18:06:28.013Z</time>
      </trkpt>
      <trkpt lat="19.205247" lon="-98.713765">
        <ele>3245.859</ele>
        <time>2024-08-04T18:06:36.013Z</time>
      </trkpt>
      <trkpt lat="19.205283" lon="-98.713727">
        <ele>3246.721</ele>
        <time>2024-08-04T18:06:43.013Z</time>
      </trkpt>
      <trkpt lat="19.205325" lon="-98.713700">
        <ele>3247.890</ele>
        <time>2024-08-04T18:06:49.013Z</time>
      </trkpt>
      <trkpt lat="19.205369" lon="-98.713677">
        <ele>3249.073</ele>
        <time>2024-08-04T18:07:00.013Z</time>
      </trkpt>
      <trkpt lat="19.205413" lon="-98.713652">
        <ele>3254.371</ele>
        <time>2024-08-04T18:07:06.013Z</time>
      </trkpt>
      <trkpt lat="19.205459" lon="-98.713627">
        <ele>3254.594</ele>
        <time>2024-08-04T18:07:14.013Z</time>
      </trkpt>
      <trkpt lat="19.205500" lon="-98.713605">
        <ele>3255.159</ele>
        <time>2024-08-04T18:07:21.013Z</time>
      </trkpt>
      <trkpt lat="19.205536" lon="-98.713570">
        <ele>3255.891</ele>
        <time>2024-08-04T18:07:27.013Z</time>
      </trkpt>
      <trkpt lat="19.205570" lon="-98.713535">
        <ele>3255.972</ele>
        <time>2024-08-04T18:07:32.013Z</time>
      </trkpt>
      <trkpt lat="19.205604" lon="-98.713499">
        <ele>3257.113</ele>
        <time>2024-08-04T18:07:37.013Z</time>
      </trkpt>
      <trkpt lat="19.205646" lon="-98.713473">
        <ele>3257.314</ele>
        <time>2024-08-04T18:07:42.013Z</time>
      </trkpt>
      <trkpt lat="19.205683" lon="-98.713438">
        <ele>3259.809</ele>
        <time>2024-08-04T18:07:53.013Z</time>
      </trkpt>
      <trkpt lat="19.205712" lon="-98.713400">
        <ele>3259.998</ele>
        <time>2024-08-04T18:07:59.013Z</time>
      </trkpt>
      <trkpt lat="19.205732" lon="-98.713350">
        <ele>3259.954</ele>
        <time>2024-08-04T18:08:06.013Z</time>
      </trkpt>
      <trkpt lat="19.205767" lon="-98.713313">
        <ele>3259.946</ele>
        <time>2024-08-04T18:08:12.013Z</time>
      </trkpt>
      <trkpt lat="19.205802" lon="-98.713282">
        <ele>3260.555</ele>
        <time>2024-08-04T18:08:18.013Z</time>
      </trkpt>
      <trkpt lat="19.205828" lon="-98.713241">
        <ele>3260.618</ele>
        <time>2024-08-04T18:08:28.013Z</time>
      </trkpt>
      <trkpt lat="19.205847" lon="-98.713194">
        <ele>3263.736</ele>
        <time>2024-08-04T18:08:36.013Z</time>
      </trkpt>
      <trkpt lat="19.205871" lon="-98.713149">
        <ele>3264.419</ele>
        <time>2024-08-04T18:08:43.013Z</time>
      </trkpt>
      <trkpt lat="19.205892" lon="-98.713104">
        <ele>3264.814</ele>
        <time>2024-08-04T18:08:49.013Z</time>
      </trkpt>
      <trkpt lat="19.205917" lon="-98.713058">
        <ele>3265.666</ele>
        <time>2024-08-04T18:08:55.013Z</time>
      </trkpt>
      <trkpt lat="19.205945" lon="-98.713020">
        <ele>3266.839</ele>
        <time>2024-08-04T18:09:01.013Z</time>
      </trkpt>
      <trkpt lat="19.205961" lon="-98.712975">
        <ele>3266.801</ele>
        <time>2024-08-04T18:09:08.013Z</time>
      </trkpt>
      <trkpt lat="19.205971" lon="-98.712925">
        <ele>3268.021</ele>
        <time>2024-08-04T18:09:15.013Z</time>
      </trkpt>
      <trkpt lat="19.205988" lon="-98.712879">
        <ele>3270.509</ele>
        <time>2024-08-04T18:09:21.013Z</time>
      </trkpt>
      <trkpt lat="19.206010" lon="-98.712827">
        <ele>3271.484</ele>
        <time>2024-08-04T18:09:27.013Z</time>
      </trkpt>
      <trkpt lat="19.206031" lon="-98.712780">
        <ele>3271.660</ele>
        <time>2024-08-04T18:09:32.013Z</time>
      </trkpt>
      <trkpt lat="19.206041" lon="-98.712726">
        <ele>3271.812</ele>
        <time>2024-08-04T18:09:37.013Z</time>
      </trkpt>
      <trkpt lat="19.206050" lon="-98.712671">
        <ele>3271.981</ele>
        <time>2024-08-04T18:09:43.013Z</time>
      </trkpt>
      <trkpt lat="19.206065" lon="-98.712624">
        <ele>3272.194</ele>
        <time>2024-08-04T18:09:48.013Z</time>
      </trkpt>
      <trkpt lat="19.206089" lon="-98.712578">
        <ele>3272.742</ele>
        <time>2024-08-04T18:09:54.013Z</time>
      </trkpt>
      <trkpt lat="19.206111" lon="-98.712529">
        <ele>3273.225</ele>
        <time>2024-08-04T18:10:00.013Z</time>
      </trkpt>
      <trkpt lat="19.206144" lon="-98.712494">
        <ele>3274.270</ele>
        <time>2024-08-04T18:10:10.013Z</time>
      </trkpt>
      <trkpt lat="19.206164" lon="-98.712451">
        <ele>3274.382</ele>
        <time>2024-08-04T18:10:16.013Z</time>
      </trkpt>
      <trkpt lat="19.206169" lon="-98.712396">
        <ele>3274.994</ele>
        <time>2024-08-04T18:10:22.013Z</time>
      </trkpt>
      <trkpt lat="19.206188" lon="-98.712346">
        <ele>3275.157</ele>
        <time>2024-08-04T18:10:29.013Z</time>
      </trkpt>
      <trkpt lat="19.206215" lon="-98.712303">
        <ele>3276.022</ele>
        <time>2024-08-04T18:10:38.013Z</time>
      </trkpt>
      <trkpt lat="19.206235" lon="-98.712257">
        <ele>3278.709</ele>
        <time>2024-08-04T18:10:44.013Z</time>
      </trkpt>
      <trkpt lat="19.206266" lon="-98.712213">
        <ele>3280.250</ele>
        <time>2024-08-04T18:10:55.013Z</time>
      </trkpt>
      <trkpt lat="19.206281" lon="-98.712162">
        <ele>3281.446</ele>
        <time>2024-08-04T18:11:04.013Z</time>
      </trkpt>
      <trkpt lat="19.206285" lon="-98.712109">
        <ele>3281.818</ele>
        <time>2024-08-04T18:11:12.013Z</time>
      </trkpt>
      <trkpt lat="19.206309" lon="-98.712061">
        <ele>3281.747</ele>
        <time>2024-08-04T18:11:18.013Z</time>
      </trkpt>
      <trkpt lat="19.206319" lon="-98.712008">
        <ele>3281.730</ele>
        <time>2024-08-04T18:11:24.013Z</time>
      </trkpt>
      <trkpt lat="19.206335" lon="-98.711960">
        <ele>3282.178</ele>
        <time>2024-08-04T18:11:30.013Z</time>
      </trkpt>
      <trkpt lat="19.206355" lon="-98.711910">
        <ele>3281.721</ele>
        <time>2024-08-04T18:11:37.013Z</time>
      </trkpt>
      <trkpt lat="19.206374" lon="-98.711856">
        <ele>3281.976</ele>
        <time>2024-08-04T18:11:43.013Z</time>
      </trkpt>
      <trkpt lat="19.206394" lon="-98.711811">
        <ele>3282.388</ele>
        <time>2024-08-04T18:11:48.013Z</time>
      </trkpt>
      <trkpt lat="19.206408" lon="-98.711763">
        <ele>3282.885</ele>
        <time>2024-08-04T18:11:53.013Z</time>
      </trkpt>
      <trkpt lat="19.206435" lon="-98.711722">
        <ele>3283.089</ele>
        <time>2024-08-04T18:11:59.013Z</time>
      </trkpt>
      <trkpt lat="19.206443" lon="-98.711669">
        <ele>3284.417</ele>
        <time>2024-08-04T18:12:11.013Z</time>
      </trkpt>
      <trkpt lat="19.206441" lon="-98.711619">
        <ele>3288.609</ele>
        <time>2024-08-04T18:12:18.013Z</time>
      </trkpt>
      <trkpt lat="19.206456" lon="-98.711568">
        <ele>3289.969</ele>
        <time>2024-08-04T18:12:26.013Z</time>
      </trkpt>
      <trkpt lat="19.206480" lon="-98.711518">
        <ele>3292.965</ele>
        <time>2024-08-04T18:12:33.013Z</time>
      </trkpt>
      <trkpt lat="19.206497" lon="-98.711466">
        <ele>3296.547</ele>
        <time>2024-08-04T18:12:41.013Z</time>
      </trkpt>
      <trkpt lat="19.206513" lon="-98.711420">
        <ele>3298.246</ele>
        <time>2024-08-04T18:12:49.013Z</time>
      </trkpt>
      <trkpt lat="19.206537" lon="-98.711376">
        <ele>3298.969</ele>
        <time>2024-08-04T18:12:56.013Z</time>
      </trkpt>
      <trkpt lat="19.206562" lon="-98.711330">
        <ele>3299.687</ele>
        <time>2024-08-04T18:13:03.013Z</time>
      </trkpt>
      <trkpt lat="19.206577" lon="-98.711281">
        <ele>3301.120</ele>
        <time>2024-08-04T18:13:10.013Z</time>
      </trkpt>
      <trkpt lat="19.206595" lon="-98.711235">
        <ele>3302.945</ele>
        <time>2024-08-04T18:13:17.013Z</time>
      </trkpt>
      <trkpt lat="19.206604" lon="-98.711187">
        <ele>3303.887</ele>
        <time>2024-08-04T18:13:25.013Z</time>
      </trkpt>
      <trkpt lat="19.206622" lon="-98.711141">
        <ele>3305.177</ele>
        <time>2024-08-04T18:13:33.013Z</time>
      </trkpt>
      <trkpt lat="19.206645" lon="-98.711098">
        <ele>3306.861</ele>
        <time>2024-08-04T18:13:40.013Z</time>
      </trkpt>
      <trkpt lat="19.206677" lon="-98.711059">
        <ele>3307.527</ele>
        <time>2024-08-04T18:13:47.013Z</time>
      </trkpt>
      <trkpt lat="19.206699" lon="-98.711009">
        <ele>3310.309</ele>
        <time>2024-08-04T18:13:54.013Z</time>
      </trkpt>
      <trkpt lat="19.206731" lon="-98.710966">
        <ele>3312.058</ele>
        <time>2024-08-04T18:14:00.013Z</time>
      </trkpt>
      <trkpt lat="19.206763" lon="-98.710932">
        <ele>3312.374</ele>
        <time>2024-08-04T18:14:05.013Z</time>
      </trkpt>
      <trkpt lat="19.206802" lon="-98.710901">
        <ele>3312.486</ele>
        <time>2024-08-04T18:14:12.013Z</time>
      </trkpt>
      <trkpt lat="19.206839" lon="-98.710873">
        <ele>3312.445</ele>
        <time>2024-08-04T18:14:19.013Z</time>
      </trkpt>
      <trkpt lat="19.206876" lon="-98.710837">
        <ele>3312.478</ele>
        <time>2024-08-04T18:14:27.013Z</time>
      </trkpt>
      <trkpt lat="19.206918" lon="-98.710807">
        <ele>3314.636</ele>
        <time>2024-08-04T18:14:34.013Z</time>
      </trkpt>
      <trkpt lat="19.206959" lon="-98.710777">
        <ele>3316.579</ele>
        <time>2024-08-04T18:14:39.013Z</time>
      </trkpt>
      <trkpt lat="19.206997" lon="-98.710745">
        <ele>3317.514</ele>
        <time>2024-08-04T18:14:45.013Z</time>
      </trkpt>
      <trkpt lat="19.207027" lon="-98.710701">
        <ele>3317.526</ele>
        <time>2024-08-04T18:14:51.013Z</time>
      </trkpt>
      <trkpt lat="19.207061" lon="-98.710665">
        <ele>3317.518</ele>
        <time>2024-08-04T18:14:57.013Z</time>
      </trkpt>
      <trkpt lat="19.207093" lon="-98.710618">
        <ele>3317.198</ele>
        <time>2024-08-04T18:15:03.013Z</time>
      </trkpt>
      <trkpt lat="19.207123" lon="-98.710578">
        <ele>3317.017</ele>
        <time>2024-08-04T18:15:08.013Z</time>
      </trkpt>
      <trkpt lat="19.207155" lon="-98.710543">
        <ele>3317.009</ele>
        <time>2024-08-04T18:15:13.013Z</time>
      </trkpt>
      <trkpt lat="19.207194" lon="-98.710508">
        <ele>3317.022</ele>
        <time>2024-08-04T18:15:19.013Z</time>
      </trkpt>
      <trkpt lat="19.207225" lon="-98.710471">
        <ele>3317.498</ele>
        <time>2024-08-04T18:15:25.013Z</time>
      </trkpt>
      <trkpt lat="19.207252" lon="-98.710432">
        <ele>3317.760</ele>
        <time>2024-08-04T18:15:31.013Z</time>
      </trkpt>
      <trkpt lat="19.207277" lon="-98.710390">
        <ele>3318.329</ele>
        <time>2024-08-04T18:15:37.013Z</time>
      </trkpt>
      <trkpt lat="19.207316" lon="-98.710355">
        <ele>3320.482</ele>
        <time>2024-08-04T18:15:43.013Z</time>
      </trkpt>
      <trkpt lat="19.207326" lon="-98.710304">
        <ele>3322.170</ele>
        <time>2024-08-04T18:16:08.013Z</time>
      </trkpt>
      <trkpt lat="19.207306" lon="-98.710260">
        <ele>3323.443</ele>
        <time>2024-08-04T18:16:15.013Z</time>
      </trkpt>
      <trkpt lat="19.207274" lon="-98.710218">
        <ele>3323.668</ele>
        <time>2024-08-04T18:16:20.013Z</time>
      </trkpt>
      <trkpt lat="19.207227" lon="-98.710192">
        <ele>3323.660</ele>
        <time>2024-08-04T18:16:25.013Z</time>
      </trkpt>
      <trkpt lat="19.207181" lon="-98.710179">
        <ele>3323.758</ele>
        <time>2024-08-04T18:16:31.013Z</time>
      </trkpt>
      <trkpt lat="19.207130" lon="-98.710168">
        <ele>3324.152</ele>
        <time>2024-08-04T18:16:36.013Z</time>
      </trkpt>
      <trkpt lat="19.207080" lon="-98.710148">
        <ele>3324.817</ele>
        <time>2024-08-04T18:16:40.013Z</time>
      </trkpt>
      <trkpt lat="19.207032" lon="-98.710145">
        <ele>3324.809</ele>
        <time>2024-08-04T18:16:44.013Z</time>
      </trkpt>
      <trkpt lat="19.206979" lon="-98.710157">
        <ele>3324.876</ele>
        <time>2024-08-04T18:16:47.013Z</time>
      </trkpt>
      <trkpt lat="19.206932" lon="-98.710171">
        <ele>3325.522</ele>
        <time>2024-08-04T18:16:55.013Z</time>
      </trkpt>
      <trkpt lat="19.206880" lon="-98.710169">
        <ele>3325.674</ele>
        <time>2024-08-04T18:16:59.013Z</time>
      </trkpt>
      <trkpt lat="19.206834" lon="-98.710158">
        <ele>3327.193</ele>
        <time>2024-08-04T18:17:03.013Z</time>
      </trkpt>
      <trkpt lat="19.206795" lon="-98.710134">
        <ele>3327.756</ele>
        <time>2024-08-04T18:17:08.013Z</time>
      </trkpt>
      <trkpt lat="19.206743" lon="-98.710120">
        <ele>3328.144</ele>
        <time>2024-08-04T18:17:14.013Z</time>
      </trkpt>
      <trkpt lat="19.206700" lon="-98.710090">
        <ele>3328.747</ele>
        <time>2024-08-04T18:17:19.013Z</time>
      </trkpt>
      <trkpt lat="19.206646" lon="-98.710080">
        <ele>3328.632</ele>
        <time>2024-08-04T18:17:24.013Z</time>
      </trkpt>
      <trkpt lat="19.206598" lon="-98.710072">
        <ele>3328.584</ele>
        <time>2024-08-04T18:17:28.013Z</time>
      </trkpt>
      <trkpt lat="19.206554" lon="-98.710058">
        <ele>3329.069</ele>
        <time>2024-08-04T18:17:35.013Z</time>
      </trkpt>
      <trkpt lat="19.206514" lon="-98.710032">
        <ele>3333.904</ele>
        <time>2024-08-04T18:17:49.013Z</time>
      </trkpt>
      <trkpt lat="19.206469" lon="-98.710016">
        <ele>3333.924</ele>
        <time>2024-08-04T18:17:54.013Z</time>
      </trkpt>
      <trkpt lat="19.206422" lon="-98.709998">
        <ele>3333.909</ele>
        <time>2024-08-04T18:17:59.013Z</time>
      </trkpt>
      <trkpt lat="19.206372" lon="-98.709982">
        <ele>3333.957</ele>
        <time>2024-08-04T18:18:04.013Z</time>
      </trkpt>
      <trkpt lat="19.206322" lon="-98.709978">
        <ele>3331.393</ele>
        <time>2024-08-04T18:18:09.013Z</time>
      </trkpt>
      <trkpt lat="19.206274" lon="-98.709957">
        <ele>3330.015</ele>
        <time>2024-08-04T18:18:15.013Z</time>
      </trkpt>
      <trkpt lat="19.206222" lon="-98.709944">
        <ele>3329.964</ele>
        <time>2024-08-04T18:18:20.013Z</time>
      </trkpt>
      <trkpt lat="19.206173" lon="-98.709938">
        <ele>3329.547</ele>
        <time>2024-08-04T18:18:25.013Z</time>
      </trkpt>
      <trkpt lat="19.206128" lon="-98.709942">
        <ele>3329.235</ele>
        <time>2024-08-04T18:18:30.013Z</time>
      </trkpt>
      <trkpt lat="19.206082" lon="-98.709943">
        <ele>3329.298</ele>
        <time>2024-08-04T18:18:35.013Z</time>
      </trkpt>
      <trkpt lat="19.206028" lon="-98.709941">
        <ele>3329.363</ele>
        <time>2024-08-04T18:18:40.013Z</time>
      </trkpt>
      <trkpt lat="19.205982" lon="-98.709936">
        <ele>3329.275</ele>
        <time>2024-08-04T18:18:44.013Z</time>
      </trkpt>
      <trkpt lat="19.205926" lon="-98.709933">
        <ele>3330.097</ele>
        <time>2024-08-04T18:18:49.013Z</time>
      </trkpt>
      <trkpt lat="19.205876" lon="-98.709929">
        <ele>3336.623</ele>
        <time>2024-08-04T18:18:55.013Z</time>
      </trkpt>
      <trkpt lat="19.205758" lon="-98.709932">
        <ele>3343.225</ele>
        <time>2024-08-04T18:20:33.013Z</time>
      </trkpt>
      <trkpt lat="19.205707" lon="-98.709972">
        <ele>3343.209</ele>
        <time>2024-08-04T18:20:34.013Z</time>
      </trkpt>
      <trkpt lat="19.205659" lon="-98.709984">
        <ele>3348.850</ele>
        <time>2024-08-04T18:20:38.013Z</time>
      </trkpt>
      <trkpt lat="19.205613" lon="-98.709965">
        <ele>3348.536</ele>
        <time>2024-08-04T18:20:42.013Z</time>
      </trkpt>
      <trkpt lat="19.205572" lon="-98.709933">
        <ele>3348.088</ele>
        <time>2024-08-04T18:20:46.013Z</time>
      </trkpt>
      <trkpt lat="19.205527" lon="-98.709922">
        <ele>3348.387</ele>
        <time>2024-08-04T18:20:51.013Z</time>
      </trkpt>
      <trkpt lat="19.205480" lon="-98.709917">
        <ele>3348.490</ele>
        <time>2024-08-04T18:20:57.013Z</time>
      </trkpt>
      <trkpt lat="19.205436" lon="-98.709901">
        <ele>3348.328</ele>
        <time>2024-08-04T18:21:03.013Z</time>
      </trkpt>
      <trkpt lat="19.205412" lon="-98.709859">
        <ele>3347.691</ele>
        <time>2024-08-04T18:21:16.013Z</time>
      </trkpt>
      <trkpt lat="19.205368" lon="-98.709835">
        <ele>3347.316</ele>
        <time>2024-08-04T18:21:21.013Z</time>
      </trkpt>
      <trkpt lat="19.205318" lon="-98.709821">
        <ele>3347.188</ele>
        <time>2024-08-04T18:21:26.013Z</time>
      </trkpt>
      <trkpt lat="19.205269" lon="-98.709820">
        <ele>3347.126</ele>
        <time>2024-08-04T18:21:31.013Z</time>
      </trkpt>
      <trkpt lat="19.205217" lon="-98.709809">
        <ele>3347.147</ele>
        <time>2024-08-04T18:21:37.013Z</time>
      </trkpt>
      <trkpt lat="19.205172" lon="-98.709792">
        <ele>3348.211</ele>
        <time>2024-08-04T18:21:42.013Z</time>
      </trkpt>
      <trkpt lat="19.205123" lon="-98.709774">
        <ele>3349.209</ele>
        <time>2024-08-04T18:21:47.013Z</time>
      </trkpt>
      <trkpt lat="19.205077" lon="-98.709755">
        <ele>3349.273</ele>
        <time>2024-08-04T18:21:52.013Z</time>
      </trkpt>
      <trkpt lat="19.205036" lon="-98.709733">
        <ele>3348.719</ele>
        <time>2024-08-04T18:21:57.013Z</time>
      </trkpt>
      <trkpt lat="19.204986" lon="-98.709720">
        <ele>3348.791</ele>
        <time>2024-08-04T18:22:03.013Z</time>
      </trkpt>
      <trkpt lat="19.204949" lon="-98.709693">
        <ele>3348.790</ele>
        <time>2024-08-04T18:22:07.013Z</time>
      </trkpt>
      <trkpt lat="19.204895" lon="-98.709675">
        <ele>3350.433</ele>
        <time>2024-08-04T18:22:12.013Z</time>
      </trkpt>
      <trkpt lat="19.204846" lon="-98.709660">
        <ele>3352.561</ele>
        <time>2024-08-04T18:22:17.013Z</time>
      </trkpt>
      <trkpt lat="19.204800" lon="-98.709633">
        <ele>3352.584</ele>
        <time>2024-08-04T18:22:22.013Z</time>
      </trkpt>
      <trkpt lat="19.204761" lon="-98.709605">
        <ele>3352.569</ele>
        <time>2024-08-04T18:22:27.013Z</time>
      </trkpt>
      <trkpt lat="19.204712" lon="-98.709585">
        <ele>3353.281</ele>
        <time>2024-08-04T18:22:32.013Z</time>
      </trkpt>
      <trkpt lat="19.204663" lon="-98.709557">
        <ele>3353.091</ele>
        <time>2024-08-04T18:22:37.013Z</time>
      </trkpt>
      <trkpt lat="19.204612" lon="-98.709536">
        <ele>3352.681</ele>
        <time>2024-08-04T18:22:42.013Z</time>
      </trkpt>
      <trkpt lat="19.204566" lon="-98.709526">
        <ele>3352.619</ele>
        <time>2024-08-04T18:22:46.013Z</time>
      </trkpt>
      <trkpt lat="19.204523" lon="-98.709504">
        <ele>3352.609</ele>
        <time>2024-08-04T18:22:50.013Z</time>
      </trkpt>
      <trkpt lat="19.204478" lon="-98.709488">
        <ele>3352.160</ele>
        <time>2024-08-04T18:22:54.013Z</time>
      </trkpt>
      <trkpt lat="19.204435" lon="-98.709470">
        <ele>3352.166</ele>
        <time>2024-08-04T18:22:58.013Z</time>
      </trkpt>
      <trkpt lat="19.204381" lon="-98.709454">
        <ele>3352.168</ele>
        <time>2024-08-04T18:23:03.013Z</time>
      </trkpt>
      <trkpt lat="19.204333" lon="-98.709431">
        <ele>3352.627</ele>
        <time>2024-08-04T18:23:08.013Z</time>
      </trkpt>
      <trkpt lat="19.204289" lon="-98.709416">
        <ele>3353.540</ele>
        <time>2024-08-04T18:23:12.013Z</time>
      </trkpt>
      <trkpt lat="19.204241" lon="-98.709403">
        <ele>3353.928</ele>
        <time>2024-08-04T18:23:16.013Z</time>
      </trkpt>
      <trkpt lat="19.204200" lon="-98.709374">
        <ele>3355.551</ele>
        <time>2024-08-04T18:23:20.013Z</time>
      </trkpt>
      <trkpt lat="19.204149" lon="-98.709351">
        <ele>3356.196</ele>
        <time>2024-08-04T18:23:25.013Z</time>
      </trkpt>
      <trkpt lat="19.204106" lon="-98.709331">
        <ele>3357.468</ele>
        <time>2024-08-04T18:23:29.013Z</time>
      </trkpt>
      <trkpt lat="19.204062" lon="-98.709320">
        <ele>3359.297</ele>
        <time>2024-08-04T18:23:33.013Z</time>
      </trkpt>
      <trkpt lat="19.204012" lon="-98.709297">
        <ele>3362.523</ele>
        <time>2024-08-04T18:23:38.013Z</time>
      </trkpt>
      <trkpt lat="19.203962" lon="-98.709272">
        <ele>3362.625</ele>
        <time>2024-08-04T18:23:43.013Z</time>
      </trkpt>
      <trkpt lat="19.203920" lon="-98.709246">
        <ele>3362.609</ele>
        <time>2024-08-04T18:23:47.013Z</time>
      </trkpt>
      <trkpt lat="19.203866" lon="-98.709228">
        <ele>3362.150</ele>
        <time>2024-08-04T18:23:52.013Z</time>
      </trkpt>
      <trkpt lat="19.203816" lon="-98.709213">
        <ele>3362.026</ele>
        <time>2024-08-04T18:23:56.013Z</time>
      </trkpt>
      <trkpt lat="19.203770" lon="-98.709207">
        <ele>3361.358</ele>
        <time>2024-08-04T18:24:01.013Z</time>
      </trkpt>
      <trkpt lat="19.203720" lon="-98.709217">
        <ele>3361.967</ele>
        <time>2024-08-04T18:24:06.013Z</time>
      </trkpt>
      <trkpt lat="19.203681" lon="-98.709252">
        <ele>3362.150</ele>
        <time>2024-08-04T18:24:11.013Z</time>
      </trkpt>
      <trkpt lat="19.203640" lon="-98.709289">
        <ele>3362.418</ele>
        <time>2024-08-04T18:24:16.013Z</time>
      </trkpt>
      <trkpt lat="19.203593" lon="-98.709314">
        <ele>3362.461</ele>
        <time>2024-08-04T18:24:21.013Z</time>
      </trkpt>
      <trkpt lat="19.203550" lon="-98.709330">
        <ele>3362.736</ele>
        <time>2024-08-04T18:24:25.013Z</time>
      </trkpt>
      <trkpt lat="19.203509" lon="-98.709358">
        <ele>3363.058</ele>
        <time>2024-08-04T18:24:29.013Z</time>
      </trkpt>
      <trkpt lat="19.203467" lon="-98.709381">
        <ele>3363.197</ele>
        <time>2024-08-04T18:24:34.013Z</time>
      </trkpt>
      <trkpt lat="19.203415" lon="-98.709400">
        <ele>3366.123</ele>
        <time>2024-08-04T18:24:39.013Z</time>
      </trkpt>
      <trkpt lat="19.203377" lon="-98.709427">
        <ele>3367.025</ele>
        <time>2024-08-04T18:24:43.013Z</time>
      </trkpt>
      <trkpt lat="19.203331" lon="-98.709460">
        <ele>3367.309</ele>
        <time>2024-08-04T18:24:48.013Z</time>
      </trkpt>
      <trkpt lat="19.203280" lon="-98.709478">
        <ele>3367.670</ele>
        <time>2024-08-04T18:24:53.013Z</time>
      </trkpt>
      <trkpt lat="19.203231" lon="-98.709485">
        <ele>3368.226</ele>
        <time>2024-08-04T18:24:58.013Z</time>
      </trkpt>
      <trkpt lat="19.203187" lon="-98.709495">
        <ele>3369.148</ele>
        <time>2024-08-04T18:25:03.013Z</time>
      </trkpt>
      <trkpt lat="19.203143" lon="-98.709508">
        <ele>3370.047</ele>
        <time>2024-08-04T18:25:08.013Z</time>
      </trkpt>
      <trkpt lat="19.203101" lon="-98.709487">
        <ele>3371.170</ele>
        <time>2024-08-04T18:25:12.013Z</time>
      </trkpt>
      <trkpt lat="19.203055" lon="-98.709481">
        <ele>3371.568</ele>
        <time>2024-08-04T18:25:18.013Z</time>
      </trkpt>
      <trkpt lat="19.203008" lon="-98.709481">
        <ele>3371.591</ele>
        <time>2024-08-04T18:25:23.013Z</time>
      </trkpt>
      <trkpt lat="19.202962" lon="-98.709496">
        <ele>3371.496</ele>
        <time>2024-08-04T18:25:28.013Z</time>
      </trkpt>
      <trkpt lat="19.202909" lon="-98.709501">
        <ele>3371.028</ele>
        <time>2024-08-04T18:25:33.013Z</time>
      </trkpt>
      <trkpt lat="19.202863" lon="-98.709498">
        <ele>3368.448</ele>
        <time>2024-08-04T18:25:38.013Z</time>
      </trkpt>
      <trkpt lat="19.202818" lon="-98.709489">
        <ele>3365.961</ele>
        <time>2024-08-04T18:25:42.013Z</time>
      </trkpt>
      <trkpt lat="19.202769" lon="-98.709481">
        <ele>3365.517</ele>
        <time>2024-08-04T18:25:46.013Z</time>
      </trkpt>
      <trkpt lat="19.202721" lon="-98.709476">
        <ele>3365.509</ele>
        <time>2024-08-04T18:25:50.013Z</time>
      </trkpt>
      <trkpt lat="19.202670" lon="-98.709462">
        <ele>3365.635</ele>
        <time>2024-08-04T18:25:54.013Z</time>
      </trkpt>
      <trkpt lat="19.202626" lon="-98.709445">
        <ele>3366.711</ele>
        <time>2024-08-04T18:25:58.013Z</time>
      </trkpt>
      <trkpt lat="19.202581" lon="-98.709424">
        <ele>3368.113</ele>
        <time>2024-08-04T18:26:02.013Z</time>
      </trkpt>
      <trkpt lat="19.202534" lon="-98.709399">
        <ele>3369.232</ele>
        <time>2024-08-04T18:26:06.013Z</time>
      </trkpt>
      <trkpt lat="19.202487" lon="-98.709381">
        <ele>3370.545</ele>
        <time>2024-08-04T18:26:10.013Z</time>
      </trkpt>
      <trkpt lat="19.202441" lon="-98.709362">
        <ele>3371.143</ele>
        <time>2024-08-04T18:26:14.013Z</time>
      </trkpt>
      <trkpt lat="19.202395" lon="-98.709342">
        <ele>3372.566</ele>
        <time>2024-08-04T18:26:18.013Z</time>
      </trkpt>
      <trkpt lat="19.202345" lon="-98.709323">
        <ele>3376.041</ele>
        <time>2024-08-04T18:26:22.013Z</time>
      </trkpt>
      <trkpt lat="19.202297" lon="-98.709302">
        <ele>3376.433</ele>
        <time>2024-08-04T18:26:26.013Z</time>
      </trkpt>
      <trkpt lat="19.202251" lon="-98.709267">
        <ele>3377.279</ele>
        <time>2024-08-04T18:26:30.013Z</time>
      </trkpt>
      <trkpt lat="19.202212" lon="-98.709242">
        <ele>3377.605</ele>
        <time>2024-08-04T18:26:33.013Z</time>
      </trkpt>
      <trkpt lat="19.202165" lon="-98.709206">
        <ele>3378.925</ele>
        <time>2024-08-04T18:26:37.013Z</time>
      </trkpt>
      <trkpt lat="19.202123" lon="-98.709166">
        <ele>3378.909</ele>
        <time>2024-08-04T18:26:41.013Z</time>
      </trkpt>
      <trkpt lat="19.202082" lon="-98.709122">
        <ele>3379.068</ele>
        <time>2024-08-04T18:26:45.013Z</time>
      </trkpt>
      <trkpt lat="19.202047" lon="-98.709089">
        <ele>3377.864</ele>
        <time>2024-08-04T18:26:48.013Z</time>
      </trkpt>
      <trkpt lat="19.202012" lon="-98.709050">
        <ele>3375.926</ele>
        <time>2024-08-04T18:26:52.013Z</time>
      </trkpt>
      <trkpt lat="19.201981" lon="-98.709007">
        <ele>3375.635</ele>
        <time>2024-08-04T18:26:56.013Z</time>
      </trkpt>
      <trkpt lat="19.201945" lon="-98.708969">
        <ele>3374.748</ele>
        <time>2024-08-04T18:27:00.013Z</time>
      </trkpt>
      <trkpt lat="19.201903" lon="-98.708935">
        <ele>3374.476</ele>
        <time>2024-08-04T18:27:04.013Z</time>
      </trkpt>
      <trkpt lat="19.201866" lon="-98.708896">
        <ele>3375.229</ele>
        <time>2024-08-04T18:27:08.013Z</time>
      </trkpt>
      <trkpt lat="19.201840" lon="-98.708848">
        <ele>3375.664</ele>
        <time>2024-08-04T18:27:12.013Z</time>
      </trkpt>
      <trkpt lat="19.201813" lon="-98.708804">
        <ele>3375.626</ele>
        <time>2024-08-04T18:27:16.013Z</time>
      </trkpt>
      <trkpt lat="19.201800" lon="-98.708749">
        <ele>3375.844</ele>
        <time>2024-08-04T18:27:20.013Z</time>
      </trkpt>
      <trkpt lat="19.201782" lon="-98.708696">
        <ele>3376.205</ele>
        <time>2024-08-04T18:27:25.013Z</time>
      </trkpt>
      <trkpt lat="19.201760" lon="-98.708644">
        <ele>3376.115</ele>
        <time>2024-08-04T18:27:30.013Z</time>
      </trkpt>
      <trkpt lat="19.201735" lon="-98.708603">
        <ele>3376.109</ele>
        <time>2024-08-04T18:27:34.013Z</time>
      </trkpt>
      <trkpt lat="19.201701" lon="-98.708571">
        <ele>3376.225</ele>
        <time>2024-08-04T18:27:38.013Z</time>
      </trkpt>
      <trkpt lat="19.201664" lon="-98.708537">
        <ele>3376.471</ele>
        <time>2024-08-04T18:27:43.013Z</time>
      </trkpt>
      <trkpt lat="19.201613" lon="-98.708517">
        <ele>3376.093</ele>
        <time>2024-08-04T18:27:48.013Z</time>
      </trkpt>
      <trkpt lat="19.201566" lon="-98.708486">
        <ele>3376.032</ele>
        <time>2024-08-04T18:27:53.013Z</time>
      </trkpt>
      <trkpt lat="19.201526" lon="-98.708456">
        <ele>3376.525</ele>
        <time>2024-08-04T18:27:57.013Z</time>
      </trkpt>
      <trkpt lat="19.201484" lon="-98.708427">
        <ele>3376.753</ele>
        <time>2024-08-04T18:28:01.013Z</time>
      </trkpt>
      <trkpt lat="19.201441" lon="-98.708389">
        <ele>3376.496</ele>
        <time>2024-08-04T18:28:06.013Z</time>
      </trkpt>
      <trkpt lat="19.201394" lon="-98.708354">
        <ele>3376.791</ele>
        <time>2024-08-04T18:28:11.013Z</time>
      </trkpt>
      <trkpt lat="19.201358" lon="-98.708314">
        <ele>3377.293</ele>
        <time>2024-08-04T18:28:16.013Z</time>
      </trkpt>
      <trkpt lat="19.201325" lon="-98.708269">
        <ele>3378.315</ele>
        <time>2024-08-04T18:28:22.013Z</time>
      </trkpt>
      <trkpt lat="19.201293" lon="-98.708229">
        <ele>3379.565</ele>
        <time>2024-08-04T18:28:27.013Z</time>
      </trkpt>
      <trkpt lat="19.201255" lon="-98.708189">
        <ele>3381.911</ele>
        <time>2024-08-04T18:28:32.013Z</time>
      </trkpt>
      <trkpt lat="19.201218" lon="-98.708155">
        <ele>3383.109</ele>
        <time>2024-08-04T18:28:37.013Z</time>
      </trkpt>
      <trkpt lat="19.201191" lon="-98.708113">
        <ele>3384.892</ele>
        <time>2024-08-04T18:28:42.013Z</time>
      </trkpt>
      <trkpt lat="19.201154" lon="-98.708075">
        <ele>3385.958</ele>
        <time>2024-08-04T18:28:47.013Z</time>
      </trkpt>
      <trkpt lat="19.201125" lon="-98.708036">
        <ele>3386.310</ele>
        <time>2024-08-04T18:28:52.013Z</time>
      </trkpt>
      <trkpt lat="19.201091" lon="-98.708001">
        <ele>3386.729</ele>
        <time>2024-08-04T18:28:57.013Z</time>
      </trkpt>
      <trkpt lat="19.201061" lon="-98.707954">
        <ele>3387.732</ele>
        <time>2024-08-04T18:29:03.013Z</time>
      </trkpt>
      <trkpt lat="19.201049" lon="-98.707904">
        <ele>3388.010</ele>
        <time>2024-08-04T18:29:08.013Z</time>
      </trkpt>
      <trkpt lat="19.201054" lon="-98.707847">
        <ele>3388.033</ele>
        <time>2024-08-04T18:29:13.013Z</time>
      </trkpt>
      <trkpt lat="19.201058" lon="-98.707796">
        <ele>3387.938</ele>
        <time>2024-08-04T18:29:18.013Z</time>
      </trkpt>
      <trkpt lat="19.201071" lon="-98.707738">
        <ele>3387.740</ele>
        <time>2024-08-04T18:29:23.013Z</time>
      </trkpt>
      <trkpt lat="19.201087" lon="-98.707688">
        <ele>3387.558</ele>
        <time>2024-08-04T18:29:27.013Z</time>
      </trkpt>
      <trkpt lat="19.201098" lon="-98.707637">
        <ele>3387.552</ele>
        <time>2024-08-04T18:29:31.013Z</time>
      </trkpt>
      <trkpt lat="19.201107" lon="-98.707585">
        <ele>3387.717</ele>
        <time>2024-08-04T18:29:35.013Z</time>
      </trkpt>
      <trkpt lat="19.201120" lon="-98.707531">
        <ele>3388.009</ele>
        <time>2024-08-04T18:29:39.013Z</time>
      </trkpt>
      <trkpt lat="19.201145" lon="-98.707482">
        <ele>3388.256</ele>
        <time>2024-08-04T18:29:43.013Z</time>
      </trkpt>
      <trkpt lat="19.201168" lon="-98.707430">
        <ele>3388.252</ele>
        <time>2024-08-04T18:29:47.013Z</time>
      </trkpt>
      <trkpt lat="19.201188" lon="-98.707372">
        <ele>3388.214</ele>
        <time>2024-08-04T18:29:51.013Z</time>
      </trkpt>
      <trkpt lat="19.201211" lon="-98.707318">
        <ele>3387.143</ele>
        <time>2024-08-04T18:29:55.013Z</time>
      </trkpt>
      <trkpt lat="19.201226" lon="-98.707266">
        <ele>3386.846</ele>
        <time>2024-08-04T18:29:59.013Z</time>
      </trkpt>
      <trkpt lat="19.201241" lon="-98.707216">
        <ele>3385.854</ele>
        <time>2024-08-04T18:30:03.013Z</time>
      </trkpt>
      <trkpt lat="19.201263" lon="-98.707167">
        <ele>3385.547</ele>
        <time>2024-08-04T18:30:07.013Z</time>
      </trkpt>
      <trkpt lat="19.201283" lon="-98.707116">
        <ele>3385.532</ele>
        <time>2024-08-04T18:30:11.013Z</time>
      </trkpt>
      <trkpt lat="19.201304" lon="-98.707059">
        <ele>3385.744</ele>
        <time>2024-08-04T18:30:15.013Z</time>
      </trkpt>
      <trkpt lat="19.201324" lon="-98.707002">
        <ele>3385.728</ele>
        <time>2024-08-04T18:30:19.013Z</time>
      </trkpt>
      <trkpt lat="19.201339" lon="-98.706945">
        <ele>3385.689</ele>
        <time>2024-08-04T18:30:23.013Z</time>
      </trkpt>
      <trkpt lat="19.201351" lon="-98.706889">
        <ele>3385.217</ele>
        <time>2024-08-04T18:30:27.013Z</time>
      </trkpt>
      <trkpt lat="19.201369" lon="-98.706842">
        <ele>3384.909</ele>
        <time>2024-08-04T18:30:31.013Z</time>
      </trkpt>
      <trkpt lat="19.201388" lon="-98.706789">
        <ele>3384.963</ele>
        <time>2024-08-04T18:30:35.013Z</time>
      </trkpt>
      <trkpt lat="19.201410" lon="-98.706739">
        <ele>3385.249</ele>
        <time>2024-08-04T18:30:39.013Z</time>
      </trkpt>
      <trkpt lat="19.201416" lon="-98.706686">
        <ele>3385.621</ele>
        <time>2024-08-04T18:30:43.013Z</time>
      </trkpt>
      <trkpt lat="19.201428" lon="-98.706626">
        <ele>3385.620</ele>
        <time>2024-08-04T18:30:47.013Z</time>
      </trkpt>
      <trkpt lat="19.201436" lon="-98.706566">
        <ele>3385.613</ele>
        <time>2024-08-04T18:30:51.013Z</time>
      </trkpt>
      <trkpt lat="19.201439" lon="-98.706518">
        <ele>3385.531</ele>
        <time>2024-08-04T18:30:54.013Z</time>
      </trkpt>
      <trkpt lat="19.201448" lon="-98.706466">
        <ele>3385.554</ele>
        <time>2024-08-04T18:30:58.013Z</time>
      </trkpt>
      <trkpt lat="19.201450" lon="-98.706413">
        <ele>3385.719</ele>
        <time>2024-08-04T18:31:02.013Z</time>
      </trkpt>
      <trkpt lat="19.201447" lon="-98.706363">
        <ele>3385.591</ele>
        <time>2024-08-04T18:31:06.013Z</time>
      </trkpt>
      <trkpt lat="19.201454" lon="-98.706314">
        <ele>3385.528</ele>
        <time>2024-08-04T18:31:10.013Z</time>
      </trkpt>
      <trkpt lat="19.201462" lon="-98.706263">
        <ele>3385.489</ele>
        <time>2024-08-04T18:31:14.013Z</time>
      </trkpt>
      <trkpt lat="19.201459" lon="-98.706211">
        <ele>3384.317</ele>
        <time>2024-08-04T18:31:18.013Z</time>
      </trkpt>
      <trkpt lat="19.201451" lon="-98.706156">
        <ele>3383.209</ele>
        <time>2024-08-04T18:31:22.013Z</time>
      </trkpt>
      <trkpt lat="19.201455" lon="-98.706103">
        <ele>3383.123</ele>
        <time>2024-08-04T18:31:26.013Z</time>
      </trkpt>
      <trkpt lat="19.201458" lon="-98.706053">
        <ele>3383.189</ele>
        <time>2024-08-04T18:31:30.013Z</time>
      </trkpt>
      <trkpt lat="19.201471" lon="-98.705999">
        <ele>3383.381</ele>
        <time>2024-08-04T18:31:35.013Z</time>
      </trkpt>
      <trkpt lat="19.201479" lon="-98.705950">
        <ele>3384.220</ele>
        <time>2024-08-04T18:31:39.013Z</time>
      </trkpt>
      <trkpt lat="19.201477" lon="-98.705897">
        <ele>3386.023</ele>
        <time>2024-08-04T18:31:43.013Z</time>
      </trkpt>
      <trkpt lat="19.201477" lon="-98.705845">
        <ele>3386.071</ele>
        <time>2024-08-04T18:31:47.013Z</time>
      </trkpt>
      <trkpt lat="19.201472" lon="-98.705785">
        <ele>3386.714</ele>
        <time>2024-08-04T18:31:51.013Z</time>
      </trkpt>
      <trkpt lat="19.201464" lon="-98.705727">
        <ele>3386.349</ele>
        <time>2024-08-04T18:31:55.013Z</time>
      </trkpt>
      <trkpt lat="19.201466" lon="-98.705667">
        <ele>3385.581</ele>
        <time>2024-08-04T18:31:59.013Z</time>
      </trkpt>
      <trkpt lat="19.201463" lon="-98.705614">
        <ele>3384.763</ele>
        <time>2024-08-04T18:32:03.013Z</time>
      </trkpt>
      <trkpt lat="19.201462" lon="-98.705565">
        <ele>3383.644</ele>
        <time>2024-08-04T18:32:07.013Z</time>
      </trkpt>
      <trkpt lat="19.201467" lon="-98.705514">
        <ele>3382.218</ele>
        <time>2024-08-04T18:32:11.013Z</time>
      </trkpt>
      <trkpt lat="19.201461" lon="-98.705458">
        <ele>3382.309</ele>
        <time>2024-08-04T18:32:16.013Z</time>
      </trkpt>
      <trkpt lat="19.201461" lon="-98.705405">
        <ele>3382.487</ele>
        <time>2024-08-04T18:32:21.013Z</time>
      </trkpt>
      <trkpt lat="19.201457" lon="-98.705350">
        <ele>3383.493</ele>
        <time>2024-08-04T18:32:26.013Z</time>
      </trkpt>
      <trkpt lat="19.201468" lon="-98.705301">
        <ele>3383.465</ele>
        <time>2024-08-04T18:32:30.013Z</time>
      </trkpt>
      <trkpt lat="19.201471" lon="-98.705246">
        <ele>3383.734</ele>
        <time>2024-08-04T18:32:35.013Z</time>
      </trkpt>
      <trkpt lat="19.201473" lon="-98.705189">
        <ele>3384.097</ele>
        <time>2024-08-04T18:32:40.013Z</time>
      </trkpt>
      <trkpt lat="19.201455" lon="-98.705142">
        <ele>3384.155</ele>
        <time>2024-08-04T18:32:44.013Z</time>
      </trkpt>
      <trkpt lat="19.201438" lon="-98.705090">
        <ele>3384.498</ele>
        <time>2024-08-04T18:32:48.013Z</time>
      </trkpt>
      <trkpt lat="19.201420" lon="-98.705037">
        <ele>3384.733</ele>
        <time>2024-08-04T18:32:52.013Z</time>
      </trkpt>
      <trkpt lat="19.201401" lon="-98.704993">
        <ele>3384.845</ele>
        <time>2024-08-04T18:32:55.013Z</time>
      </trkpt>
      <trkpt lat="19.201397" lon="-98.704932">
        <ele>3385.224</ele>
        <time>2024-08-04T18:32:59.013Z</time>
      </trkpt>
      <trkpt lat="19.201407" lon="-98.704885">
        <ele>3386.104</ele>
        <time>2024-08-04T18:33:02.013Z</time>
      </trkpt>
      <trkpt lat="19.201401" lon="-98.704829">
        <ele>3387.114</ele>
        <time>2024-08-04T18:33:06.013Z</time>
      </trkpt>
      <trkpt lat="19.201398" lon="-98.704771">
        <ele>3387.609</ele>
        <time>2024-08-04T18:33:11.013Z</time>
      </trkpt>
      <trkpt lat="19.201393" lon="-98.704719">
        <ele>3387.663</ele>
        <time>2024-08-04T18:33:15.013Z</time>
      </trkpt>
      <trkpt lat="19.201398" lon="-98.704667">
        <ele>3387.659</ele>
        <time>2024-08-04T18:33:19.013Z</time>
      </trkpt>
      <trkpt lat="19.201430" lon="-98.704626">
        <ele>3387.551</ele>
        <time>2024-08-04T18:33:23.013Z</time>
      </trkpt>
      <trkpt lat="19.201444" lon="-98.704579">
        <ele>3387.640</ele>
        <time>2024-08-04T18:33:27.013Z</time>
      </trkpt>
      <trkpt lat="19.201438" lon="-98.704523">
        <ele>3387.763</ele>
        <time>2024-08-04T18:33:31.013Z</time>
      </trkpt>
      <trkpt lat="19.201421" lon="-98.704465">
        <ele>3388.841</ele>
        <time>2024-08-04T18:33:35.013Z</time>
      </trkpt>
      <trkpt lat="19.201389" lon="-98.704412">
        <ele>3388.964</ele>
        <time>2024-08-04T18:33:39.013Z</time>
      </trkpt>
      <trkpt lat="19.201356" lon="-98.704361">
        <ele>3389.079</ele>
        <time>2024-08-04T18:33:43.013Z</time>
      </trkpt>
      <trkpt lat="19.201312" lon="-98.704330">
        <ele>3388.021</ele>
        <time>2024-08-04T18:33:47.013Z</time>
      </trkpt>
      <trkpt lat="19.201270" lon="-98.704299">
        <ele>3386.734</ele>
        <time>2024-08-04T18:33:51.013Z</time>
      </trkpt>
      <trkpt lat="19.201220" lon="-98.704274">
        <ele>3386.655</ele>
        <time>2024-08-04T18:33:55.013Z</time>
      </trkpt>
      <trkpt lat="19.201166" lon="-98.704255">
        <ele>3386.410</ele>
        <time>2024-08-04T18:33:59.013Z</time>
      </trkpt>
      <trkpt lat="19.201111" lon="-98.704237">
        <ele>3386.009</ele>
        <time>2024-08-04T18:34:03.013Z</time>
      </trkpt>
      <trkpt lat="19.201058" lon="-98.704230">
        <ele>3386.294</ele>
        <time>2024-08-04T18:34:07.013Z</time>
      </trkpt>
      <trkpt lat="19.201006" lon="-98.704231">
        <ele>3386.360</ele>
        <time>2024-08-04T18:34:11.013Z</time>
      </trkpt>
      <trkpt lat="19.200950" lon="-98.704228">
        <ele>3385.862</ele>
        <time>2024-08-04T18:34:15.013Z</time>
      </trkpt>
      <trkpt lat="19.200897" lon="-98.704238">
        <ele>3385.671</ele>
        <time>2024-08-04T18:34:19.013Z</time>
      </trkpt>
      <trkpt lat="19.200853" lon="-98.704229">
        <ele>3385.134</ele>
        <time>2024-08-04T18:34:22.013Z</time>
      </trkpt>
      <trkpt lat="19.200798" lon="-98.704243">
        <ele>3385.012</ele>
        <time>2024-08-04T18:34:26.013Z</time>
      </trkpt>
      <trkpt lat="19.200749" lon="-98.704260">
        <ele>3385.035</ele>
        <time>2024-08-04T18:34:30.013Z</time>
      </trkpt>
      <trkpt lat="19.200695" lon="-98.704275">
        <ele>3384.970</ele>
        <time>2024-08-04T18:34:34.013Z</time>
      </trkpt>
      <trkpt lat="19.200643" lon="-98.704292">
        <ele>3384.992</ele>
        <time>2024-08-04T18:34:38.013Z</time>
      </trkpt>
      <trkpt lat="19.200592" lon="-98.704313">
        <ele>3384.769</ele>
        <time>2024-08-04T18:34:42.013Z</time>
      </trkpt>
      <trkpt lat="19.200540" lon="-98.704328">
        <ele>3384.404</ele>
        <time>2024-08-04T18:34:46.013Z</time>
      </trkpt>
      <trkpt lat="19.200487" lon="-98.704346">
        <ele>3383.824</ele>
        <time>2024-08-04T18:34:50.013Z</time>
      </trkpt>
      <trkpt lat="19.200440" lon="-98.704363">
        <ele>3383.609</ele>
        <time>2024-08-04T18:34:54.013Z</time>
      </trkpt>
      <trkpt lat="19.200397" lon="-98.704380">
        <ele>3383.737</ele>
        <time>2024-08-04T18:34:58.013Z</time>
      </trkpt>
      <trkpt lat="19.200356" lon="-98.704410">
        <ele>3383.853</ele>
        <time>2024-08-04T18:35:02.013Z</time>
      </trkpt>
      <trkpt lat="19.200315" lon="-98.704432">
        <ele>3383.795</ele>
        <time>2024-08-04T18:35:05.013Z</time>
      </trkpt>
      <trkpt lat="19.200272" lon="-98.704449">
        <ele>3383.734</ele>
        <time>2024-08-04T18:35:08.013Z</time>
      </trkpt>
      <trkpt lat="19.200221" lon="-98.704472">
        <ele>3383.267</ele>
        <time>2024-08-04T18:35:12.013Z</time>
      </trkpt>
      <trkpt lat="19.200174" lon="-98.704502">
        <ele>3380.395</ele>
        <time>2024-08-04T18:35:16.013Z</time>
      </trkpt>
      <trkpt lat="19.200121" lon="-98.704525">
        <ele>3379.398</ele>
        <time>2024-08-04T18:35:20.013Z</time>
      </trkpt>
      <trkpt lat="19.200073" lon="-98.704558">
        <ele>3377.813</ele>
        <time>2024-08-04T18:35:24.013Z</time>
      </trkpt>
      <trkpt lat="19.200033" lon="-98.704581">
        <ele>3377.775</ele>
        <time>2024-08-04T18:35:27.013Z</time>
      </trkpt>
      <trkpt lat="19.199994" lon="-98.704605">
        <ele>3377.783</ele>
        <time>2024-08-04T18:35:30.013Z</time>
      </trkpt>
      <trkpt lat="19.199952" lon="-98.704625">
        <ele>3377.725</ele>
        <time>2024-08-04T18:35:33.013Z</time>
      </trkpt>
      <trkpt lat="19.199907" lon="-98.704656">
        <ele>3377.817</ele>
        <time>2024-08-04T18:35:37.013Z</time>
      </trkpt>
      <trkpt lat="19.199873" lon="-98.704692">
        <ele>3377.809</ele>
        <time>2024-08-04T18:35:41.013Z</time>
      </trkpt>
      <trkpt lat="19.199835" lon="-98.704727">
        <ele>3377.799</ele>
        <time>2024-08-04T18:35:45.013Z</time>
      </trkpt>
      <trkpt lat="19.199797" lon="-98.704769">
        <ele>3376.185</ele>
        <time>2024-08-04T18:35:49.013Z</time>
      </trkpt>
      <trkpt lat="19.199762" lon="-98.704814">
        <ele>3375.567</ele>
        <time>2024-08-04T18:35:53.013Z</time>
      </trkpt>
      <trkpt lat="19.199728" lon="-98.704858">
        <ele>3374.966</ele>
        <time>2024-08-04T18:35:57.013Z</time>
      </trkpt>
      <trkpt lat="19.199686" lon="-98.704901">
        <ele>3374.629</ele>
        <time>2024-08-04T18:36:01.013Z</time>
      </trkpt>
      <trkpt lat="19.199643" lon="-98.704940">
        <ele>3374.397</ele>
        <time>2024-08-04T18:36:05.013Z</time>
      </trkpt>
      <trkpt lat="19.199604" lon="-98.704981">
        <ele>3373.650</ele>
        <time>2024-08-04T18:36:09.013Z</time>
      </trkpt>
      <trkpt lat="19.199566" lon="-98.705024">
        <ele>3371.325</ele>
        <time>2024-08-04T18:36:13.013Z</time>
      </trkpt>
      <trkpt lat="19.199528" lon="-98.705062">
        <ele>3370.557</ele>
        <time>2024-08-04T18:36:17.013Z</time>
      </trkpt>
      <trkpt lat="19.199487" lon="-98.705102">
        <ele>3370.314</ele>
        <time>2024-08-04T18:36:21.013Z</time>
      </trkpt>
      <trkpt lat="19.199447" lon="-98.705128">
        <ele>3370.254</ele>
        <time>2024-08-04T18:36:24.013Z</time>
      </trkpt>
      <trkpt lat="19.199408" lon="-98.705156">
        <ele>3370.509</ele>
        <time>2024-08-04T18:36:27.013Z</time>
      </trkpt>
      <trkpt lat="19.199368" lon="-98.705198">
        <ele>3370.709</ele>
        <time>2024-08-04T18:36:31.013Z</time>
      </trkpt>
      <trkpt lat="19.199336" lon="-98.705232">
        <ele>3371.522</ele>
        <time>2024-08-04T18:36:34.013Z</time>
      </trkpt>
      <trkpt lat="19.199303" lon="-98.705276">
        <ele>3373.248</ele>
        <time>2024-08-04T18:36:38.013Z</time>
      </trkpt>
      <trkpt lat="19.199269" lon="-98.705324">
        <ele>3374.630</ele>
        <time>2024-08-04T18:36:42.013Z</time>
      </trkpt>
      <trkpt lat="19.199239" lon="-98.705377">
        <ele>3375.149</ele>
        <time>2024-08-04T18:36:46.013Z</time>
      </trkpt>
      <trkpt lat="19.199208" lon="-98.705424">
        <ele>3375.312</ele>
        <time>2024-08-04T18:36:50.013Z</time>
      </trkpt>
      <trkpt lat="19.199174" lon="-98.705466">
        <ele>3375.510</ele>
        <time>2024-08-04T18:36:54.013Z</time>
      </trkpt>
      <trkpt lat="19.199135" lon="-98.705506">
        <ele>3375.643</ele>
        <time>2024-08-04T18:36:58.013Z</time>
      </trkpt>
      <trkpt lat="19.199095" lon="-98.705544">
        <ele>3375.678</ele>
        <time>2024-08-04T18:37:02.013Z</time>
      </trkpt>
      <trkpt lat="19.199046" lon="-98.705571">
        <ele>3374.620</ele>
        <time>2024-08-04T18:37:06.013Z</time>
      </trkpt>
      <trkpt lat="19.198999" lon="-98.705571">
        <ele>3373.784</ele>
        <time>2024-08-04T18:37:09.013Z</time>
      </trkpt>
      <trkpt lat="19.198953" lon="-98.705555">
        <ele>3372.207</ele>
        <time>2024-08-04T18:37:12.013Z</time>
      </trkpt>
      <trkpt lat="19.198923" lon="-98.705502">
        <ele>3371.817</ele>
        <time>2024-08-04T18:37:16.013Z</time>
      </trkpt>
      <trkpt lat="19.198916" lon="-98.705440">
        <ele>3370.909</ele>
        <time>2024-08-04T18:37:20.013Z</time>
      </trkpt>
      <trkpt lat="19.198926" lon="-98.705379">
        <ele>3368.379</ele>
        <time>2024-08-04T18:37:24.013Z</time>
      </trkpt>
      <trkpt lat="19.198953" lon="-98.705325">
        <ele>3368.455</ele>
        <time>2024-08-04T18:37:28.013Z</time>
      </trkpt>
      <trkpt lat="19.198996" lon="-98.705282">
        <ele>3368.457</ele>
        <time>2024-08-04T18:37:32.013Z</time>
      </trkpt>
      <trkpt lat="19.199028" lon="-98.705237">
        <ele>3369.156</ele>
        <time>2024-08-04T18:37:36.013Z</time>
      </trkpt>
      <trkpt lat="19.199061" lon="-98.705203">
        <ele>3369.329</ele>
        <time>2024-08-04T18:37:39.013Z</time>
      </trkpt>
      <trkpt lat="19.199094" lon="-98.705168">
        <ele>3369.317</ele>
        <time>2024-08-04T18:37:42.013Z</time>
      </trkpt>
      <trkpt lat="19.199138" lon="-98.705128">
        <ele>3369.370</ele>
        <time>2024-08-04T18:37:46.013Z</time>
      </trkpt>
      <trkpt lat="19.199181" lon="-98.705085">
        <ele>3368.755</ele>
        <time>2024-08-04T18:37:50.013Z</time>
      </trkpt>
      <trkpt lat="19.199225" lon="-98.705045">
        <ele>3367.917</ele>
        <time>2024-08-04T18:37:54.013Z</time>
      </trkpt>
      <trkpt lat="19.199270" lon="-98.705007">
        <ele>3367.715</ele>
        <time>2024-08-04T18:37:58.013Z</time>
      </trkpt>
      <trkpt lat="19.199309" lon="-98.704976">
        <ele>3367.565</ele>
        <time>2024-08-04T18:38:02.013Z</time>
      </trkpt>
      <trkpt lat="19.199339" lon="-98.704927">
        <ele>3367.311</ele>
        <time>2024-08-04T18:38:06.013Z</time>
      </trkpt>
      <trkpt lat="19.199372" lon="-98.704889">
        <ele>3367.309</ele>
        <time>2024-08-04T18:38:10.013Z</time>
      </trkpt>
      <trkpt lat="19.199402" lon="-98.704849">
        <ele>3367.982</ele>
        <time>2024-08-04T18:38:14.013Z</time>
      </trkpt>
      <trkpt lat="19.199428" lon="-98.704803">
        <ele>3368.778</ele>
        <time>2024-08-04T18:38:18.013Z</time>
      </trkpt>
      <trkpt lat="19.199448" lon="-98.704755">
        <ele>3369.480</ele>
        <time>2024-08-04T18:38:22.013Z</time>
      </trkpt>
      <trkpt lat="19.199465" lon="-98.704699">
        <ele>3369.449</ele>
        <time>2024-08-04T18:38:26.013Z</time>
      </trkpt>
      <trkpt lat="19.199473" lon="-98.704652">
        <ele>3369.552</ele>
        <time>2024-08-04T18:38:29.013Z</time>
      </trkpt>
      <trkpt lat="19.199476" lon="-98.704603">
        <ele>3368.790</ele>
        <time>2024-08-04T18:38:32.013Z</time>
      </trkpt>
      <trkpt lat="19.199486" lon="-98.704556">
        <ele>3367.033</ele>
        <time>2024-08-04T18:38:35.013Z</time>
      </trkpt>
      <trkpt lat="19.199479" lon="-98.704502">
        <ele>3365.578</ele>
        <time>2024-08-04T18:38:38.013Z</time>
      </trkpt>
      <trkpt lat="19.199485" lon="-98.704452">
        <ele>3364.160</ele>
        <time>2024-08-04T18:38:41.013Z</time>
      </trkpt>
      <trkpt lat="19.199482" lon="-98.704401">
        <ele>3363.758</ele>
        <time>2024-08-04T18:38:44.013Z</time>
      </trkpt>
      <trkpt lat="19.199491" lon="-98.704339">
        <ele>3363.352</ele>
        <time>2024-08-04T18:38:48.013Z</time>
      </trkpt>
      <trkpt lat="19.199495" lon="-98.704278">
        <ele>3363.017</ele>
        <time>2024-08-04T18:38:52.013Z</time>
      </trkpt>
      <trkpt lat="19.199497" lon="-98.704217">
        <ele>3362.309</ele>
        <time>2024-08-04T18:38:56.013Z</time>
      </trkpt>
      <trkpt lat="19.199508" lon="-98.704158">
        <ele>3361.826</ele>
        <time>2024-08-04T18:39:00.013Z</time>
      </trkpt>
      <trkpt lat="19.199514" lon="-98.704095">
        <ele>3360.942</ele>
        <time>2024-08-04T18:39:04.013Z</time>
      </trkpt>
      <trkpt lat="19.199530" lon="-98.704036">
        <ele>3360.644</ele>
        <time>2024-08-04T18:39:08.013Z</time>
      </trkpt>
      <trkpt lat="19.199539" lon="-98.703982">
        <ele>3360.253</ele>
        <time>2024-08-04T18:39:12.013Z</time>
      </trkpt>
      <trkpt lat="19.199555" lon="-98.703922">
        <ele>3360.586</ele>
        <time>2024-08-04T18:39:16.013Z</time>
      </trkpt>
      <trkpt lat="19.199568" lon="-98.703862">
        <ele>3361.024</ele>
        <time>2024-08-04T18:39:20.013Z</time>
      </trkpt>
      <trkpt lat="19.199578" lon="-98.703814">
        <ele>3361.087</ele>
        <time>2024-08-04T18:39:23.013Z</time>
      </trkpt>
      <trkpt lat="19.199591" lon="-98.703759">
        <ele>3360.582</ele>
        <time>2024-08-04T18:39:27.013Z</time>
      </trkpt>
      <trkpt lat="19.199593" lon="-98.703697">
        <ele>3359.494</ele>
        <time>2024-08-04T18:39:31.013Z</time>
      </trkpt>
      <trkpt lat="19.199588" lon="-98.703648">
        <ele>3359.424</ele>
        <time>2024-08-04T18:39:34.013Z</time>
      </trkpt>
      <trkpt lat="19.199575" lon="-98.703588">
        <ele>3359.304</ele>
        <time>2024-08-04T18:39:38.013Z</time>
      </trkpt>
      <trkpt lat="19.199551" lon="-98.703534">
        <ele>3359.214</ele>
        <time>2024-08-04T18:39:42.013Z</time>
      </trkpt>
      <trkpt lat="19.199528" lon="-98.703482">
        <ele>3358.709</ele>
        <time>2024-08-04T18:39:46.013Z</time>
      </trkpt>
      <trkpt lat="19.199502" lon="-98.703430">
        <ele>3358.793</ele>
        <time>2024-08-04T18:39:50.013Z</time>
      </trkpt>
      <trkpt lat="19.199497" lon="-98.703369">
        <ele>3358.199</ele>
        <time>2024-08-04T18:39:54.013Z</time>
      </trkpt>
      <trkpt lat="19.199516" lon="-98.703312">
        <ele>3357.921</ele>
        <time>2024-08-04T18:39:58.013Z</time>
      </trkpt>
      <trkpt lat="19.199537" lon="-98.703263">
        <ele>3357.850</ele>
        <time>2024-08-04T18:40:02.013Z</time>
      </trkpt>
      <trkpt lat="19.199554" lon="-98.703212">
        <ele>3357.943</ele>
        <time>2024-08-04T18:40:06.013Z</time>
      </trkpt>
      <trkpt lat="19.199589" lon="-98.703163">
        <ele>3358.151</ele>
        <time>2024-08-04T18:40:10.013Z</time>
      </trkpt>
      <trkpt lat="19.199620" lon="-98.703119">
        <ele>3358.664</ele>
        <time>2024-08-04T18:40:14.013Z</time>
      </trkpt>
      <trkpt lat="19.199649" lon="-98.703078">
        <ele>3358.869</ele>
        <time>2024-08-04T18:40:18.013Z</time>
      </trkpt>
      <trkpt lat="19.199689" lon="-98.703047">
        <ele>3359.481</ele>
        <time>2024-08-04T18:40:22.013Z</time>
      </trkpt>
      <trkpt lat="19.199726" lon="-98.703018">
        <ele>3359.595</ele>
        <time>2024-08-04T18:40:26.013Z</time>
      </trkpt>
      <trkpt lat="19.199745" lon="-98.702969">
        <ele>3359.649</ele>
        <time>2024-08-04T18:40:30.013Z</time>
      </trkpt>
      <trkpt lat="19.199766" lon="-98.702920">
        <ele>3359.723</ele>
        <time>2024-08-04T18:40:34.013Z</time>
      </trkpt>
      <trkpt lat="19.199803" lon="-98.702877">
        <ele>3359.509</ele>
        <time>2024-08-04T18:40:38.013Z</time>
      </trkpt>
      <trkpt lat="19.199785" lon="-98.702829">
        <ele>3356.060</ele>
        <time>2024-08-04T18:41:04.013Z</time>
      </trkpt>
      <trkpt lat="19.199802" lon="-98.702779">
        <ele>3356.066</ele>
        <time>2024-08-04T18:41:09.013Z</time>
      </trkpt>
      <trkpt lat="19.199840" lon="-98.702744">
        <ele>3356.068</ele>
        <time>2024-08-04T18:41:13.013Z</time>
      </trkpt>
      <trkpt lat="19.199865" lon="-98.702696">
        <ele>3356.097</ele>
        <time>2024-08-04T18:41:17.013Z</time>
      </trkpt>
      <trkpt lat="19.199878" lon="-98.702637">
        <ele>3356.190</ele>
        <time>2024-08-04T18:41:21.013Z</time>
      </trkpt>
      <trkpt lat="19.199899" lon="-98.702586">
        <ele>3358.248</ele>
        <time>2024-08-04T18:41:25.013Z</time>
      </trkpt>
      <trkpt lat="19.199922" lon="-98.702535">
        <ele>3358.641</ele>
        <time>2024-08-04T18:41:29.013Z</time>
      </trkpt>
      <trkpt lat="19.199945" lon="-98.702488">
        <ele>3358.516</ele>
        <time>2024-08-04T18:41:33.013Z</time>
      </trkpt>
      <trkpt lat="19.199973" lon="-98.702440">
        <ele>3358.938</ele>
        <time>2024-08-04T18:41:37.013Z</time>
      </trkpt>
      <trkpt lat="19.200010" lon="-98.702390">
        <ele>3359.578</ele>
        <time>2024-08-04T18:41:41.013Z</time>
      </trkpt>
      <trkpt lat="19.200039" lon="-98.702354">
        <ele>3359.533</ele>
        <time>2024-08-04T18:41:44.013Z</time>
      </trkpt>
      <trkpt lat="19.200066" lon="-98.702312">
        <ele>3359.826</ele>
        <time>2024-08-04T18:41:48.013Z</time>
      </trkpt>
      <trkpt lat="19.200075" lon="-98.702259">
        <ele>3360.409</ele>
        <time>2024-08-04T18:41:52.013Z</time>
      </trkpt>
      <trkpt lat="19.200047" lon="-98.702217">
        <ele>3360.468</ele>
        <time>2024-08-04T18:41:55.013Z</time>
      </trkpt>
      <trkpt lat="19.200020" lon="-98.702175">
        <ele>3360.844</ele>
        <time>2024-08-04T18:41:59.013Z</time>
      </trkpt>
      <trkpt lat="19.199990" lon="-98.702140">
        <ele>3362.166</ele>
        <time>2024-08-04T18:42:06.013Z</time>
      </trkpt>
      <trkpt lat="19.199941" lon="-98.702131">
        <ele>3362.645</ele>
        <time>2024-08-04T18:42:25.013Z</time>
      </trkpt>
      <trkpt lat="19.199894" lon="-98.702154">
        <ele>3362.548</ele>
        <time>2024-08-04T18:42:30.013Z</time>
      </trkpt>
      <trkpt lat="19.199816" lon="-98.702155">
        <ele>3362.346</ele>
        <time>2024-08-04T18:42:35.013Z</time>
      </trkpt>
      <trkpt lat="19.199757" lon="-98.702160">
        <ele>3357.599</ele>
        <time>2024-08-04T18:42:38.013Z</time>
      </trkpt>
      <trkpt lat="19.199709" lon="-98.702160">
        <ele>3352.964</ele>
        <time>2024-08-04T18:42:41.013Z</time>
      </trkpt>
      <trkpt lat="19.199662" lon="-98.702157">
        <ele>3352.326</ele>
        <time>2024-08-04T18:42:44.013Z</time>
      </trkpt>
      <trkpt lat="19.199612" lon="-98.702149">
        <ele>3352.076</ele>
        <time>2024-08-04T18:42:48.013Z</time>
      </trkpt>
      <trkpt lat="19.199555" lon="-98.702154">
        <ele>3353.390</ele>
        <time>2024-08-04T18:42:53.013Z</time>
      </trkpt>
      <trkpt lat="19.199503" lon="-98.702143">
        <ele>3354.719</ele>
        <time>2024-08-04T18:42:57.013Z</time>
      </trkpt>
      <trkpt lat="19.199447" lon="-98.702129">
        <ele>3356.009</ele>
        <time>2024-08-04T18:43:01.013Z</time>
      </trkpt>
      <trkpt lat="19.199390" lon="-98.702128">
        <ele>3356.698</ele>
        <time>2024-08-04T18:43:05.013Z</time>
      </trkpt>
      <trkpt lat="19.199339" lon="-98.702126">
        <ele>3356.664</ele>
        <time>2024-08-04T18:43:09.013Z</time>
      </trkpt>
      <trkpt lat="19.199293" lon="-98.702124">
        <ele>3357.186</ele>
        <time>2024-08-04T18:43:12.013Z</time>
      </trkpt>
      <trkpt lat="19.199236" lon="-98.702111">
        <ele>3357.875</ele>
        <time>2024-08-04T18:43:16.013Z</time>
      </trkpt>
      <trkpt lat="19.199184" lon="-98.702096">
        <ele>3357.958</ele>
        <time>2024-08-04T18:43:20.013Z</time>
      </trkpt>
      <trkpt lat="19.199128" lon="-98.702077">
        <ele>3359.156</ele>
        <time>2024-08-04T18:43:24.013Z</time>
      </trkpt>
      <trkpt lat="19.199076" lon="-98.702055">
        <ele>3359.689</ele>
        <time>2024-08-04T18:43:28.013Z</time>
      </trkpt>
      <trkpt lat="19.199026" lon="-98.702037">
        <ele>3359.934</ele>
        <time>2024-08-04T18:43:32.013Z</time>
      </trkpt>
      <trkpt lat="19.198973" lon="-98.702017">
        <ele>3360.326</ele>
        <time>2024-08-04T18:43:36.013Z</time>
      </trkpt>
      <trkpt lat="19.198920" lon="-98.701992">
        <ele>3360.816</ele>
        <time>2024-08-04T18:43:40.013Z</time>
      </trkpt>
      <trkpt lat="19.198863" lon="-98.701978">
        <ele>3360.976</ele>
        <time>2024-08-04T18:43:44.013Z</time>
      </trkpt>
      <trkpt lat="19.198806" lon="-98.701968">
        <ele>3360.813</ele>
        <time>2024-08-04T18:43:48.013Z</time>
      </trkpt>
      <trkpt lat="19.198754" lon="-98.701953">
        <ele>3360.609</ele>
        <time>2024-08-04T18:43:52.013Z</time>
      </trkpt>
      <trkpt lat="19.198708" lon="-98.701922">
        <ele>3360.262</ele>
        <time>2024-08-04T18:43:56.013Z</time>
      </trkpt>
      <trkpt lat="19.198664" lon="-98.701894">
        <ele>3360.298</ele>
        <time>2024-08-04T18:44:00.013Z</time>
      </trkpt>
      <trkpt lat="19.198624" lon="-98.701860">
        <ele>3359.860</ele>
        <time>2024-08-04T18:44:04.013Z</time>
      </trkpt>
      <trkpt lat="19.198594" lon="-98.701812">
        <ele>3359.119</ele>
        <time>2024-08-04T18:44:08.013Z</time>
      </trkpt>
      <trkpt lat="19.198587" lon="-98.701761">
        <ele>3358.552</ele>
        <time>2024-08-04T18:44:11.013Z</time>
      </trkpt>
      <trkpt lat="19.198601" lon="-98.701700">
        <ele>3357.020</ele>
        <time>2024-08-04T18:44:15.013Z</time>
      </trkpt>
      <trkpt lat="19.198625" lon="-98.701654">
        <ele>3357.013</ele>
        <time>2024-08-04T18:44:18.013Z</time>
      </trkpt>
      <trkpt lat="19.198650" lon="-98.701610">
        <ele>3357.058</ele>
        <time>2024-08-04T18:44:21.013Z</time>
      </trkpt>
      <trkpt lat="19.198666" lon="-98.701564">
        <ele>3357.640</ele>
        <time>2024-08-04T18:44:24.013Z</time>
      </trkpt>
      <trkpt lat="19.198686" lon="-98.701508">
        <ele>3358.466</ele>
        <time>2024-08-04T18:44:28.013Z</time>
      </trkpt>
      <trkpt lat="19.198706" lon="-98.701456">
        <ele>3360.329</ele>
        <time>2024-08-04T18:44:32.013Z</time>
      </trkpt>
      <trkpt lat="19.198725" lon="-98.701400">
        <ele>3360.721</ele>
        <time>2024-08-04T18:44:36.013Z</time>
      </trkpt>
      <trkpt lat="19.198736" lon="-98.701339">
        <ele>3361.309</ele>
        <time>2024-08-04T18:44:40.013Z</time>
      </trkpt>
      <trkpt lat="19.198746" lon="-98.701280">
        <ele>3360.987</ele>
        <time>2024-08-04T18:44:44.013Z</time>
      </trkpt>
      <trkpt lat="19.198759" lon="-98.701225">
        <ele>3360.663</ele>
        <time>2024-08-04T18:44:48.013Z</time>
      </trkpt>
      <trkpt lat="19.198771" lon="-98.701168">
        <ele>3359.355</ele>
        <time>2024-08-04T18:44:52.013Z</time>
      </trkpt>
      <trkpt lat="19.198779" lon="-98.701100">
        <ele>3356.674</ele>
        <time>2024-08-04T18:44:57.013Z</time>
      </trkpt>
      <trkpt lat="19.198778" lon="-98.701051">
        <ele>3356.257</ele>
        <time>2024-08-04T18:45:01.013Z</time>
      </trkpt>
      <trkpt lat="19.198768" lon="-98.701000">
        <ele>3355.295</ele>
        <time>2024-08-04T18:45:06.013Z</time>
      </trkpt>
      <trkpt lat="19.198780" lon="-98.700951">
        <ele>3355.188</ele>
        <time>2024-08-04T18:45:09.013Z</time>
      </trkpt>
      <trkpt lat="19.198790" lon="-98.700902">
        <ele>3355.173</ele>
        <time>2024-08-04T18:45:15.013Z</time>
      </trkpt>
      <trkpt lat="19.198752" lon="-98.700853">
        <ele>3355.975</ele>
        <time>2024-08-04T18:45:41.013Z</time>
      </trkpt>
      <trkpt lat="19.198712" lon="-98.700832">
        <ele>3355.915</ele>
        <time>2024-08-04T18:45:44.013Z</time>
      </trkpt>
      <trkpt lat="19.198729" lon="-98.700774">
        <ele>3355.965</ele>
        <time>2024-08-04T18:45:49.013Z</time>
      </trkpt>
      <trkpt lat="19.198757" lon="-98.700729">
        <ele>3355.911</ele>
        <time>2024-08-04T18:45:51.013Z</time>
      </trkpt>
      <trkpt lat="19.198787" lon="-98.700680">
        <ele>3355.709</ele>
        <time>2024-08-04T18:45:56.013Z</time>
      </trkpt>
      <trkpt lat="19.198803" lon="-98.700627">
        <ele>3355.012</ele>
        <time>2024-08-04T18:46:00.013Z</time>
      </trkpt>
      <trkpt lat="19.198820" lon="-98.700577">
        <ele>3354.738</ele>
        <time>2024-08-04T18:46:04.013Z</time>
      </trkpt>
      <trkpt lat="19.198841" lon="-98.700525">
        <ele>3354.660</ele>
        <time>2024-08-04T18:46:10.054Z</time>
      </trkpt>
      <trkpt lat="19.198858" lon="-98.700479">
        <ele>3354.729</ele>
        <time>2024-08-04T18:46:14.065Z</time>
      </trkpt>
      <trkpt lat="19.198875" lon="-98.700435">
        <ele>3354.912</ele>
        <time>2024-08-04T18:46:17.013Z</time>
      </trkpt>
      <trkpt lat="19.198883" lon="-98.700380">
        <ele>3355.850</ele>
        <time>2024-08-04T18:46:22.013Z</time>
      </trkpt>
      <trkpt lat="19.198883" lon="-98.700329">
        <ele>3360.043</ele>
        <time>2024-08-04T18:46:27.013Z</time>
      </trkpt>
      <trkpt lat="19.198893" lon="-98.700277">
        <ele>3362.118</ele>
        <time>2024-08-04T18:46:32.013Z</time>
      </trkpt>
      <trkpt lat="19.198907" lon="-98.700227">
        <ele>3363.440</ele>
        <time>2024-08-04T18:46:37.013Z</time>
      </trkpt>
      <trkpt lat="19.198918" lon="-98.700174">
        <ele>3363.515</ele>
        <time>2024-08-04T18:46:42.013Z</time>
      </trkpt>
      <trkpt lat="19.198928" lon="-98.700125">
        <ele>3363.665</ele>
        <time>2024-08-04T18:46:46.013Z</time>
      </trkpt>
      <trkpt lat="19.198939" lon="-98.700072">
        <ele>3363.911</ele>
        <time>2024-08-04T18:46:51.013Z</time>
      </trkpt>
      <trkpt lat="19.198965" lon="-98.700018">
        <ele>3363.909</ele>
        <time>2024-08-04T18:46:56.013Z</time>
      </trkpt>
      <trkpt lat="19.198994" lon="-98.699978">
        <ele>3365.472</ele>
        <time>2024-08-04T18:47:00.013Z</time>
      </trkpt>
      <trkpt lat="19.199023" lon="-98.699930">
        <ele>3365.768</ele>
        <time>2024-08-04T18:47:05.013Z</time>
      </trkpt>
      <trkpt lat="19.199043" lon="-98.699887">
        <ele>3366.460</ele>
        <time>2024-08-04T18:47:09.013Z</time>
      </trkpt>
      <trkpt lat="19.199077" lon="-98.699846">
        <ele>3367.229</ele>
        <time>2024-08-04T18:47:19.013Z</time>
      </trkpt>
      <trkpt lat="19.199094" lon="-98.699801">
        <ele>3367.752</ele>
        <time>2024-08-04T18:47:23.013Z</time>
      </trkpt>
      <trkpt lat="19.199107" lon="-98.699752">
        <ele>3368.450</ele>
        <time>2024-08-04T18:47:28.013Z</time>
      </trkpt>
      <trkpt lat="19.199120" lon="-98.699698">
        <ele>3368.793</ele>
        <time>2024-08-04T18:47:33.013Z</time>
      </trkpt>
      <trkpt lat="19.199128" lon="-98.699648">
        <ele>3368.718</ele>
        <time>2024-08-04T18:47:37.013Z</time>
      </trkpt>
      <trkpt lat="19.199131" lon="-98.699596">
        <ele>3368.930</ele>
        <time>2024-08-04T18:47:41.003Z</time>
      </trkpt>
      <trkpt lat="19.199129" lon="-98.699540">
        <ele>3368.612</ele>
        <time>2024-08-04T18:47:45.013Z</time>
      </trkpt>
      <trkpt lat="19.199132" lon="-98.699481">
        <ele>3368.632</ele>
        <time>2024-08-04T18:47:50.013Z</time>
      </trkpt>
      <trkpt lat="19.199146" lon="-98.699427">
        <ele>3368.505</ele>
        <time>2024-08-04T18:47:55.013Z</time>
      </trkpt>
      <trkpt lat="19.199166" lon="-98.699375">
        <ele>3370.009</ele>
        <time>2024-08-04T18:48:00.013Z</time>
      </trkpt>
      <trkpt lat="19.199187" lon="-98.699331">
        <ele>3370.552</ele>
        <time>2024-08-04T18:48:04.013Z</time>
      </trkpt>
      <trkpt lat="19.199216" lon="-98.699292">
        <ele>3370.798</ele>
        <time>2024-08-04T18:48:08.013Z</time>
      </trkpt>
      <trkpt lat="19.199254" lon="-98.699255">
        <ele>3370.960</ele>
        <time>2024-08-04T18:48:13.013Z</time>
      </trkpt>
      <trkpt lat="19.199286" lon="-98.699221">
        <ele>3370.949</ele>
        <time>2024-08-04T18:48:17.013Z</time>
      </trkpt>
      <trkpt lat="19.199311" lon="-98.699180">
        <ele>3371.072</ele>
        <time>2024-08-04T18:48:22.013Z</time>
      </trkpt>
      <trkpt lat="19.199341" lon="-98.699143">
        <ele>3371.360</ele>
        <time>2024-08-04T18:48:40.131Z</time>
      </trkpt>
      <trkpt lat="19.199369" lon="-98.699080">
        <ele>3372.213</ele>
        <time>2024-08-04T18:48:46.131Z</time>
      </trkpt>
      <trkpt lat="19.199385" lon="-98.698984">
        <ele>3372.828</ele>
        <time>2024-08-04T18:48:51.013Z</time>
      </trkpt>
      <trkpt lat="19.199405" lon="-98.698930">
        <ele>3373.840</ele>
        <time>2024-08-04T18:48:57.013Z</time>
      </trkpt>
      <trkpt lat="19.199438" lon="-98.698895">
        <ele>3374.691</ele>
        <time>2024-08-04T18:49:02.013Z</time>
      </trkpt>
      <trkpt lat="19.199476" lon="-98.698853">
        <ele>3377.681</ele>
        <time>2024-08-04T18:49:08.013Z</time>
      </trkpt>
      <trkpt lat="19.199511" lon="-98.698817">
        <ele>3378.919</ele>
        <time>2024-08-04T18:49:24.013Z</time>
      </trkpt>
      <trkpt lat="19.199541" lon="-98.698771">
        <ele>3380.809</ele>
        <time>2024-08-04T18:49:30.013Z</time>
      </trkpt>
      <trkpt lat="19.199576" lon="-98.698739">
        <ele>3381.160</ele>
        <time>2024-08-04T18:49:36.013Z</time>
      </trkpt>
      <trkpt lat="19.199607" lon="-98.698700">
        <ele>3383.866</ele>
        <time>2024-08-04T18:49:42.162Z</time>
      </trkpt>
      <trkpt lat="19.199637" lon="-98.698660">
        <ele>3385.348</ele>
        <time>2024-08-04T18:49:49.013Z</time>
      </trkpt>
      <trkpt lat="19.199684" lon="-98.698640">
        <ele>3385.977</ele>
        <time>2024-08-04T18:49:56.013Z</time>
      </trkpt>
      <trkpt lat="19.199716" lon="-98.698602">
        <ele>3387.190</ele>
        <time>2024-08-04T18:50:02.152Z</time>
      </trkpt>
      <trkpt lat="19.199740" lon="-98.698491">
        <ele>3394.758</ele>
        <time>2024-08-04T18:51:03.013Z</time>
      </trkpt>
      <trkpt lat="19.199767" lon="-98.698445">
        <ele>3396.371</ele>
        <time>2024-08-04T18:51:08.013Z</time>
      </trkpt>
      <trkpt lat="19.199785" lon="-98.698389">
        <ele>3396.346</ele>
        <time>2024-08-04T18:51:13.013Z</time>
      </trkpt>
      <trkpt lat="19.199799" lon="-98.698333">
        <ele>3396.328</ele>
        <time>2024-08-04T18:51:18.013Z</time>
      </trkpt>
      <trkpt lat="19.199827" lon="-98.698279">
        <ele>3391.568</ele>
        <time>2024-08-04T18:51:23.155Z</time>
      </trkpt>
      <trkpt lat="19.199870" lon="-98.698254">
        <ele>3388.842</ele>
        <time>2024-08-04T18:51:51.063Z</time>
      </trkpt>
      <trkpt lat="19.199888" lon="-98.698202">
        <ele>3388.526</ele>
        <time>2024-08-04T18:51:57.160Z</time>
      </trkpt>
      <trkpt lat="19.199891" lon="-98.698152">
        <ele>3388.009</ele>
        <time>2024-08-04T18:52:00.120Z</time>
      </trkpt>
      <trkpt lat="19.199872" lon="-98.698106">
        <ele>3388.237</ele>
        <time>2024-08-04T18:52:06.167Z</time>
      </trkpt>
      <trkpt lat="19.199875" lon="-98.698044">
        <ele>3388.383</ele>
        <time>2024-08-04T18:52:15.077Z</time>
      </trkpt>
      <trkpt lat="19.199889" lon="-98.697997">
        <ele>3390.465</ele>
        <time>2024-08-04T18:52:19.178Z</time>
      </trkpt>
      <trkpt lat="19.199904" lon="-98.697946">
        <ele>3393.624</ele>
        <time>2024-08-04T18:52:26.068Z</time>
      </trkpt>
      <trkpt lat="19.199923" lon="-98.697893">
        <ele>3394.437</ele>
        <time>2024-08-04T18:52:31.013Z</time>
      </trkpt>
      <trkpt lat="19.199944" lon="-98.697850">
        <ele>3395.715</ele>
        <time>2024-08-04T18:52:36.013Z</time>
      </trkpt>
      <trkpt lat="19.199956" lon="-98.697792">
        <ele>3399.778</ele>
        <time>2024-08-04T18:52:56.163Z</time>
      </trkpt>
      <trkpt lat="19.200017" lon="-98.697722">
        <ele>3402.253</ele>
        <time>2024-08-04T18:53:02.135Z</time>
      </trkpt>
      <trkpt lat="19.200024" lon="-98.697669">
        <ele>3403.355</ele>
        <time>2024-08-04T18:53:08.013Z</time>
      </trkpt>
      <trkpt lat="19.200074" lon="-98.697607">
        <ele>3403.256</ele>
        <time>2024-08-04T18:53:23.013Z</time>
      </trkpt>
      <trkpt lat="19.200085" lon="-98.697543">
        <ele>3402.759</ele>
        <time>2024-08-04T18:53:31.052Z</time>
      </trkpt>
      <trkpt lat="19.200104" lon="-98.697490">
        <ele>3402.414</ele>
        <time>2024-08-04T18:53:36.013Z</time>
      </trkpt>
      <trkpt lat="19.200119" lon="-98.697437">
        <ele>3402.209</ele>
        <time>2024-08-04T18:53:41.013Z</time>
      </trkpt>
      <trkpt lat="19.200144" lon="-98.697390">
        <ele>3401.656</ele>
        <time>2024-08-04T18:53:48.019Z</time>
      </trkpt>
      <trkpt lat="19.200128" lon="-98.697341">
        <ele>3401.772</ele>
        <time>2024-08-04T18:53:54.019Z</time>
      </trkpt>
      <trkpt lat="19.200171" lon="-98.697362">
        <ele>3405.254</ele>
        <time>2024-08-04T18:58:32.014Z</time>
      </trkpt>
      <trkpt lat="19.200193" lon="-98.697320">
        <ele>3405.693</ele>
        <time>2024-08-04T18:59:47.013Z</time>
      </trkpt>
      <trkpt lat="19.200180" lon="-98.697273">
        <ele>3405.676</ele>
        <time>2024-08-04T18:59:50.013Z</time>
      </trkpt>
      <trkpt lat="19.200159" lon="-98.697227">
        <ele>3405.674</ele>
        <time>2024-08-04T18:59:55.156Z</time>
      </trkpt>
      <trkpt lat="19.200124" lon="-98.697175">
        <ele>3407.757</ele>
        <time>2024-08-04T19:00:02.061Z</time>
      </trkpt>
      <trkpt lat="19.200116" lon="-98.697120">
        <ele>3407.812</ele>
        <time>2024-08-04T19:00:05.152Z</time>
      </trkpt>
      <trkpt lat="19.200118" lon="-98.697061">
        <ele>3415.744</ele>
        <time>2024-08-04T19:00:10.152Z</time>
      </trkpt>
      <trkpt lat="19.200127" lon="-98.697012">
        <ele>3418.028</ele>
        <time>2024-08-04T19:00:14.152Z</time>
      </trkpt>
      <trkpt lat="19.200146" lon="-98.696950">
        <ele>3419.089</ele>
        <time>2024-08-04T19:00:20.121Z</time>
      </trkpt>
      <trkpt lat="19.200157" lon="-98.696902">
        <ele>3419.217</ele>
        <time>2024-08-04T19:00:24.133Z</time>
      </trkpt>
      <trkpt lat="19.200170" lon="-98.696836">
        <ele>3419.009</ele>
        <time>2024-08-04T19:00:29.013Z</time>
      </trkpt>
      <trkpt lat="19.200167" lon="-98.696782">
        <ele>3418.813</ele>
        <time>2024-08-04T19:00:34.069Z</time>
      </trkpt>
      <trkpt lat="19.200180" lon="-98.696736">
        <ele>3417.339</ele>
        <time>2024-08-04T19:00:37.153Z</time>
      </trkpt>
      <trkpt lat="19.200188" lon="-98.696684">
        <ele>3416.681</ele>
        <time>2024-08-04T19:00:42.153Z</time>
      </trkpt>
      <trkpt lat="19.200196" lon="-98.696627">
        <ele>3417.260</ele>
        <time>2024-08-04T19:00:48.013Z</time>
      </trkpt>
      <trkpt lat="19.200205" lon="-98.696578">
        <ele>3417.093</ele>
        <time>2024-08-04T19:00:53.013Z</time>
      </trkpt>
      <trkpt lat="19.200205" lon="-98.696526">
        <ele>3417.151</ele>
        <time>2024-08-04T19:00:58.013Z</time>
      </trkpt>
      <trkpt lat="19.200184" lon="-98.696477">
        <ele>3417.154</ele>
        <time>2024-08-04T19:01:03.013Z</time>
      </trkpt>
      <trkpt lat="19.200194" lon="-98.696425">
        <ele>3417.119</ele>
        <time>2024-08-04T19:01:09.013Z</time>
      </trkpt>
      <trkpt lat="19.200175" lon="-98.696371">
        <ele>3417.041</ele>
        <time>2024-08-04T19:01:15.013Z</time>
      </trkpt>
      <trkpt lat="19.200167" lon="-98.696318">
        <ele>3417.128</ele>
        <time>2024-08-04T19:01:20.013Z</time>
      </trkpt>
      <trkpt lat="19.200165" lon="-98.696265">
        <ele>3417.689</ele>
        <time>2024-08-04T19:01:25.013Z</time>
      </trkpt>
      <trkpt lat="19.200169" lon="-98.696214">
        <ele>3418.017</ele>
        <time>2024-08-04T19:01:30.013Z</time>
      </trkpt>
      <trkpt lat="19.200181" lon="-98.696164">
        <ele>3418.109</ele>
        <time>2024-08-04T19:01:35.013Z</time>
      </trkpt>
      <trkpt lat="19.200202" lon="-98.696121">
        <ele>3418.823</ele>
        <time>2024-08-04T19:01:40.013Z</time>
      </trkpt>
      <trkpt lat="19.200206" lon="-98.696071">
        <ele>3420.929</ele>
        <time>2024-08-04T19:01:46.013Z</time>
      </trkpt>
      <trkpt lat="19.200211" lon="-98.696020">
        <ele>3424.581</ele>
        <time>2024-08-04T19:01:52.013Z</time>
      </trkpt>
      <trkpt lat="19.200223" lon="-98.695967">
        <ele>3425.770</ele>
        <time>2024-08-04T19:01:58.013Z</time>
      </trkpt>
      <trkpt lat="19.200228" lon="-98.695917">
        <ele>3426.923</ele>
        <time>2024-08-04T19:02:05.057Z</time>
      </trkpt>
      <trkpt lat="19.200240" lon="-98.695868">
        <ele>3428.191</ele>
        <time>2024-08-04T19:02:10.138Z</time>
      </trkpt>
      <trkpt lat="19.200234" lon="-98.695810">
        <ele>3428.764</ele>
        <time>2024-08-04T19:02:16.013Z</time>
      </trkpt>
      <trkpt lat="19.200229" lon="-98.695760">
        <ele>3429.179</ele>
        <time>2024-08-04T19:02:23.239Z</time>
      </trkpt>
      <trkpt lat="19.200201" lon="-98.695707">
        <ele>3430.571</ele>
        <time>2024-08-04T19:02:29.165Z</time>
      </trkpt>
      <trkpt lat="19.200186" lon="-98.695657">
        <ele>3432.059</ele>
        <time>2024-08-04T19:02:46.156Z</time>
      </trkpt>
      <trkpt lat="19.200180" lon="-98.695568">
        <ele>3432.103</ele>
        <time>2024-08-04T19:02:50.159Z</time>
      </trkpt>
      <trkpt lat="19.200180" lon="-98.695518">
        <ele>3433.723</ele>
        <time>2024-08-04T19:02:57.013Z</time>
      </trkpt>
      <trkpt lat="19.200197" lon="-98.695471">
        <ele>3432.909</ele>
        <time>2024-08-04T19:03:02.013Z</time>
      </trkpt>
      <trkpt lat="19.200214" lon="-98.695427">
        <ele>3433.186</ele>
        <time>2024-08-04T19:03:08.015Z</time>
      </trkpt>
      <trkpt lat="19.200227" lon="-98.695381">
        <ele>3433.642</ele>
        <time>2024-08-04T19:03:16.013Z</time>
      </trkpt>
      <trkpt lat="19.200233" lon="-98.695331">
        <ele>3432.764</ele>
        <time>2024-08-04T19:03:28.590Z</time>
      </trkpt>
      <trkpt lat="19.200255" lon="-98.695288">
        <ele>3432.933</ele>
        <time>2024-08-04T19:03:37.013Z</time>
      </trkpt>
      <trkpt lat="19.200251" lon="-98.695238">
        <ele>3434.726</ele>
        <time>2024-08-04T19:04:14.016Z</time>
      </trkpt>
      <trkpt lat="19.200219" lon="-98.695195">
        <ele>3435.584</ele>
        <time>2024-08-04T19:04:20.457Z</time>
      </trkpt>
      <trkpt lat="19.200182" lon="-98.695168">
        <ele>3435.587</ele>
        <time>2024-08-04T19:04:24.013Z</time>
      </trkpt>
      <trkpt lat="19.200136" lon="-98.695150">
        <ele>3435.682</ele>
        <time>2024-08-04T19:04:28.013Z</time>
      </trkpt>
      <trkpt lat="19.200096" lon="-98.695128">
        <ele>3435.744</ele>
        <time>2024-08-04T19:04:32.013Z</time>
      </trkpt>
      <trkpt lat="19.200065" lon="-98.695082">
        <ele>3437.463</ele>
        <time>2024-08-04T19:04:37.013Z</time>
      </trkpt>
      <trkpt lat="19.200047" lon="-98.695030">
        <ele>3436.544</ele>
        <time>2024-08-04T19:04:42.013Z</time>
      </trkpt>
      <trkpt lat="19.200031" lon="-98.694982">
        <ele>3437.318</ele>
        <time>2024-08-04T19:04:47.013Z</time>
      </trkpt>
      <trkpt lat="19.199994" lon="-98.694945">
        <ele>3437.909</ele>
        <time>2024-08-04T19:04:53.013Z</time>
      </trkpt>
      <trkpt lat="19.199942" lon="-98.694923">
        <ele>3439.447</ele>
        <time>2024-08-04T19:04:58.013Z</time>
      </trkpt>
      <trkpt lat="19.199895" lon="-98.694901">
        <ele>3439.713</ele>
        <time>2024-08-04T19:05:02.013Z</time>
      </trkpt>
      <trkpt lat="19.199850" lon="-98.694885">
        <ele>3439.755</ele>
        <time>2024-08-04T19:05:06.013Z</time>
      </trkpt>
      <trkpt lat="19.199808" lon="-98.694863">
        <ele>3439.494</ele>
        <time>2024-08-04T19:05:10.013Z</time>
      </trkpt>
      <trkpt lat="19.199756" lon="-98.694842">
        <ele>3439.147</ele>
        <time>2024-08-04T19:05:15.013Z</time>
      </trkpt>
      <trkpt lat="19.199719" lon="-98.694808">
        <ele>3438.695</ele>
        <time>2024-08-04T19:05:19.013Z</time>
      </trkpt>
      <trkpt lat="19.199754" lon="-98.694777">
        <ele>3439.178</ele>
        <time>2024-08-04T19:05:40.013Z</time>
      </trkpt>
      <trkpt lat="19.199760" lon="-98.694729">
        <ele>3439.213</ele>
        <time>2024-08-04T19:05:45.013Z</time>
      </trkpt>
      <trkpt lat="19.199712" lon="-98.694715">
        <ele>3439.815</ele>
        <time>2024-08-04T19:05:53.013Z</time>
      </trkpt>
      <trkpt lat="19.199700" lon="-98.694664">
        <ele>3440.139</ele>
        <time>2024-08-04T19:06:07.013Z</time>
      </trkpt>
      <trkpt lat="19.199674" lon="-98.694623">
        <ele>3441.201</ele>
        <time>2024-08-04T19:06:16.013Z</time>
      </trkpt>
      <trkpt lat="19.199677" lon="-98.694569">
        <ele>3441.621</ele>
        <time>2024-08-04T19:06:25.013Z</time>
      </trkpt>
      <trkpt lat="19.199639" lon="-98.694542">
        <ele>3441.609</ele>
        <time>2024-08-04T19:06:35.013Z</time>
      </trkpt>
      <trkpt lat="19.199681" lon="-98.694524">
        <ele>3441.794</ele>
        <time>2024-08-04T19:06:50.013Z</time>
      </trkpt>
      <trkpt lat="19.199705" lon="-98.694482">
        <ele>3442.310</ele>
        <time>2024-08-04T19:06:57.013Z</time>
      </trkpt>
      <trkpt lat="19.199726" lon="-98.694433">
        <ele>3444.742</ele>
        <time>2024-08-04T19:07:05.013Z</time>
      </trkpt>
      <trkpt lat="19.199758" lon="-98.694393">
        <ele>3445.321</ele>
        <time>2024-08-04T19:07:12.013Z</time>
      </trkpt>
      <trkpt lat="19.199765" lon="-98.694338">
        <ele>3449.224</ele>
        <time>2024-08-04T19:07:19.013Z</time>
      </trkpt>
      <trkpt lat="19.199760" lon="-98.694283">
        <ele>3452.842</ele>
        <time>2024-08-04T19:07:36.013Z</time>
      </trkpt>
      <trkpt lat="19.199719" lon="-98.694248">
        <ele>3453.675</ele>
        <time>2024-08-04T19:07:40.013Z</time>
      </trkpt>
      <trkpt lat="19.199707" lon="-98.694200">
        <ele>3453.880</ele>
        <time>2024-08-04T19:07:44.013Z</time>
      </trkpt>
      <trkpt lat="19.199682" lon="-98.694157">
        <ele>3453.912</ele>
        <time>2024-08-04T19:07:50.013Z</time>
      </trkpt>
      <trkpt lat="19.199690" lon="-98.694110">
        <ele>3454.719</ele>
        <time>2024-08-04T19:07:56.013Z</time>
      </trkpt>
      <trkpt lat="19.199704" lon="-98.694065">
        <ele>3455.009</ele>
        <time>2024-08-04T19:08:02.013Z</time>
      </trkpt>
      <trkpt lat="19.199729" lon="-98.694024">
        <ele>3456.319</ele>
        <time>2024-08-04T19:08:14.013Z</time>
      </trkpt>
      <trkpt lat="19.199733" lon="-98.693975">
        <ele>3457.209</ele>
        <time>2024-08-04T19:08:20.013Z</time>
      </trkpt>
      <trkpt lat="19.199771" lon="-98.693941">
        <ele>3458.292</ele>
        <time>2024-08-04T19:08:27.013Z</time>
      </trkpt>
      <trkpt lat="19.199743" lon="-98.693903">
        <ele>3458.938</ele>
        <time>2024-08-04T19:08:33.013Z</time>
      </trkpt>
      <trkpt lat="19.199710" lon="-98.693868">
        <ele>3462.330</ele>
        <time>2024-08-04T19:09:10.013Z</time>
      </trkpt>
      <trkpt lat="19.199694" lon="-98.693821">
        <ele>3464.369</ele>
        <time>2024-08-04T19:09:17.013Z</time>
      </trkpt>
      <trkpt lat="19.199682" lon="-98.693772">
        <ele>3464.282</ele>
        <time>2024-08-04T19:09:26.013Z</time>
      </trkpt>
      <trkpt lat="19.199652" lon="-98.693733">
        <ele>3464.470</ele>
        <time>2024-08-04T19:09:39.013Z</time>
      </trkpt>
      <trkpt lat="19.199608" lon="-98.693710">
        <ele>3464.543</ele>
        <time>2024-08-04T19:09:55.013Z</time>
      </trkpt>
      <trkpt lat="19.199582" lon="-98.693664">
        <ele>3467.978</ele>
        <time>2024-08-04T19:10:18.013Z</time>
      </trkpt>
      <trkpt lat="19.199629" lon="-98.693641">
        <ele>3468.650</ele>
        <time>2024-08-04T19:10:23.013Z</time>
      </trkpt>
      <trkpt lat="19.199662" lon="-98.693604">
        <ele>3468.739</ele>
        <time>2024-08-04T19:10:31.013Z</time>
      </trkpt>
      <trkpt lat="19.199628" lon="-98.693572">
        <ele>3468.901</ele>
        <time>2024-08-04T19:10:35.013Z</time>
      </trkpt>
      <trkpt lat="19.199663" lon="-98.693536">
        <ele>3473.621</ele>
        <time>2024-08-04T19:10:49.013Z</time>
      </trkpt>
      <trkpt lat="19.199679" lon="-98.693490">
        <ele>3475.709</ele>
        <time>2024-08-04T19:10:59.013Z</time>
      </trkpt>
      <trkpt lat="19.199653" lon="-98.693449">
        <ele>3478.824</ele>
        <time>2024-08-04T19:11:12.013Z</time>
      </trkpt>
      <trkpt lat="19.199649" lon="-98.693398">
        <ele>3480.120</ele>
        <time>2024-08-04T19:11:46.013Z</time>
      </trkpt>
      <trkpt lat="19.199661" lon="-98.693351">
        <ele>3480.152</ele>
        <time>2024-08-04T19:11:54.013Z</time>
      </trkpt>
      <trkpt lat="19.199649" lon="-98.693301">
        <ele>3480.161</ele>
        <time>2024-08-04T19:12:12.013Z</time>
      </trkpt>
      <trkpt lat="19.199623" lon="-98.693258">
        <ele>3480.374</ele>
        <time>2024-08-04T19:12:20.013Z</time>
      </trkpt>
      <trkpt lat="19.199633" lon="-98.693207">
        <ele>3484.542</ele>
        <time>2024-08-04T19:12:31.013Z</time>
      </trkpt>
      <trkpt lat="19.199635" lon="-98.693155">
        <ele>3485.215</ele>
        <time>2024-08-04T19:12:41.013Z</time>
      </trkpt>
      <trkpt lat="19.199650" lon="-98.693108">
        <ele>3485.790</ele>
        <time>2024-08-04T19:12:53.013Z</time>
      </trkpt>
      <trkpt lat="19.199652" lon="-98.693057">
        <ele>3486.022</ele>
        <time>2024-08-04T19:12:59.013Z</time>
      </trkpt>
      <trkpt lat="19.199635" lon="-98.693012">
        <ele>3486.012</ele>
        <time>2024-08-04T19:13:18.013Z</time>
      </trkpt>
      <trkpt lat="19.199619" lon="-98.692966">
        <ele>3486.132</ele>
        <time>2024-08-04T19:13:34.013Z</time>
      </trkpt>
      <trkpt lat="19.199651" lon="-98.692908">
        <ele>3486.505</ele>
        <time>2024-08-04T19:13:42.013Z</time>
      </trkpt>
      <trkpt lat="19.199656" lon="-98.692858">
        <ele>3491.109</ele>
        <time>2024-08-04T19:13:52.013Z</time>
      </trkpt>
      <trkpt lat="19.199629" lon="-98.692818">
        <ele>3491.362</ele>
        <time>2024-08-04T19:14:01.013Z</time>
      </trkpt>
      <trkpt lat="19.199613" lon="-98.692772">
        <ele>3494.878</ele>
        <time>2024-08-04T19:14:07.013Z</time>
      </trkpt>
      <trkpt lat="19.199571" lon="-98.692753">
        <ele>3496.760</ele>
        <time>2024-08-04T19:14:18.013Z</time>
      </trkpt>
      <trkpt lat="19.199524" lon="-98.692742">
        <ele>3498.519</ele>
        <time>2024-08-04T19:14:25.013Z</time>
      </trkpt>
      <trkpt lat="19.199489" lon="-98.692779">
        <ele>3503.642</ele>
        <time>2024-08-04T19:18:03.013Z</time>
      </trkpt>
      <trkpt lat="19.199450" lon="-98.692754">
        <ele>3503.650</ele>
        <time>2024-08-04T19:18:11.013Z</time>
      </trkpt>
      <trkpt lat="19.199410" lon="-98.692726">
        <ele>3503.673</ele>
        <time>2024-08-04T19:18:21.013Z</time>
      </trkpt>
      <trkpt lat="19.199385" lon="-98.692682">
        <ele>3503.618</ele>
        <time>2024-08-04T19:18:24.013Z</time>
      </trkpt>
      <trkpt lat="19.199354" lon="-98.692631">
        <ele>3509.120</ele>
        <time>2024-08-04T19:18:29.013Z</time>
      </trkpt>
      <trkpt lat="19.199357" lon="-98.692572">
        <ele>3507.652</ele>
        <time>2024-08-04T19:18:33.013Z</time>
      </trkpt>
      <trkpt lat="19.199376" lon="-98.692517">
        <ele>3506.653</ele>
        <time>2024-08-04T19:18:37.013Z</time>
      </trkpt>
      <trkpt lat="19.199389" lon="-98.692464">
        <ele>3506.608</ele>
        <time>2024-08-04T19:18:43.013Z</time>
      </trkpt>
      <trkpt lat="19.199388" lon="-98.692413">
        <ele>3508.109</ele>
        <time>2024-08-04T19:18:54.013Z</time>
      </trkpt>
      <trkpt lat="19.199398" lon="-98.692363">
        <ele>3511.826</ele>
        <time>2024-08-04T19:19:10.013Z</time>
      </trkpt>
      <trkpt lat="19.199396" lon="-98.692313">
        <ele>3513.522</ele>
        <time>2024-08-04T19:19:20.013Z</time>
      </trkpt>
      <trkpt lat="19.199385" lon="-98.692258">
        <ele>3513.764</ele>
        <time>2024-08-04T19:19:33.013Z</time>
      </trkpt>
      <trkpt lat="19.199366" lon="-98.692213">
        <ele>3513.843</ele>
        <time>2024-08-04T19:19:41.013Z</time>
      </trkpt>
      <trkpt lat="19.199349" lon="-98.692163">
        <ele>3514.916</ele>
        <time>2024-08-04T19:20:04.013Z</time>
      </trkpt>
      <trkpt lat="19.199368" lon="-98.692113">
        <ele>3515.674</ele>
        <time>2024-08-04T19:20:09.013Z</time>
      </trkpt>
      <trkpt lat="19.199359" lon="-98.692061">
        <ele>3516.927</ele>
        <time>2024-08-04T19:20:14.013Z</time>
      </trkpt>
      <trkpt lat="19.199367" lon="-98.692014">
        <ele>3517.722</ele>
        <time>2024-08-04T19:20:25.013Z</time>
      </trkpt>
      <trkpt lat="19.199354" lon="-98.691966">
        <ele>3517.844</ele>
        <time>2024-08-04T19:20:34.013Z</time>
      </trkpt>
      <trkpt lat="19.199323" lon="-98.691928">
        <ele>3518.552</ele>
        <time>2024-08-04T19:20:42.013Z</time>
      </trkpt>
      <trkpt lat="19.199293" lon="-98.691886">
        <ele>3522.853</ele>
        <time>2024-08-04T19:20:50.013Z</time>
      </trkpt>
      <trkpt lat="19.199271" lon="-98.691840">
        <ele>3522.808</ele>
        <time>2024-08-04T19:20:56.013Z</time>
      </trkpt>
      <trkpt lat="19.199257" lon="-98.691790">
        <ele>3523.009</ele>
        <time>2024-08-04T19:21:03.013Z</time>
      </trkpt>
      <trkpt lat="19.199254" lon="-98.691735">
        <ele>3523.646</ele>
        <time>2024-08-04T19:21:24.013Z</time>
      </trkpt>
      <trkpt lat="19.199240" lon="-98.691685">
        <ele>3527.012</ele>
        <time>2024-08-04T19:21:31.013Z</time>
      </trkpt>
      <trkpt lat="19.199230" lon="-98.691634">
        <ele>3527.144</ele>
        <time>2024-08-04T19:21:42.013Z</time>
      </trkpt>
      <trkpt lat="19.199214" lon="-98.691585">
        <ele>3528.623</ele>
        <time>2024-08-04T19:21:53.013Z</time>
      </trkpt>
      <trkpt lat="19.199229" lon="-98.691534">
        <ele>3529.976</ele>
        <time>2024-08-04T19:22:08.013Z</time>
      </trkpt>
      <trkpt lat="19.199217" lon="-98.691487">
        <ele>3531.744</ele>
        <time>2024-08-04T19:22:17.013Z</time>
      </trkpt>
      <trkpt lat="19.199207" lon="-98.691437">
        <ele>3532.867</ele>
        <time>2024-08-04T19:22:33.013Z</time>
      </trkpt>
      <trkpt lat="19.199202" lon="-98.691389">
        <ele>3534.042</ele>
        <time>2024-08-04T19:22:42.013Z</time>
      </trkpt>
      <trkpt lat="19.199197" lon="-98.691338">
        <ele>3535.164</ele>
        <time>2024-08-04T19:22:54.013Z</time>
      </trkpt>
      <trkpt lat="19.199184" lon="-98.691290">
        <ele>3536.632</ele>
        <time>2024-08-04T19:23:03.013Z</time>
      </trkpt>
      <trkpt lat="19.199180" lon="-98.691241">
        <ele>3537.292</ele>
        <time>2024-08-04T19:23:10.013Z</time>
      </trkpt>
      <trkpt lat="19.199154" lon="-98.691202">
        <ele>3539.111</ele>
        <time>2024-08-04T19:23:26.013Z</time>
      </trkpt>
      <trkpt lat="19.199157" lon="-98.691150">
        <ele>3540.209</ele>
        <time>2024-08-04T19:23:34.013Z</time>
      </trkpt>
      <trkpt lat="19.199134" lon="-98.691106">
        <ele>3540.574</ele>
        <time>2024-08-04T19:23:44.013Z</time>
      </trkpt>
      <trkpt lat="19.199115" lon="-98.691062">
        <ele>3541.010</ele>
        <time>2024-08-04T19:23:53.013Z</time>
      </trkpt>
      <trkpt lat="19.199091" lon="-98.691021">
        <ele>3541.632</ele>
        <time>2024-08-04T19:24:04.013Z</time>
      </trkpt>
      <trkpt lat="19.199101" lon="-98.690974">
        <ele>3544.891</ele>
        <time>2024-08-04T19:24:14.013Z</time>
      </trkpt>
      <trkpt lat="19.199109" lon="-98.690927">
        <ele>3546.434</ele>
        <time>2024-08-04T19:24:23.013Z</time>
      </trkpt>
      <trkpt lat="19.199109" lon="-98.690877">
        <ele>3547.812</ele>
        <time>2024-08-04T19:24:45.013Z</time>
      </trkpt>
      <trkpt lat="19.199068" lon="-98.690856">
        <ele>3548.735</ele>
        <time>2024-08-04T19:24:50.013Z</time>
      </trkpt>
      <trkpt lat="19.199031" lon="-98.690822">
        <ele>3550.290</ele>
        <time>2024-08-04T19:24:57.013Z</time>
      </trkpt>
      <trkpt lat="19.199007" lon="-98.690775">
        <ele>3550.982</ele>
        <time>2024-08-04T19:25:03.013Z</time>
      </trkpt>
      <trkpt lat="19.198983" lon="-98.690731">
        <ele>3551.764</ele>
        <time>2024-08-04T19:25:09.013Z</time>
      </trkpt>
      <trkpt lat="19.198952" lon="-98.690687">
        <ele>3553.506</ele>
        <time>2024-08-04T19:25:15.013Z</time>
      </trkpt>
      <trkpt lat="19.198929" lon="-98.690643">
        <ele>3554.416</ele>
        <time>2024-08-04T19:25:20.013Z</time>
      </trkpt>
      <trkpt lat="19.198894" lon="-98.690599">
        <ele>3555.209</ele>
        <time>2024-08-04T19:25:25.013Z</time>
      </trkpt>
      <trkpt lat="19.198860" lon="-98.690555">
        <ele>3556.327</ele>
        <time>2024-08-04T19:25:30.013Z</time>
      </trkpt>
      <trkpt lat="19.198837" lon="-98.690510">
        <ele>3557.053</ele>
        <time>2024-08-04T19:25:36.013Z</time>
      </trkpt>
      <trkpt lat="19.198814" lon="-98.690465">
        <ele>3558.185</ele>
        <time>2024-08-04T19:25:42.013Z</time>
      </trkpt>
      <trkpt lat="19.198788" lon="-98.690426">
        <ele>3558.354</ele>
        <time>2024-08-04T19:25:47.013Z</time>
      </trkpt>
      <trkpt lat="19.198768" lon="-98.690379">
        <ele>3558.577</ele>
        <time>2024-08-04T19:25:52.013Z</time>
      </trkpt>
      <trkpt lat="19.198744" lon="-98.690338">
        <ele>3559.235</ele>
        <time>2024-08-04T19:25:57.013Z</time>
      </trkpt>
      <trkpt lat="19.198719" lon="-98.690292">
        <ele>3559.918</ele>
        <time>2024-08-04T19:26:03.013Z</time>
      </trkpt>
      <trkpt lat="19.198683" lon="-98.690258">
        <ele>3562.233</ele>
        <time>2024-08-04T19:26:20.013Z</time>
      </trkpt>
      <trkpt lat="19.198666" lon="-98.690208">
        <ele>3563.695</ele>
        <time>2024-08-04T19:26:26.013Z</time>
      </trkpt>
      <trkpt lat="19.198641" lon="-98.690159">
        <ele>3564.352</ele>
        <time>2024-08-04T19:26:32.013Z</time>
      </trkpt>
      <trkpt lat="19.198629" lon="-98.690106">
        <ele>3564.553</ele>
        <time>2024-08-04T19:26:37.013Z</time>
      </trkpt>
      <trkpt lat="19.198605" lon="-98.690063">
        <ele>3564.908</ele>
        <time>2024-08-04T19:26:42.013Z</time>
      </trkpt>
      <trkpt lat="19.198586" lon="-98.690013">
        <ele>3565.509</ele>
        <time>2024-08-04T19:26:48.013Z</time>
      </trkpt>
      <trkpt lat="19.198568" lon="-98.689968">
        <ele>3566.566</ele>
        <time>2024-08-04T19:26:53.013Z</time>
      </trkpt>
      <trkpt lat="19.198558" lon="-98.689912">
        <ele>3567.552</ele>
        <time>2024-08-04T19:27:05.013Z</time>
      </trkpt>
      <trkpt lat="19.198552" lon="-98.689864">
        <ele>3567.764</ele>
        <time>2024-08-04T19:27:13.013Z</time>
      </trkpt>
      <trkpt lat="19.198545" lon="-98.689810">
        <ele>3567.813</ele>
        <time>2024-08-04T19:27:20.013Z</time>
      </trkpt>
      <trkpt lat="19.198529" lon="-98.689758">
        <ele>3567.976</ele>
        <time>2024-08-04T19:27:26.013Z</time>
      </trkpt>
      <trkpt lat="19.198511" lon="-98.689712">
        <ele>3568.134</ele>
        <time>2024-08-04T19:27:32.013Z</time>
      </trkpt>
      <trkpt lat="19.198498" lon="-98.689662">
        <ele>3569.717</ele>
        <time>2024-08-04T19:27:38.013Z</time>
      </trkpt>
      <trkpt lat="19.198492" lon="-98.689612">
        <ele>3571.382</ele>
        <time>2024-08-04T19:27:45.013Z</time>
      </trkpt>
      <trkpt lat="19.198474" lon="-98.689563">
        <ele>3572.194</ele>
        <time>2024-08-04T19:27:51.013Z</time>
      </trkpt>
      <trkpt lat="19.198456" lon="-98.689512">
        <ele>3572.574</ele>
        <time>2024-08-04T19:27:57.013Z</time>
      </trkpt>
      <trkpt lat="19.198444" lon="-98.689461">
        <ele>3572.956</ele>
        <time>2024-08-04T19:28:03.013Z</time>
      </trkpt>
      <trkpt lat="19.198431" lon="-98.689414">
        <ele>3573.621</ele>
        <time>2024-08-04T19:28:08.013Z</time>
      </trkpt>
      <trkpt lat="19.198434" lon="-98.689366">
        <ele>3574.809</ele>
        <time>2024-08-04T19:28:13.013Z</time>
      </trkpt>
      <trkpt lat="19.198420" lon="-98.689320">
        <ele>3575.348</ele>
        <time>2024-08-04T19:28:18.013Z</time>
      </trkpt>
      <trkpt lat="19.198399" lon="-98.689273">
        <ele>3575.634</ele>
        <time>2024-08-04T19:28:23.013Z</time>
      </trkpt>
      <trkpt lat="19.198373" lon="-98.689224">
        <ele>3575.986</ele>
        <time>2024-08-04T19:28:29.013Z</time>
      </trkpt>
      <trkpt lat="19.198359" lon="-98.689176">
        <ele>3577.115</ele>
        <time>2024-08-04T19:28:34.013Z</time>
      </trkpt>
      <trkpt lat="19.198344" lon="-98.689128">
        <ele>3578.158</ele>
        <time>2024-08-04T19:28:39.013Z</time>
      </trkpt>
      <trkpt lat="19.198322" lon="-98.689079">
        <ele>3578.716</ele>
        <time>2024-08-04T19:28:45.013Z</time>
      </trkpt>
      <trkpt lat="19.198302" lon="-98.689027">
        <ele>3580.329</ele>
        <time>2024-08-04T19:28:51.013Z</time>
      </trkpt>
      <trkpt lat="19.198277" lon="-98.688980">
        <ele>3580.614</ele>
        <time>2024-08-04T19:28:56.013Z</time>
      </trkpt>
      <trkpt lat="19.198256" lon="-98.688928">
        <ele>3581.156</ele>
        <time>2024-08-04T19:29:02.013Z</time>
      </trkpt>
      <trkpt lat="19.198236" lon="-98.688880">
        <ele>3582.361</ele>
        <time>2024-08-04T19:29:11.013Z</time>
      </trkpt>
      <trkpt lat="19.198218" lon="-98.688832">
        <ele>3582.321</ele>
        <time>2024-08-04T19:29:16.013Z</time>
      </trkpt>
      <trkpt lat="19.198188" lon="-98.688791">
        <ele>3582.413</ele>
        <time>2024-08-04T19:29:21.013Z</time>
      </trkpt>
      <trkpt lat="19.198167" lon="-98.688743">
        <ele>3582.609</ele>
        <time>2024-08-04T19:29:26.013Z</time>
      </trkpt>
      <trkpt lat="19.198144" lon="-98.688695">
        <ele>3582.737</ele>
        <time>2024-08-04T19:29:31.013Z</time>
      </trkpt>
      <trkpt lat="19.198120" lon="-98.688648">
        <ele>3583.583</ele>
        <time>2024-08-04T19:29:36.013Z</time>
      </trkpt>
      <trkpt lat="19.198089" lon="-98.688605">
        <ele>3584.935</ele>
        <time>2024-08-04T19:29:41.013Z</time>
      </trkpt>
      <trkpt lat="19.198060" lon="-98.688556">
        <ele>3585.514</ele>
        <time>2024-08-04T19:29:47.013Z</time>
      </trkpt>
      <trkpt lat="19.198031" lon="-98.688514">
        <ele>3586.497</ele>
        <time>2024-08-04T19:29:52.013Z</time>
      </trkpt>
      <trkpt lat="19.198002" lon="-98.688477">
        <ele>3586.925</ele>
        <time>2024-08-04T19:29:57.013Z</time>
      </trkpt>
      <trkpt lat="19.197967" lon="-98.688434">
        <ele>3587.468</ele>
        <time>2024-08-04T19:30:03.013Z</time>
      </trkpt>
      <trkpt lat="19.197954" lon="-98.688387">
        <ele>3587.973</ele>
        <time>2024-08-04T19:30:07.013Z</time>
      </trkpt>
      <trkpt lat="19.197903" lon="-98.688401">
        <ele>3588.725</ele>
        <time>2024-08-04T19:30:19.013Z</time>
      </trkpt>
      <trkpt lat="19.197869" lon="-98.688331">
        <ele>3590.412</ele>
        <time>2024-08-04T19:30:26.013Z</time>
      </trkpt>
      <trkpt lat="19.197855" lon="-98.688278">
        <ele>3590.432</ele>
        <time>2024-08-04T19:30:31.013Z</time>
      </trkpt>
      <trkpt lat="19.197835" lon="-98.688234">
        <ele>3590.505</ele>
        <time>2024-08-04T19:30:35.013Z</time>
      </trkpt>
      <trkpt lat="19.197809" lon="-98.688195">
        <ele>3590.409</ele>
        <time>2024-08-04T19:30:40.013Z</time>
      </trkpt>
      <trkpt lat="19.197780" lon="-98.688148">
        <ele>3588.512</ele>
        <time>2024-08-04T19:30:45.013Z</time>
      </trkpt>
      <trkpt lat="19.197743" lon="-98.688108">
        <ele>3588.428</ele>
        <time>2024-08-04T19:30:50.013Z</time>
      </trkpt>
      <trkpt lat="19.197714" lon="-98.688066">
        <ele>3588.410</ele>
        <time>2024-08-04T19:30:54.013Z</time>
      </trkpt>
      <trkpt lat="19.197689" lon="-98.688022">
        <ele>3588.579</ele>
        <time>2024-08-04T19:30:58.013Z</time>
      </trkpt>
      <trkpt lat="19.197660" lon="-98.687978">
        <ele>3588.882</ele>
        <time>2024-08-04T19:31:05.013Z</time>
      </trkpt>
      <trkpt lat="19.197634" lon="-98.687938">
        <ele>3589.260</ele>
        <time>2024-08-04T19:31:11.013Z</time>
      </trkpt>
      <trkpt lat="19.197612" lon="-98.687893">
        <ele>3589.753</ele>
        <time>2024-08-04T19:31:17.013Z</time>
      </trkpt>
      <trkpt lat="19.197577" lon="-98.687852">
        <ele>3590.028</ele>
        <time>2024-08-04T19:31:22.013Z</time>
      </trkpt>
      <trkpt lat="19.197546" lon="-98.687808">
        <ele>3592.060</ele>
        <time>2024-08-04T19:31:28.013Z</time>
      </trkpt>
      <trkpt lat="19.197514" lon="-98.687768">
        <ele>3592.689</ele>
        <time>2024-08-04T19:31:34.013Z</time>
      </trkpt>
      <trkpt lat="19.197463" lon="-98.687752">
        <ele>3594.206</ele>
        <time>2024-08-04T19:31:55.013Z</time>
      </trkpt>
      <trkpt lat="19.197426" lon="-98.687724">
        <ele>3594.726</ele>
        <time>2024-08-04T19:32:01.013Z</time>
      </trkpt>
      <trkpt lat="19.197379" lon="-98.687710">
        <ele>3594.909</ele>
        <time>2024-08-04T19:32:08.013Z</time>
      </trkpt>
      <trkpt lat="19.197334" lon="-98.687703">
        <ele>3598.019</ele>
        <time>2024-08-04T19:32:31.013Z</time>
      </trkpt>
      <trkpt lat="19.197286" lon="-98.687700">
        <ele>3598.285</ele>
        <time>2024-08-04T19:32:36.013Z</time>
      </trkpt>
      <trkpt lat="19.197236" lon="-98.687681">
        <ele>3598.867</ele>
        <time>2024-08-04T19:32:41.013Z</time>
      </trkpt>
      <trkpt lat="19.197189" lon="-98.687683">
        <ele>3599.416</ele>
        <time>2024-08-04T19:32:46.013Z</time>
      </trkpt>
      <trkpt lat="19.197157" lon="-98.687643">
        <ele>3599.559</ele>
        <time>2024-08-04T19:32:53.013Z</time>
      </trkpt>
      <trkpt lat="19.197136" lon="-98.687594">
        <ele>3599.827</ele>
        <time>2024-08-04T19:33:00.013Z</time>
      </trkpt>
      <trkpt lat="19.197118" lon="-98.687544">
        <ele>3600.170</ele>
        <time>2024-08-04T19:33:15.013Z</time>
      </trkpt>
      <trkpt lat="19.197123" lon="-98.687486">
        <ele>3600.175</ele>
        <time>2024-08-04T19:33:25.013Z</time>
      </trkpt>
      <trkpt lat="19.197149" lon="-98.687441">
        <ele>3600.687</ele>
        <time>2024-08-04T19:33:32.013Z</time>
      </trkpt>
      <trkpt lat="19.197171" lon="-98.687395">
        <ele>3600.896</ele>
        <time>2024-08-04T19:33:39.013Z</time>
      </trkpt>
      <trkpt lat="19.197215" lon="-98.687360">
        <ele>3603.131</ele>
        <time>2024-08-04T19:34:04.013Z</time>
      </trkpt>
      <trkpt lat="19.197259" lon="-98.687337">
        <ele>3603.624</ele>
        <time>2024-08-04T19:34:10.013Z</time>
      </trkpt>
      <trkpt lat="19.197305" lon="-98.687312">
        <ele>3603.909</ele>
        <time>2024-08-04T19:34:15.013Z</time>
      </trkpt>
      <trkpt lat="19.197349" lon="-98.687297">
        <ele>3604.180</ele>
        <time>2024-08-04T19:34:19.013Z</time>
      </trkpt>
      <trkpt lat="19.197403" lon="-98.687309">
        <ele>3604.266</ele>
        <time>2024-08-04T19:34:24.013Z</time>
      </trkpt>
      <trkpt lat="19.197447" lon="-98.687324">
        <ele>3607.488</ele>
        <time>2024-08-04T19:34:28.013Z</time>
      </trkpt>
      <trkpt lat="19.197493" lon="-98.687345">
        <ele>3608.427</ele>
        <time>2024-08-04T19:34:33.013Z</time>
      </trkpt>
      <trkpt lat="19.197536" lon="-98.687372">
        <ele>3609.290</ele>
        <time>2024-08-04T19:34:38.013Z</time>
      </trkpt>
      <trkpt lat="19.197572" lon="-98.687409">
        <ele>3610.118</ele>
        <time>2024-08-04T19:34:43.013Z</time>
      </trkpt>
      <trkpt lat="19.197624" lon="-98.687419">
        <ele>3612.611</ele>
        <time>2024-08-04T19:34:50.013Z</time>
      </trkpt>
      <trkpt lat="19.197670" lon="-98.687411">
        <ele>3613.736</ele>
        <time>2024-08-04T19:34:55.013Z</time>
      </trkpt>
      <trkpt lat="19.197706" lon="-98.687378">
        <ele>3615.958</ele>
        <time>2024-08-04T19:35:00.013Z</time>
      </trkpt>
      <trkpt lat="19.197718" lon="-98.687329">
        <ele>3616.624</ele>
        <time>2024-08-04T19:35:06.013Z</time>
      </trkpt>
      <trkpt lat="19.197706" lon="-98.687283">
        <ele>3617.204</ele>
        <time>2024-08-04T19:35:11.013Z</time>
      </trkpt>
      <trkpt lat="19.197669" lon="-98.687248">
        <ele>3616.914</ele>
        <time>2024-08-04T19:35:25.013Z</time>
      </trkpt>
      <trkpt lat="19.197630" lon="-98.687207">
        <ele>3617.309</ele>
        <time>2024-08-04T19:35:30.013Z</time>
      </trkpt>
      <trkpt lat="19.197588" lon="-98.687180">
        <ele>3617.383</ele>
        <time>2024-08-04T19:35:35.013Z</time>
      </trkpt>
      <trkpt lat="19.197554" lon="-98.687147">
        <ele>3617.339</ele>
        <time>2024-08-04T19:35:40.013Z</time>
      </trkpt>
      <trkpt lat="19.197525" lon="-98.687103">
        <ele>3617.561</ele>
        <time>2024-08-04T19:35:45.013Z</time>
      </trkpt>
      <trkpt lat="19.197498" lon="-98.687065">
        <ele>3619.210</ele>
        <time>2024-08-04T19:35:49.013Z</time>
      </trkpt>
      <trkpt lat="19.197459" lon="-98.687030">
        <ele>3619.793</ele>
        <time>2024-08-04T19:35:54.013Z</time>
      </trkpt>
      <trkpt lat="19.197424" lon="-98.686986">
        <ele>3620.081</ele>
        <time>2024-08-04T19:35:59.013Z</time>
      </trkpt>
      <trkpt lat="19.197395" lon="-98.686948">
        <ele>3620.094</ele>
        <time>2024-08-04T19:36:03.013Z</time>
      </trkpt>
      <trkpt lat="19.197362" lon="-98.686906">
        <ele>3620.039</ele>
        <time>2024-08-04T19:36:08.013Z</time>
      </trkpt>
      <trkpt lat="19.197320" lon="-98.686873">
        <ele>3620.391</ele>
        <time>2024-08-04T19:36:17.013Z</time>
      </trkpt>
      <trkpt lat="19.197286" lon="-98.686831">
        <ele>3621.752</ele>
        <time>2024-08-04T19:36:22.013Z</time>
      </trkpt>
      <trkpt lat="19.197244" lon="-98.686793">
        <ele>3622.153</ele>
        <time>2024-08-04T19:36:28.013Z</time>
      </trkpt>
      <trkpt lat="19.197211" lon="-98.686754">
        <ele>3622.108</ele>
        <time>2024-08-04T19:36:33.013Z</time>
      </trkpt>
      <trkpt lat="19.197180" lon="-98.686718">
        <ele>3622.109</ele>
        <time>2024-08-04T19:36:37.013Z</time>
      </trkpt>
      <trkpt lat="19.197140" lon="-98.686693">
        <ele>3621.616</ele>
        <time>2024-08-04T19:36:41.013Z</time>
      </trkpt>
      <trkpt lat="19.197091" lon="-98.686667">
        <ele>3621.312</ele>
        <time>2024-08-04T19:36:46.013Z</time>
      </trkpt>
      <trkpt lat="19.197048" lon="-98.686634">
        <ele>3621.394</ele>
        <time>2024-08-04T19:36:51.013Z</time>
      </trkpt>
      <trkpt lat="19.197030" lon="-98.686585">
        <ele>3621.983</ele>
        <time>2024-08-04T19:36:56.013Z</time>
      </trkpt>
      <trkpt lat="19.196984" lon="-98.686560">
        <ele>3622.896</ele>
        <time>2024-08-04T19:37:00.013Z</time>
      </trkpt>
      <trkpt lat="19.196943" lon="-98.686531">
        <ele>3623.154</ele>
        <time>2024-08-04T19:37:05.013Z</time>
      </trkpt>
      <trkpt lat="19.196911" lon="-98.686491">
        <ele>3623.967</ele>
        <time>2024-08-04T19:37:14.013Z</time>
      </trkpt>
      <trkpt lat="19.196876" lon="-98.686456">
        <ele>3625.232</ele>
        <time>2024-08-04T19:37:19.013Z</time>
      </trkpt>
      <trkpt lat="19.196848" lon="-98.686417">
        <ele>3625.614</ele>
        <time>2024-08-04T19:37:23.013Z</time>
      </trkpt>
      <trkpt lat="19.196818" lon="-98.686381">
        <ele>3625.847</ele>
        <time>2024-08-04T19:37:27.013Z</time>
      </trkpt>
      <trkpt lat="19.196774" lon="-98.686351">
        <ele>3627.129</ele>
        <time>2024-08-04T19:37:32.013Z</time>
      </trkpt>
      <trkpt lat="19.196740" lon="-98.686314">
        <ele>3627.421</ele>
        <time>2024-08-04T19:37:36.013Z</time>
      </trkpt>
      <trkpt lat="19.196701" lon="-98.686278">
        <ele>3627.809</ele>
        <time>2024-08-04T19:37:41.013Z</time>
      </trkpt>
      <trkpt lat="19.196661" lon="-98.686242">
        <ele>3628.085</ele>
        <time>2024-08-04T19:37:46.013Z</time>
      </trkpt>
      <trkpt lat="19.196624" lon="-98.686212">
        <ele>3628.191</ele>
        <time>2024-08-04T19:37:50.013Z</time>
      </trkpt>
      <trkpt lat="19.196588" lon="-98.686176">
        <ele>3628.183</ele>
        <time>2024-08-04T19:37:54.013Z</time>
      </trkpt>
      <trkpt lat="19.196551" lon="-98.686144">
        <ele>3627.322</ele>
        <time>2024-08-04T19:37:58.013Z</time>
      </trkpt>
      <trkpt lat="19.196515" lon="-98.686106">
        <ele>3627.145</ele>
        <time>2024-08-04T19:38:02.013Z</time>
      </trkpt>
      <trkpt lat="19.196482" lon="-98.686070">
        <ele>3626.843</ele>
        <time>2024-08-04T19:38:06.013Z</time>
      </trkpt>
      <trkpt lat="19.196458" lon="-98.686020">
        <ele>3626.896</ele>
        <time>2024-08-04T19:38:11.013Z</time>
      </trkpt>
      <trkpt lat="19.196412" lon="-98.685989">
        <ele>3627.161</ele>
        <time>2024-08-04T19:38:16.013Z</time>
      </trkpt>
      <trkpt lat="19.196373" lon="-98.685966">
        <ele>3627.963</ele>
        <time>2024-08-04T19:38:20.013Z</time>
      </trkpt>
      <trkpt lat="19.196334" lon="-98.685935">
        <ele>3628.457</ele>
        <time>2024-08-04T19:38:24.013Z</time>
      </trkpt>
      <trkpt lat="19.196300" lon="-98.685890">
        <ele>3628.700</ele>
        <time>2024-08-04T19:38:29.013Z</time>
      </trkpt>
      <trkpt lat="19.196266" lon="-98.685842">
        <ele>3628.920</ele>
        <time>2024-08-04T19:38:34.013Z</time>
      </trkpt>
      <trkpt lat="19.196227" lon="-98.685816">
        <ele>3628.909</ele>
        <time>2024-08-04T19:38:38.013Z</time>
      </trkpt>
      <trkpt lat="19.196186" lon="-98.685776">
        <ele>3629.216</ele>
        <time>2024-08-04T19:38:43.013Z</time>
      </trkpt>
      <trkpt lat="19.196150" lon="-98.685743">
        <ele>3629.552</ele>
        <time>2024-08-04T19:38:47.013Z</time>
      </trkpt>
      <trkpt lat="19.196108" lon="-98.685704">
        <ele>3629.424</ele>
        <time>2024-08-04T19:38:52.013Z</time>
      </trkpt>
      <trkpt lat="19.196072" lon="-98.685660">
        <ele>3629.283</ele>
        <time>2024-08-04T19:38:57.013Z</time>
      </trkpt>
      <trkpt lat="19.196037" lon="-98.685623">
        <ele>3628.226</ele>
        <time>2024-08-04T19:39:01.013Z</time>
      </trkpt>
      <trkpt lat="19.196003" lon="-98.685589">
        <ele>3627.734</ele>
        <time>2024-08-04T19:39:05.013Z</time>
      </trkpt>
      <trkpt lat="19.195955" lon="-98.685556">
        <ele>3628.267</ele>
        <time>2024-08-04T19:39:10.013Z</time>
      </trkpt>
      <trkpt lat="19.195919" lon="-98.685520">
        <ele>3631.152</ele>
        <time>2024-08-04T19:39:14.013Z</time>
      </trkpt>
      <trkpt lat="19.195890" lon="-98.685480">
        <ele>3631.654</ele>
        <time>2024-08-04T19:39:18.013Z</time>
      </trkpt>
      <trkpt lat="19.195850" lon="-98.685447">
        <ele>3632.048</ele>
        <time>2024-08-04T19:39:22.013Z</time>
      </trkpt>
      <trkpt lat="19.195812" lon="-98.685418">
        <ele>3632.161</ele>
        <time>2024-08-04T19:39:26.013Z</time>
      </trkpt>
      <trkpt lat="19.195772" lon="-98.685378">
        <ele>3632.117</ele>
        <time>2024-08-04T19:39:31.013Z</time>
      </trkpt>
      <trkpt lat="19.195731" lon="-98.685344">
        <ele>3632.009</ele>
        <time>2024-08-04T19:39:35.013Z</time>
      </trkpt>
      <trkpt lat="19.195691" lon="-98.685315">
        <ele>3632.035</ele>
        <time>2024-08-04T19:39:39.013Z</time>
      </trkpt>
      <trkpt lat="19.195646" lon="-98.685281">
        <ele>3631.561</ele>
        <time>2024-08-04T19:39:44.013Z</time>
      </trkpt>
      <trkpt lat="19.195611" lon="-98.685248">
        <ele>3630.143</ele>
        <time>2024-08-04T19:39:48.013Z</time>
      </trkpt>
      <trkpt lat="19.195569" lon="-98.685210">
        <ele>3629.362</ele>
        <time>2024-08-04T19:39:53.013Z</time>
      </trkpt>
      <trkpt lat="19.195529" lon="-98.685181">
        <ele>3628.045</ele>
        <time>2024-08-04T19:39:57.013Z</time>
      </trkpt>
      <trkpt lat="19.195491" lon="-98.685143">
        <ele>3627.663</ele>
        <time>2024-08-04T19:40:01.013Z</time>
      </trkpt>
      <trkpt lat="19.195452" lon="-98.685118">
        <ele>3627.796</ele>
        <time>2024-08-04T19:40:06.013Z</time>
      </trkpt>
      <trkpt lat="19.195413" lon="-98.685089">
        <ele>3627.481</ele>
        <time>2024-08-04T19:40:11.013Z</time>
      </trkpt>
      <trkpt lat="19.195372" lon="-98.685055">
        <ele>3627.753</ele>
        <time>2024-08-04T19:40:16.013Z</time>
      </trkpt>
      <trkpt lat="19.195331" lon="-98.685028">
        <ele>3627.948</ele>
        <time>2024-08-04T19:40:20.013Z</time>
      </trkpt>
      <trkpt lat="19.195285" lon="-98.685006">
        <ele>3628.161</ele>
        <time>2024-08-04T19:40:24.013Z</time>
      </trkpt>
      <trkpt lat="19.195241" lon="-98.684989">
        <ele>3627.917</ele>
        <time>2024-08-04T19:40:28.013Z</time>
      </trkpt>
      <trkpt lat="19.195202" lon="-98.684961">
        <ele>3627.909</ele>
        <time>2024-08-04T19:40:39.013Z</time>
      </trkpt>
      <trkpt lat="19.195164" lon="-98.684926">
        <ele>3628.595</ele>
        <time>2024-08-04T19:40:44.013Z</time>
      </trkpt>
      <trkpt lat="19.195122" lon="-98.684906">
        <ele>3628.521</ele>
        <time>2024-08-04T19:40:48.013Z</time>
      </trkpt>
      <trkpt lat="19.195078" lon="-98.684881">
        <ele>3628.613</ele>
        <time>2024-08-04T19:40:53.013Z</time>
      </trkpt>
      <trkpt lat="19.195033" lon="-98.684852">
        <ele>3629.242</ele>
        <time>2024-08-04T19:40:58.013Z</time>
      </trkpt>
      <trkpt lat="19.194984" lon="-98.684821">
        <ele>3629.865</ele>
        <time>2024-08-04T19:41:03.013Z</time>
      </trkpt>
      <trkpt lat="19.194942" lon="-98.684783">
        <ele>3631.563</ele>
        <time>2024-08-04T19:41:08.013Z</time>
      </trkpt>
      <trkpt lat="19.194900" lon="-98.684759">
        <ele>3631.776</ele>
        <time>2024-08-04T19:41:12.013Z</time>
      </trkpt>
      <trkpt lat="19.194856" lon="-98.684739">
        <ele>3631.941</ele>
        <time>2024-08-04T19:41:16.013Z</time>
      </trkpt>
      <trkpt lat="19.194811" lon="-98.684707">
        <ele>3631.993</ele>
        <time>2024-08-04T19:41:21.013Z</time>
      </trkpt>
      <trkpt lat="19.194771" lon="-98.684683">
        <ele>3632.062</ele>
        <time>2024-08-04T19:41:25.013Z</time>
      </trkpt>
      <trkpt lat="19.194725" lon="-98.684663">
        <ele>3632.283</ele>
        <time>2024-08-04T19:41:29.013Z</time>
      </trkpt>
      <trkpt lat="19.194680" lon="-98.684646">
        <ele>3632.311</ele>
        <time>2024-08-04T19:41:33.013Z</time>
      </trkpt>
      <trkpt lat="19.194639" lon="-98.684613">
        <ele>3632.509</ele>
        <time>2024-08-04T19:41:37.013Z</time>
      </trkpt>
      <trkpt lat="19.194589" lon="-98.684588">
        <ele>3634.137</ele>
        <time>2024-08-04T19:41:41.013Z</time>
      </trkpt>
      <trkpt lat="19.194538" lon="-98.684563">
        <ele>3635.643</ele>
        <time>2024-08-04T19:41:45.013Z</time>
      </trkpt>
      <trkpt lat="19.194491" lon="-98.684541">
        <ele>3636.275</ele>
        <time>2024-08-04T19:41:49.013Z</time>
      </trkpt>
      <trkpt lat="19.194444" lon="-98.684523">
        <ele>3636.794</ele>
        <time>2024-08-04T19:41:53.013Z</time>
      </trkpt>
      <trkpt lat="19.194399" lon="-98.684503">
        <ele>3638.037</ele>
        <time>2024-08-04T19:41:57.013Z</time>
      </trkpt>
      <trkpt lat="19.194357" lon="-98.684482">
        <ele>3638.535</ele>
        <time>2024-08-04T19:42:01.013Z</time>
      </trkpt>
      <trkpt lat="19.194317" lon="-98.684458">
        <ele>3639.098</ele>
        <time>2024-08-04T19:42:05.013Z</time>
      </trkpt>
      <trkpt lat="19.194278" lon="-98.684431">
        <ele>3639.283</ele>
        <time>2024-08-04T19:42:09.013Z</time>
      </trkpt>
      <trkpt lat="19.194235" lon="-98.684409">
        <ele>3639.315</ele>
        <time>2024-08-04T19:42:13.013Z</time>
      </trkpt>
      <trkpt lat="19.194190" lon="-98.684394">
        <ele>3639.663</ele>
        <time>2024-08-04T19:42:17.013Z</time>
      </trkpt>
      <trkpt lat="19.194141" lon="-98.684368">
        <ele>3640.144</ele>
        <time>2024-08-04T19:42:21.013Z</time>
      </trkpt>
      <trkpt lat="19.194097" lon="-98.684334">
        <ele>3640.618</ele>
        <time>2024-08-04T19:42:25.013Z</time>
      </trkpt>
      <trkpt lat="19.194055" lon="-98.684305">
        <ele>3640.609</ele>
        <time>2024-08-04T19:42:29.013Z</time>
      </trkpt>
      <trkpt lat="19.194033" lon="-98.684260">
        <ele>3640.257</ele>
        <time>2024-08-04T19:42:33.013Z</time>
      </trkpt>
      <trkpt lat="19.194025" lon="-98.684206">
        <ele>3631.943</ele>
        <time>2024-08-04T19:42:53.013Z</time>
      </trkpt>
      <trkpt lat="19.193987" lon="-98.684180">
        <ele>3631.885</ele>
        <time>2024-08-04T19:42:57.013Z</time>
      </trkpt>
      <trkpt lat="19.193936" lon="-98.684181">
        <ele>3631.864</ele>
        <time>2024-08-04T19:43:03.013Z</time>
      </trkpt>
      <trkpt lat="19.193891" lon="-98.684165">
        <ele>3632.257</ele>
        <time>2024-08-04T19:43:21.013Z</time>
      </trkpt>
      <trkpt lat="19.193857" lon="-98.684198">
        <ele>3632.245</ele>
        <time>2024-08-04T19:43:26.013Z</time>
      </trkpt>
      <trkpt lat="19.193817" lon="-98.684231">
        <ele>3632.738</ele>
        <time>2024-08-04T19:43:30.013Z</time>
      </trkpt>
      <trkpt lat="19.193781" lon="-98.684265">
        <ele>3632.873</ele>
        <time>2024-08-04T19:43:35.013Z</time>
      </trkpt>
      <trkpt lat="19.193749" lon="-98.684227">
        <ele>3635.655</ele>
        <time>2024-08-04T19:43:47.013Z</time>
      </trkpt>
      <trkpt lat="19.193712" lon="-98.684188">
        <ele>3640.028</ele>
        <time>2024-08-04T19:43:52.013Z</time>
      </trkpt>
      <trkpt lat="19.193680" lon="-98.684144">
        <ele>3640.089</ele>
        <time>2024-08-04T19:43:57.013Z</time>
      </trkpt>
      <trkpt lat="19.193633" lon="-98.684121">
        <ele>3640.017</ele>
        <time>2024-08-04T19:44:01.013Z</time>
      </trkpt>
      <trkpt lat="19.193594" lon="-98.684093">
        <ele>3640.009</ele>
        <time>2024-08-04T19:44:07.013Z</time>
      </trkpt>
      <trkpt lat="19.193547" lon="-98.684081">
        <ele>3640.053</ele>
        <time>2024-08-04T19:44:12.013Z</time>
      </trkpt>
      <trkpt lat="19.193506" lon="-98.684047">
        <ele>3640.049</ele>
        <time>2024-08-04T19:44:18.013Z</time>
      </trkpt>
      <trkpt lat="19.193481" lon="-98.684006">
        <ele>3640.951</ele>
        <time>2024-08-04T19:44:23.013Z</time>
      </trkpt>
      <trkpt lat="19.193446" lon="-98.683966">
        <ele>3641.880</ele>
        <time>2024-08-04T19:44:29.013Z</time>
      </trkpt>
      <trkpt lat="19.193415" lon="-98.683927">
        <ele>3642.183</ele>
        <time>2024-08-04T19:44:34.013Z</time>
      </trkpt>
      <trkpt lat="19.193378" lon="-98.683896">
        <ele>3643.231</ele>
        <time>2024-08-04T19:44:39.013Z</time>
      </trkpt>
      <trkpt lat="19.193333" lon="-98.683866">
        <ele>3646.194</ele>
        <time>2024-08-04T19:44:45.013Z</time>
      </trkpt>
      <trkpt lat="19.193291" lon="-98.683834">
        <ele>3646.419</ele>
        <time>2024-08-04T19:44:50.013Z</time>
      </trkpt>
      <trkpt lat="19.193241" lon="-98.683823">
        <ele>3646.871</ele>
        <time>2024-08-04T19:44:55.013Z</time>
      </trkpt>
      <trkpt lat="19.193201" lon="-98.683801">
        <ele>3647.079</ele>
        <time>2024-08-04T19:45:06.013Z</time>
      </trkpt>
      <trkpt lat="19.193167" lon="-98.683761">
        <ele>3647.005</ele>
        <time>2024-08-04T19:45:12.013Z</time>
      </trkpt>
      <trkpt lat="19.193136" lon="-98.683723">
        <ele>3647.025</ele>
        <time>2024-08-04T19:45:17.013Z</time>
      </trkpt>
      <trkpt lat="19.193088" lon="-98.683706">
        <ele>3646.809</ele>
        <time>2024-08-04T19:45:22.013Z</time>
      </trkpt>
      <trkpt lat="19.193043" lon="-98.683689">
        <ele>3646.638</ele>
        <time>2024-08-04T19:45:27.013Z</time>
      </trkpt>
      <trkpt lat="19.193007" lon="-98.683649">
        <ele>3646.784</ele>
        <time>2024-08-04T19:45:32.013Z</time>
      </trkpt>
      <trkpt lat="19.192960" lon="-98.683623">
        <ele>3646.526</ele>
        <time>2024-08-04T19:45:37.013Z</time>
      </trkpt>
      <trkpt lat="19.192922" lon="-98.683596">
        <ele>3646.765</ele>
        <time>2024-08-04T19:45:42.013Z</time>
      </trkpt>
      <trkpt lat="19.192877" lon="-98.683573">
        <ele>3647.458</ele>
        <time>2024-08-04T19:45:47.013Z</time>
      </trkpt>
      <trkpt lat="19.192839" lon="-98.683544">
        <ele>3649.496</ele>
        <time>2024-08-04T19:46:59.013Z</time>
      </trkpt>
      <trkpt lat="19.192799" lon="-98.683520">
        <ele>3649.479</ele>
        <time>2024-08-04T19:47:04.013Z</time>
      </trkpt>
      <trkpt lat="19.192745" lon="-98.683501">
        <ele>3649.454</ele>
        <time>2024-08-04T19:47:09.013Z</time>
      </trkpt>
      <trkpt lat="19.192700" lon="-98.683482">
        <ele>3649.456</ele>
        <time>2024-08-04T19:47:13.013Z</time>
      </trkpt>
      <trkpt lat="19.192651" lon="-98.683464">
        <ele>3649.418</ele>
        <time>2024-08-04T19:47:18.013Z</time>
      </trkpt>
      <trkpt lat="19.192599" lon="-98.683440">
        <ele>3649.498</ele>
        <time>2024-08-04T19:47:23.013Z</time>
      </trkpt>
      <trkpt lat="19.192552" lon="-98.683416">
        <ele>3652.117</ele>
        <time>2024-08-04T19:47:28.013Z</time>
      </trkpt>
      <trkpt lat="19.192501" lon="-98.683398">
        <ele>3654.009</ele>
        <time>2024-08-04T19:47:33.013Z</time>
      </trkpt>
      <trkpt lat="19.192456" lon="-98.683368">
        <ele>3654.432</ele>
        <time>2024-08-04T19:47:38.013Z</time>
      </trkpt>
      <trkpt lat="19.192409" lon="-98.683339">
        <ele>3657.348</ele>
        <time>2024-08-04T19:47:43.013Z</time>
      </trkpt>
      <trkpt lat="19.192368" lon="-98.683307">
        <ele>3657.710</ele>
        <time>2024-08-04T19:47:48.013Z</time>
      </trkpt>
      <trkpt lat="19.192329" lon="-98.683272">
        <ele>3658.299</ele>
        <time>2024-08-04T19:47:54.013Z</time>
      </trkpt>
      <trkpt lat="19.192289" lon="-98.683241">
        <ele>3658.322</ele>
        <time>2024-08-04T19:48:01.013Z</time>
      </trkpt>
      <trkpt lat="19.192247" lon="-98.683221">
        <ele>3658.760</ele>
        <time>2024-08-04T19:48:09.013Z</time>
      </trkpt>
      <trkpt lat="19.192199" lon="-98.683203">
        <ele>3659.123</ele>
        <time>2024-08-04T19:48:15.013Z</time>
      </trkpt>
      <trkpt lat="19.192148" lon="-98.683191">
        <ele>3659.458</ele>
        <time>2024-08-04T19:48:21.013Z</time>
      </trkpt>
      <trkpt lat="19.192098" lon="-98.683170">
        <ele>3661.490</ele>
        <time>2024-08-04T19:48:26.013Z</time>
      </trkpt>
      <trkpt lat="19.192049" lon="-98.683157">
        <ele>3661.862</ele>
        <time>2024-08-04T19:48:31.013Z</time>
      </trkpt>
      <trkpt lat="19.192001" lon="-98.683151">
        <ele>3663.183</ele>
        <time>2024-08-04T19:48:43.013Z</time>
      </trkpt>
      <trkpt lat="19.191956" lon="-98.683131">
        <ele>3663.611</ele>
        <time>2024-08-04T19:48:48.013Z</time>
      </trkpt>
      <trkpt lat="19.191916" lon="-98.683097">
        <ele>3666.009</ele>
        <time>2024-08-04T19:48:53.013Z</time>
      </trkpt>
      <trkpt lat="19.191870" lon="-98.683078">
        <ele>3666.827</ele>
        <time>2024-08-04T19:49:17.013Z</time>
      </trkpt>
      <trkpt lat="19.191835" lon="-98.683046">
        <ele>3667.123</ele>
        <time>2024-08-04T19:49:25.013Z</time>
      </trkpt>
      <trkpt lat="19.191789" lon="-98.683026">
        <ele>3667.435</ele>
        <time>2024-08-04T19:49:33.013Z</time>
      </trkpt>
      <trkpt lat="19.191740" lon="-98.683016">
        <ele>3667.684</ele>
        <time>2024-08-04T19:49:40.013Z</time>
      </trkpt>
      <trkpt lat="19.191695" lon="-98.682998">
        <ele>3668.067</ele>
        <time>2024-08-04T19:49:46.013Z</time>
      </trkpt>
      <trkpt lat="19.191655" lon="-98.682967">
        <ele>3669.485</ele>
        <time>2024-08-04T19:49:59.013Z</time>
      </trkpt>
      <trkpt lat="19.191614" lon="-98.682933">
        <ele>3670.638</ele>
        <time>2024-08-04T19:50:06.013Z</time>
      </trkpt>
      <trkpt lat="19.191585" lon="-98.682897">
        <ele>3670.943</ele>
        <time>2024-08-04T19:50:12.013Z</time>
      </trkpt>
      <trkpt lat="19.191549" lon="-98.682864">
        <ele>3671.465</ele>
        <time>2024-08-04T19:50:18.013Z</time>
      </trkpt>
      <trkpt lat="19.191518" lon="-98.682824">
        <ele>3671.694</ele>
        <time>2024-08-04T19:50:23.013Z</time>
      </trkpt>
      <trkpt lat="19.191474" lon="-98.682805">
        <ele>3672.157</ele>
        <time>2024-08-04T19:50:28.013Z</time>
      </trkpt>
      <trkpt lat="19.191433" lon="-98.682771">
        <ele>3672.122</ele>
        <time>2024-08-04T19:50:33.013Z</time>
      </trkpt>
      <trkpt lat="19.191394" lon="-98.682737">
        <ele>3674.109</ele>
        <time>2024-08-04T19:50:38.013Z</time>
      </trkpt>
      <trkpt lat="19.191346" lon="-98.682709">
        <ele>3674.840</ele>
        <time>2024-08-04T19:50:49.013Z</time>
      </trkpt>
      <trkpt lat="19.191314" lon="-98.682671">
        <ele>3674.986</ele>
        <time>2024-08-04T19:50:55.013Z</time>
      </trkpt>
      <trkpt lat="19.191272" lon="-98.682642">
        <ele>3675.468</ele>
        <time>2024-08-04T19:51:01.013Z</time>
      </trkpt>
      <trkpt lat="19.191227" lon="-98.682622">
        <ele>3676.097</ele>
        <time>2024-08-04T19:51:10.013Z</time>
      </trkpt>
      <trkpt lat="19.191184" lon="-98.682596">
        <ele>3676.010</ele>
        <time>2024-08-04T19:51:17.013Z</time>
      </trkpt>
      <trkpt lat="19.191141" lon="-98.682563">
        <ele>3676.038</ele>
        <time>2024-08-04T19:51:24.013Z</time>
      </trkpt>
      <trkpt lat="19.191094" lon="-98.682548">
        <ele>3677.041</ele>
        <time>2024-08-04T19:51:30.013Z</time>
      </trkpt>
      <trkpt lat="19.191046" lon="-98.682512">
        <ele>3681.166</ele>
        <time>2024-08-04T19:56:20.013Z</time>
      </trkpt>
      <trkpt lat="19.191005" lon="-98.682481">
        <ele>3681.498</ele>
        <time>2024-08-04T19:56:26.013Z</time>
      </trkpt>
      <trkpt lat="19.190970" lon="-98.682451">
        <ele>3682.338</ele>
        <time>2024-08-04T19:56:31.013Z</time>
      </trkpt>
      <trkpt lat="19.190924" lon="-98.682432">
        <ele>3681.570</ele>
        <time>2024-08-04T19:56:37.013Z</time>
      </trkpt>
      <trkpt lat="19.190875" lon="-98.682412">
        <ele>3681.117</ele>
        <time>2024-08-04T19:56:42.013Z</time>
      </trkpt>
      <trkpt lat="19.190835" lon="-98.682385">
        <ele>3681.209</ele>
        <time>2024-08-04T19:56:47.013Z</time>
      </trkpt>
      <trkpt lat="19.190795" lon="-98.682356">
        <ele>3681.754</ele>
        <time>2024-08-04T19:56:52.013Z</time>
      </trkpt>
      <trkpt lat="19.190752" lon="-98.682333">
        <ele>3682.090</ele>
        <time>2024-08-04T19:56:56.013Z</time>
      </trkpt>
      <trkpt lat="19.190701" lon="-98.682311">
        <ele>3682.612</ele>
        <time>2024-08-04T19:57:01.013Z</time>
      </trkpt>
      <trkpt lat="19.190658" lon="-98.682279">
        <ele>3682.921</ele>
        <time>2024-08-04T19:57:05.013Z</time>
      </trkpt>
      <trkpt lat="19.190627" lon="-98.682244">
        <ele>3685.224</ele>
        <time>2024-08-04T19:57:10.013Z</time>
      </trkpt>
      <trkpt lat="19.190584" lon="-98.682218">
        <ele>3686.082</ele>
        <time>2024-08-04T19:57:15.013Z</time>
      </trkpt>
      <trkpt lat="19.190538" lon="-98.682194">
        <ele>3689.495</ele>
        <time>2024-08-04T19:57:20.013Z</time>
      </trkpt>
      <trkpt lat="19.190503" lon="-98.682157">
        <ele>3689.750</ele>
        <time>2024-08-04T19:57:26.013Z</time>
      </trkpt>
      <trkpt lat="19.190458" lon="-98.682139">
        <ele>3689.762</ele>
        <time>2024-08-04T19:57:31.013Z</time>
      </trkpt>
      <trkpt lat="19.190407" lon="-98.682120">
        <ele>3689.843</ele>
        <time>2024-08-04T19:57:39.013Z</time>
      </trkpt>
      <trkpt lat="19.190360" lon="-98.682099">
        <ele>3689.964</ele>
        <time>2024-08-04T19:57:45.013Z</time>
      </trkpt>
      <trkpt lat="19.190319" lon="-98.682070">
        <ele>3691.310</ele>
        <time>2024-08-04T19:57:53.013Z</time>
      </trkpt>
      <trkpt lat="19.190271" lon="-98.682066">
        <ele>3692.309</ele>
        <time>2024-08-04T19:58:00.013Z</time>
      </trkpt>
      <trkpt lat="19.190226" lon="-98.682043">
        <ele>3692.585</ele>
        <time>2024-08-04T19:58:08.013Z</time>
      </trkpt>
      <trkpt lat="19.190202" lon="-98.682001">
        <ele>3692.511</ele>
        <time>2024-08-04T19:58:16.013Z</time>
      </trkpt>
      <trkpt lat="19.190162" lon="-98.681978">
        <ele>3692.713</ele>
        <time>2024-08-04T19:58:25.013Z</time>
      </trkpt>
      <trkpt lat="19.190124" lon="-98.681951">
        <ele>3692.722</ele>
        <time>2024-08-04T19:58:33.013Z</time>
      </trkpt>
      <trkpt lat="19.190083" lon="-98.681920">
        <ele>3693.285</ele>
        <time>2024-08-04T19:58:41.013Z</time>
      </trkpt>
      <trkpt lat="19.190046" lon="-98.681887">
        <ele>3694.053</ele>
        <time>2024-08-04T19:58:47.013Z</time>
      </trkpt>
      <trkpt lat="19.190011" lon="-98.681857">
        <ele>3696.456</ele>
        <time>2024-08-04T19:59:08.013Z</time>
      </trkpt>
      <trkpt lat="19.189964" lon="-98.681835">
        <ele>3697.391</ele>
        <time>2024-08-04T19:59:17.013Z</time>
      </trkpt>
      <trkpt lat="19.189942" lon="-98.681787">
        <ele>3699.743</ele>
        <time>2024-08-04T19:59:25.013Z</time>
      </trkpt>
      <trkpt lat="19.189913" lon="-98.681747">
        <ele>3701.814</ele>
        <time>2024-08-04T19:59:34.013Z</time>
      </trkpt>
      <trkpt lat="19.189855" lon="-98.681718">
        <ele>3702.454</ele>
        <time>2024-08-04T19:59:51.013Z</time>
      </trkpt>
      <trkpt lat="19.189849" lon="-98.681668">
        <ele>3702.609</ele>
        <time>2024-08-04T20:00:01.013Z</time>
      </trkpt>
      <trkpt lat="19.189813" lon="-98.681629">
        <ele>3702.209</ele>
        <time>2024-08-04T20:00:10.013Z</time>
      </trkpt>
      <trkpt lat="19.189767" lon="-98.681614">
        <ele>3702.152</ele>
        <time>2024-08-04T20:00:16.013Z</time>
      </trkpt>
      <trkpt lat="19.189724" lon="-98.681635">
        <ele>3702.268</ele>
        <time>2024-08-04T20:00:22.013Z</time>
      </trkpt>
      <trkpt lat="19.189684" lon="-98.681663">
        <ele>3702.830</ele>
        <time>2024-08-04T20:00:28.013Z</time>
      </trkpt>
      <trkpt lat="19.189638" lon="-98.681689">
        <ele>3706.889</ele>
        <time>2024-08-04T20:00:34.013Z</time>
      </trkpt>
      <trkpt lat="19.189594" lon="-98.681720">
        <ele>3711.112</ele>
        <time>2024-08-04T20:00:40.013Z</time>
      </trkpt>
      <trkpt lat="19.189552" lon="-98.681737">
        <ele>3713.030</ele>
        <time>2024-08-04T20:00:46.013Z</time>
      </trkpt>
      <trkpt lat="19.189509" lon="-98.681751">
        <ele>3714.743</ele>
        <time>2024-08-04T20:00:52.013Z</time>
      </trkpt>
      <trkpt lat="19.189463" lon="-98.681745">
        <ele>3716.658</ele>
        <time>2024-08-04T20:00:57.013Z</time>
      </trkpt>
      <trkpt lat="19.189416" lon="-98.681731">
        <ele>3717.110</ele>
        <time>2024-08-04T20:01:03.013Z</time>
      </trkpt>
      <trkpt lat="19.189377" lon="-98.681692">
        <ele>3717.289</ele>
        <time>2024-08-04T20:01:09.013Z</time>
      </trkpt>
      <trkpt lat="19.189349" lon="-98.681649">
        <ele>3717.306</ele>
        <time>2024-08-04T20:01:16.013Z</time>
      </trkpt>
      <trkpt lat="19.189304" lon="-98.681617">
        <ele>3717.226</ele>
        <time>2024-08-04T20:01:22.013Z</time>
      </trkpt>
      <trkpt lat="19.189256" lon="-98.681598">
        <ele>3717.109</ele>
        <time>2024-08-04T20:01:27.013Z</time>
      </trkpt>
      <trkpt lat="19.189216" lon="-98.681561">
        <ele>3717.059</ele>
        <time>2024-08-04T20:01:32.013Z</time>
      </trkpt>
      <trkpt lat="19.189170" lon="-98.681538">
        <ele>3717.285</ele>
        <time>2024-08-04T20:01:37.013Z</time>
      </trkpt>
      <trkpt lat="19.189118" lon="-98.681533">
        <ele>3717.497</ele>
        <time>2024-08-04T20:01:42.013Z</time>
      </trkpt>
      <trkpt lat="19.189068" lon="-98.681521">
        <ele>3719.766</ele>
        <time>2024-08-04T20:01:47.013Z</time>
      </trkpt>
      <trkpt lat="19.189018" lon="-98.681516">
        <ele>3720.839</ele>
        <time>2024-08-04T20:01:51.013Z</time>
      </trkpt>
      <trkpt lat="19.188966" lon="-98.681500">
        <ele>3721.897</ele>
        <time>2024-08-04T20:01:57.013Z</time>
      </trkpt>
      <trkpt lat="19.188921" lon="-98.681489">
        <ele>3724.420</ele>
        <time>2024-08-04T20:02:02.013Z</time>
      </trkpt>
      <trkpt lat="19.188872" lon="-98.681475">
        <ele>3725.775</ele>
        <time>2024-08-04T20:02:07.013Z</time>
      </trkpt>
      <trkpt lat="19.188824" lon="-98.681460">
        <ele>3725.767</ele>
        <time>2024-08-04T20:02:12.013Z</time>
      </trkpt>
      <trkpt lat="19.188781" lon="-98.681434">
        <ele>3725.816</ele>
        <time>2024-08-04T20:02:17.013Z</time>
      </trkpt>
      <trkpt lat="19.188725" lon="-98.681422">
        <ele>3726.176</ele>
        <time>2024-08-04T20:02:22.013Z</time>
      </trkpt>
      <trkpt lat="19.188679" lon="-98.681417">
        <ele>3725.913</ele>
        <time>2024-08-04T20:02:26.013Z</time>
      </trkpt>
      <trkpt lat="19.188634" lon="-98.681407">
        <ele>3726.209</ele>
        <time>2024-08-04T20:02:30.013Z</time>
      </trkpt>
      <trkpt lat="19.188588" lon="-98.681400">
        <ele>3726.612</ele>
        <time>2024-08-04T20:02:34.013Z</time>
      </trkpt>
      <trkpt lat="19.188533" lon="-98.681384">
        <ele>3727.198</ele>
        <time>2024-08-04T20:02:39.013Z</time>
      </trkpt>
      <trkpt lat="19.188486" lon="-98.681374">
        <ele>3727.260</ele>
        <time>2024-08-04T20:02:43.013Z</time>
      </trkpt>
      <trkpt lat="19.188434" lon="-98.681375">
        <ele>3727.379</ele>
        <time>2024-08-04T20:02:47.013Z</time>
      </trkpt>
      <trkpt lat="19.188381" lon="-98.681374">
        <ele>3727.522</ele>
        <time>2024-08-04T20:02:51.013Z</time>
      </trkpt>
      <trkpt lat="19.188333" lon="-98.681360">
        <ele>3728.010</ele>
        <time>2024-08-04T20:02:55.013Z</time>
      </trkpt>
      <trkpt lat="19.188279" lon="-98.681347">
        <ele>3727.773</ele>
        <time>2024-08-04T20:02:59.013Z</time>
      </trkpt>
      <trkpt lat="19.188226" lon="-98.681359">
        <ele>3727.778</ele>
        <time>2024-08-04T20:03:03.013Z</time>
      </trkpt>
      <trkpt lat="19.188175" lon="-98.681384">
        <ele>3727.580</ele>
        <time>2024-08-04T20:03:07.013Z</time>
      </trkpt>
      <trkpt lat="19.188117" lon="-98.681395">
        <ele>3727.478</ele>
        <time>2024-08-04T20:03:11.013Z</time>
      </trkpt>
      <trkpt lat="19.188065" lon="-98.681417">
        <ele>3727.433</ele>
        <time>2024-08-04T20:03:15.013Z</time>
      </trkpt>
      <trkpt lat="19.188017" lon="-98.681451">
        <ele>3728.126</ele>
        <time>2024-08-04T20:03:19.013Z</time>
      </trkpt>
      <trkpt lat="19.187966" lon="-98.681471">
        <ele>3729.309</ele>
        <time>2024-08-04T20:03:23.013Z</time>
      </trkpt>
      <trkpt lat="19.187917" lon="-98.681497">
        <ele>3729.548</ele>
        <time>2024-08-04T20:03:27.013Z</time>
      </trkpt>
      <trkpt lat="19.187874" lon="-98.681529">
        <ele>3729.764</ele>
        <time>2024-08-04T20:03:31.013Z</time>
      </trkpt>
      <trkpt lat="19.187827" lon="-98.681536">
        <ele>3730.366</ele>
        <time>2024-08-04T20:03:35.013Z</time>
      </trkpt>
      <trkpt lat="19.187776" lon="-98.681529">
        <ele>3730.385</ele>
        <time>2024-08-04T20:03:39.013Z</time>
      </trkpt>
      <trkpt lat="19.187737" lon="-98.681502">
        <ele>3730.378</ele>
        <time>2024-08-04T20:03:42.013Z</time>
      </trkpt>
      <trkpt lat="19.187708" lon="-98.681465">
        <ele>3729.966</ele>
        <time>2024-08-04T20:03:45.013Z</time>
      </trkpt>
      <trkpt lat="19.187665" lon="-98.681433">
        <ele>3727.639</ele>
        <time>2024-08-04T20:03:49.013Z</time>
      </trkpt>
      <trkpt lat="19.187614" lon="-98.681430">
        <ele>3725.684</ele>
        <time>2024-08-04T20:03:53.013Z</time>
      </trkpt>
      <trkpt lat="19.187564" lon="-98.681445">
        <ele>3725.026</ele>
        <time>2024-08-04T20:03:57.013Z</time>
      </trkpt>
      <trkpt lat="19.187550" lon="-98.681494">
        <ele>3725.033</ele>
        <time>2024-08-04T20:04:00.013Z</time>
      </trkpt>
      <trkpt lat="19.187545" lon="-98.681541">
        <ele>3725.023</ele>
        <time>2024-08-04T20:04:03.013Z</time>
      </trkpt>
      <trkpt lat="19.187571" lon="-98.681597">
        <ele>3726.215</ele>
        <time>2024-08-04T20:04:07.013Z</time>
      </trkpt>
      <trkpt lat="19.187596" lon="-98.681641">
        <ele>3727.209</ele>
        <time>2024-08-04T20:04:11.013Z</time>
      </trkpt>
      <trkpt lat="19.187603" lon="-98.681698">
        <ele>3727.474</ele>
        <time>2024-08-04T20:04:16.013Z</time>
      </trkpt>
      <trkpt lat="19.187598" lon="-98.681749">
        <ele>3727.550</ele>
        <time>2024-08-04T20:04:20.013Z</time>
      </trkpt>
      <trkpt lat="19.187594" lon="-98.681803">
        <ele>3728.672</ele>
        <time>2024-08-04T20:04:24.013Z</time>
      </trkpt>
      <trkpt lat="19.187598" lon="-98.681856">
        <ele>3729.181</ele>
        <time>2024-08-04T20:04:28.013Z</time>
      </trkpt>
      <trkpt lat="19.187631" lon="-98.681906">
        <ele>3729.154</ele>
        <time>2024-08-04T20:04:32.013Z</time>
      </trkpt>
      <trkpt lat="19.187675" lon="-98.681942">
        <ele>3729.162</ele>
        <time>2024-08-04T20:04:36.013Z</time>
      </trkpt>
      <trkpt lat="19.187725" lon="-98.681972">
        <ele>3728.815</ele>
        <time>2024-08-04T20:04:40.013Z</time>
      </trkpt>
      <trkpt lat="19.187766" lon="-98.682010">
        <ele>3727.050</ele>
        <time>2024-08-04T20:04:44.013Z</time>
      </trkpt>
      <trkpt lat="19.187803" lon="-98.682053">
        <ele>3726.682</ele>
        <time>2024-08-04T20:04:48.013Z</time>
      </trkpt>
      <trkpt lat="19.187843" lon="-98.682086">
        <ele>3726.672</ele>
        <time>2024-08-04T20:04:52.013Z</time>
      </trkpt>
      <trkpt lat="19.187875" lon="-98.682124">
        <ele>3726.913</ele>
        <time>2024-08-04T20:04:56.013Z</time>
      </trkpt>
      <trkpt lat="19.187899" lon="-98.682166">
        <ele>3727.614</ele>
        <time>2024-08-04T20:05:00.013Z</time>
      </trkpt>
      <trkpt lat="19.187924" lon="-98.682208">
        <ele>3728.009</ele>
        <time>2024-08-04T20:05:04.013Z</time>
      </trkpt>
      <trkpt lat="19.187961" lon="-98.682238">
        <ele>3728.928</ele>
        <time>2024-08-04T20:05:08.013Z</time>
      </trkpt>
      <trkpt lat="19.187995" lon="-98.682274">
        <ele>3730.134</ele>
        <time>2024-08-04T20:05:12.013Z</time>
      </trkpt>
      <trkpt lat="19.188028" lon="-98.682313">
        <ele>3730.156</ele>
        <time>2024-08-04T20:05:16.013Z</time>
      </trkpt>
      <trkpt lat="19.188065" lon="-98.682350">
        <ele>3730.165</ele>
        <time>2024-08-04T20:05:20.013Z</time>
      </trkpt>
      <trkpt lat="19.188095" lon="-98.682392">
        <ele>3730.068</ele>
        <time>2024-08-04T20:05:24.013Z</time>
      </trkpt>
      <trkpt lat="19.188126" lon="-98.682434">
        <ele>3727.636</ele>
        <time>2024-08-04T20:05:28.013Z</time>
      </trkpt>
      <trkpt lat="19.188156" lon="-98.682473">
        <ele>3727.049</ele>
        <time>2024-08-04T20:05:32.013Z</time>
      </trkpt>
      <trkpt lat="19.188191" lon="-98.682516">
        <ele>3726.994</ele>
        <time>2024-08-04T20:05:37.013Z</time>
      </trkpt>
      <trkpt lat="19.188222" lon="-98.682554">
        <ele>3726.936</ele>
        <time>2024-08-04T20:05:41.013Z</time>
      </trkpt>
      <trkpt lat="19.188250" lon="-98.682592">
        <ele>3726.937</ele>
        <time>2024-08-04T20:05:45.013Z</time>
      </trkpt>
      <trkpt lat="19.188272" lon="-98.682637">
        <ele>3727.549</ele>
        <time>2024-08-04T20:05:49.013Z</time>
      </trkpt>
      <trkpt lat="19.188307" lon="-98.682678">
        <ele>3728.113</ele>
        <time>2024-08-04T20:05:53.013Z</time>
      </trkpt>
      <trkpt lat="19.188319" lon="-98.682735">
        <ele>3728.609</ele>
        <time>2024-08-04T20:05:58.013Z</time>
      </trkpt>
      <trkpt lat="19.188288" lon="-98.682777">
        <ele>3729.724</ele>
        <time>2024-08-04T20:06:02.013Z</time>
      </trkpt>
      <trkpt lat="19.188248" lon="-98.682809">
        <ele>3731.430</ele>
        <time>2024-08-04T20:06:12.013Z</time>
      </trkpt>
      <trkpt lat="19.188199" lon="-98.682804">
        <ele>3731.472</ele>
        <time>2024-08-04T20:06:17.013Z</time>
      </trkpt>
      <trkpt lat="19.188152" lon="-98.682783">
        <ele>3731.491</ele>
        <time>2024-08-04T20:06:21.013Z</time>
      </trkpt>
      <trkpt lat="19.188107" lon="-98.682771">
        <ele>3731.354</ele>
        <time>2024-08-04T20:06:25.013Z</time>
      </trkpt>
      <trkpt lat="19.188055" lon="-98.682755">
        <ele>3731.112</ele>
        <time>2024-08-04T20:06:30.013Z</time>
      </trkpt>
      <trkpt lat="19.188016" lon="-98.682731">
        <ele>3731.095</ele>
        <time>2024-08-04T20:06:34.013Z</time>
      </trkpt>
      <trkpt lat="19.187975" lon="-98.682705">
        <ele>3731.160</ele>
        <time>2024-08-04T20:06:38.013Z</time>
      </trkpt>
      <trkpt lat="19.187939" lon="-98.682674">
        <ele>3731.292</ele>
        <time>2024-08-04T20:06:42.013Z</time>
      </trkpt>
      <trkpt lat="19.187897" lon="-98.682644">
        <ele>3731.313</ele>
        <time>2024-08-04T20:06:46.013Z</time>
      </trkpt>
      <trkpt lat="19.187854" lon="-98.682629">
        <ele>3731.443</ele>
        <time>2024-08-04T20:06:50.013Z</time>
      </trkpt>
      <trkpt lat="19.187803" lon="-98.682615">
        <ele>3731.407</ele>
        <time>2024-08-04T20:06:55.013Z</time>
      </trkpt>
      <trkpt lat="19.187747" lon="-98.682607">
        <ele>3731.209</ele>
        <time>2024-08-04T20:07:00.013Z</time>
      </trkpt>
      <trkpt lat="19.187700" lon="-98.682590">
        <ele>3730.462</ele>
        <time>2024-08-04T20:07:04.013Z</time>
      </trkpt>
      <trkpt lat="19.187654" lon="-98.682582">
        <ele>3729.948</ele>
        <time>2024-08-04T20:07:08.013Z</time>
      </trkpt>
      <trkpt lat="19.187602" lon="-98.682566">
        <ele>3729.510</ele>
        <time>2024-08-04T20:07:13.013Z</time>
      </trkpt>
      <trkpt lat="19.187558" lon="-98.682551">
        <ele>3729.549</ele>
        <time>2024-08-04T20:07:17.013Z</time>
      </trkpt>
      <trkpt lat="19.187512" lon="-98.682538">
        <ele>3729.582</ele>
        <time>2024-08-04T20:07:21.013Z</time>
      </trkpt>
      <trkpt lat="19.187465" lon="-98.682530">
        <ele>3729.080</ele>
        <time>2024-08-04T20:07:25.013Z</time>
      </trkpt>
      <trkpt lat="19.187417" lon="-98.682546">
        <ele>3728.243</ele>
        <time>2024-08-04T20:07:34.013Z</time>
      </trkpt>
      <trkpt lat="19.187372" lon="-98.682558">
        <ele>3728.258</ele>
        <time>2024-08-04T20:07:39.013Z</time>
      </trkpt>
      <trkpt lat="19.187334" lon="-98.682594">
        <ele>3728.230</ele>
        <time>2024-08-04T20:07:46.013Z</time>
      </trkpt>
      <trkpt lat="19.187305" lon="-98.682638">
        <ele>3728.274</ele>
        <time>2024-08-04T20:07:51.013Z</time>
      </trkpt>
      <trkpt lat="19.187286" lon="-98.682691">
        <ele>3728.356</ele>
        <time>2024-08-04T20:07:56.013Z</time>
      </trkpt>
      <trkpt lat="19.187268" lon="-98.682743">
        <ele>3732.721</ele>
        <time>2024-08-04T20:08:01.013Z</time>
      </trkpt>
      <trkpt lat="19.187232" lon="-98.682788">
        <ele>3738.409</ele>
        <time>2024-08-04T20:08:20.013Z</time>
      </trkpt>
      <trkpt lat="19.187259" lon="-98.682749">
        <ele>3739.628</ele>
        <time>2024-08-04T20:08:29.013Z</time>
      </trkpt>
      <trkpt lat="19.187272" lon="-98.682702">
        <ele>3739.774</ele>
        <time>2024-08-04T20:08:32.013Z</time>
      </trkpt>
      <trkpt lat="19.187305" lon="-98.682656">
        <ele>3739.836</ele>
        <time>2024-08-04T20:08:35.013Z</time>
      </trkpt>
      <trkpt lat="19.187334" lon="-98.682613">
        <ele>3739.895</ele>
        <time>2024-08-04T20:08:38.013Z</time>
      </trkpt>
      <trkpt lat="19.187365" lon="-98.682560">
        <ele>3734.268</ele>
        <time>2024-08-04T20:08:42.013Z</time>
      </trkpt>
      <trkpt lat="19.187410" lon="-98.682534">
        <ele>3733.046</ele>
        <time>2024-08-04T20:08:45.013Z</time>
      </trkpt>
      <trkpt lat="19.187455" lon="-98.682524">
        <ele>3731.539</ele>
        <time>2024-08-04T20:08:48.013Z</time>
      </trkpt>
      <trkpt lat="19.187508" lon="-98.682528">
        <ele>3730.574</ele>
        <time>2024-08-04T20:08:52.013Z</time>
      </trkpt>
      <trkpt lat="19.187566" lon="-98.682544">
        <ele>3729.536</ele>
        <time>2024-08-04T20:08:56.013Z</time>
      </trkpt>
      <trkpt lat="19.187611" lon="-98.682559">
        <ele>3728.532</ele>
        <time>2024-08-04T20:08:59.013Z</time>
      </trkpt>
      <trkpt lat="19.187662" lon="-98.682579">
        <ele>3728.292</ele>
        <time>2024-08-04T20:09:02.013Z</time>
      </trkpt>
      <trkpt lat="19.187708" lon="-98.682594">
        <ele>3728.211</ele>
        <time>2024-08-04T20:09:05.013Z</time>
      </trkpt>
      <trkpt lat="19.187759" lon="-98.682614">
        <ele>3728.409</ele>
        <time>2024-08-04T20:09:09.013Z</time>
      </trkpt>
      <trkpt lat="19.187813" lon="-98.682627">
        <ele>3729.764</ele>
        <time>2024-08-04T20:09:13.013Z</time>
      </trkpt>
      <trkpt lat="19.187863" lon="-98.682652">
        <ele>3730.480</ele>
        <time>2024-08-04T20:09:17.013Z</time>
      </trkpt>
      <trkpt lat="19.187902" lon="-98.682677">
        <ele>3730.532</ele>
        <time>2024-08-04T20:09:20.013Z</time>
      </trkpt>
      <trkpt lat="19.187947" lon="-98.682711">
        <ele>3730.881</ele>
        <time>2024-08-04T20:09:24.013Z</time>
      </trkpt>
      <trkpt lat="19.187989" lon="-98.682737">
        <ele>3731.044</ele>
        <time>2024-08-04T20:09:27.013Z</time>
      </trkpt>
      <trkpt lat="19.188035" lon="-98.682755">
        <ele>3731.542</ele>
        <time>2024-08-04T20:09:30.013Z</time>
      </trkpt>
      <trkpt lat="19.188078" lon="-98.682780">
        <ele>3732.035</ele>
        <time>2024-08-04T20:09:33.013Z</time>
      </trkpt>
      <trkpt lat="19.188131" lon="-98.682807">
        <ele>3732.140</ele>
        <time>2024-08-04T20:09:37.013Z</time>
      </trkpt>
      <trkpt lat="19.188184" lon="-98.682820">
        <ele>3732.182</ele>
        <time>2024-08-04T20:09:41.013Z</time>
      </trkpt>
      <trkpt lat="19.188240" lon="-98.682819">
        <ele>3731.634</ele>
        <time>2024-08-04T20:09:45.013Z</time>
      </trkpt>
      <trkpt lat="19.188279" lon="-98.682792">
        <ele>3731.455</ele>
        <time>2024-08-04T20:09:48.013Z</time>
      </trkpt>
      <trkpt lat="19.188305" lon="-98.682750">
        <ele>3731.410</ele>
        <time>2024-08-04T20:09:51.013Z</time>
      </trkpt>
      <trkpt lat="19.188316" lon="-98.682689">
        <ele>3729.109</ele>
        <time>2024-08-04T20:09:55.013Z</time>
      </trkpt>
      <trkpt lat="19.188306" lon="-98.682641">
        <ele>3727.814</ele>
        <time>2024-08-04T20:09:58.013Z</time>
      </trkpt>
      <trkpt lat="19.188286" lon="-98.682594">
        <ele>3727.130</ele>
        <time>2024-08-04T20:10:01.013Z</time>
      </trkpt>
      <trkpt lat="19.188261" lon="-98.682554">
        <ele>3726.542</ele>
        <time>2024-08-04T20:10:04.013Z</time>
      </trkpt>
      <trkpt lat="19.188223" lon="-98.682510">
        <ele>3725.361</ele>
        <time>2024-08-04T20:10:08.013Z</time>
      </trkpt>
      <trkpt lat="19.188185" lon="-98.682463">
        <ele>3725.114</ele>
        <time>2024-08-04T20:10:12.013Z</time>
      </trkpt>
      <trkpt lat="19.188150" lon="-98.682413">
        <ele>3724.542</ele>
        <time>2024-08-04T20:10:16.013Z</time>
      </trkpt>
      <trkpt lat="19.188110" lon="-98.682371">
        <ele>3723.365</ele>
        <time>2024-08-04T20:10:20.013Z</time>
      </trkpt>
      <trkpt lat="19.188067" lon="-98.682328">
        <ele>3722.260</ele>
        <time>2024-08-04T20:10:24.013Z</time>
      </trkpt>
      <trkpt lat="19.188032" lon="-98.682298">
        <ele>3721.292</ele>
        <time>2024-08-04T20:10:27.013Z</time>
      </trkpt>
      <trkpt lat="19.187997" lon="-98.682249">
        <ele>3720.737</ele>
        <time>2024-08-04T20:10:31.013Z</time>
      </trkpt>
      <trkpt lat="19.187952" lon="-98.682213">
        <ele>3719.749</ele>
        <time>2024-08-04T20:10:35.013Z</time>
      </trkpt>
      <trkpt lat="19.187908" lon="-98.682176">
        <ele>3719.213</ele>
        <time>2024-08-04T20:10:39.013Z</time>
      </trkpt>
      <trkpt lat="19.187872" lon="-98.682129">
        <ele>3718.709</ele>
        <time>2024-08-04T20:10:43.013Z</time>
      </trkpt>
      <trkpt lat="19.187832" lon="-98.682085">
        <ele>3718.174</ele>
        <time>2024-08-04T20:10:47.013Z</time>
      </trkpt>
      <trkpt lat="19.187795" lon="-98.682039">
        <ele>3717.850</ele>
        <time>2024-08-04T20:10:51.013Z</time>
      </trkpt>
      <trkpt lat="19.187756" lon="-98.682000">
        <ele>3717.312</ele>
        <time>2024-08-04T20:10:55.013Z</time>
      </trkpt>
      <trkpt lat="19.187721" lon="-98.681957">
        <ele>3716.921</ele>
        <time>2024-08-04T20:10:59.013Z</time>
      </trkpt>
      <trkpt lat="19.187685" lon="-98.681915">
        <ele>3716.834</ele>
        <time>2024-08-04T20:11:03.013Z</time>
      </trkpt>
      <trkpt lat="19.187650" lon="-98.681873">
        <ele>3716.762</ele>
        <time>2024-08-04T20:11:07.013Z</time>
      </trkpt>
      <trkpt lat="19.187618" lon="-98.681832">
        <ele>3716.895</ele>
        <time>2024-08-04T20:11:11.013Z</time>
      </trkpt>
      <trkpt lat="19.187609" lon="-98.681779">
        <ele>3717.070</ele>
        <time>2024-08-04T20:11:15.013Z</time>
      </trkpt>
      <trkpt lat="19.187613" lon="-98.681723">
        <ele>3717.412</ele>
        <time>2024-08-04T20:11:19.013Z</time>
      </trkpt>
      <trkpt lat="19.187608" lon="-98.681669">
        <ele>3717.641</ele>
        <time>2024-08-04T20:11:23.013Z</time>
      </trkpt>
      <trkpt lat="19.187597" lon="-98.681614">
        <ele>3718.781</ele>
        <time>2024-08-04T20:11:27.013Z</time>
      </trkpt>
      <trkpt lat="19.187572" lon="-98.681563">
        <ele>3719.109</ele>
        <time>2024-08-04T20:11:31.013Z</time>
      </trkpt>
      <trkpt lat="19.187550" lon="-98.681510">
        <ele>3719.109</ele>
        <time>2024-08-04T20:11:35.013Z</time>
      </trkpt>
      <trkpt lat="19.187561" lon="-98.681457">
        <ele>3719.155</ele>
        <time>2024-08-04T20:11:39.013Z</time>
      </trkpt>
      <trkpt lat="19.187594" lon="-98.681419">
        <ele>3717.651</ele>
        <time>2024-08-04T20:11:43.013Z</time>
      </trkpt>
      <trkpt lat="19.187553" lon="-98.681393">
        <ele>3713.943</ele>
        <time>2024-08-04T20:11:47.013Z</time>
      </trkpt>
      <trkpt lat="19.187502" lon="-98.681390">
        <ele>3713.652</ele>
        <time>2024-08-04T20:11:51.013Z</time>
      </trkpt>
      <trkpt lat="19.187458" lon="-98.681418">
        <ele>3713.475</ele>
        <time>2024-08-04T20:11:54.013Z</time>
      </trkpt>
      <trkpt lat="19.187400" lon="-98.681429">
        <ele>3713.883</ele>
        <time>2024-08-04T20:11:59.013Z</time>
      </trkpt>
      <trkpt lat="19.187366" lon="-98.681460">
        <ele>3714.916</ele>
        <time>2024-08-04T20:12:03.013Z</time>
      </trkpt>
      <trkpt lat="19.187325" lon="-98.681487">
        <ele>3717.111</ele>
        <time>2024-08-04T20:12:07.013Z</time>
      </trkpt>
      <trkpt lat="19.187277" lon="-98.681505">
        <ele>3721.123</ele>
        <time>2024-08-04T20:12:12.013Z</time>
      </trkpt>
      <trkpt lat="19.187237" lon="-98.681544">
        <ele>3722.196</ele>
        <time>2024-08-04T20:12:17.013Z</time>
      </trkpt>
      <trkpt lat="19.187188" lon="-98.681582">
        <ele>3723.131</ele>
        <time>2024-08-04T20:12:22.013Z</time>
      </trkpt>
      <trkpt lat="19.187136" lon="-98.681596">
        <ele>3723.624</ele>
        <time>2024-08-04T20:12:26.013Z</time>
      </trkpt>
      <trkpt lat="19.187082" lon="-98.681586">
        <ele>3724.109</ele>
        <time>2024-08-04T20:12:30.013Z</time>
      </trkpt>
      <trkpt lat="19.187037" lon="-98.681579">
        <ele>3724.180</ele>
        <time>2024-08-04T20:12:34.013Z</time>
      </trkpt>
      <trkpt lat="19.186986" lon="-98.681593">
        <ele>3724.186</ele>
        <time>2024-08-04T20:12:39.013Z</time>
      </trkpt>
      <trkpt lat="19.186941" lon="-98.681606">
        <ele>3724.818</ele>
        <time>2024-08-04T20:12:43.013Z</time>
      </trkpt>
      <trkpt lat="19.186892" lon="-98.681630">
        <ele>3724.847</ele>
        <time>2024-08-04T20:12:48.013Z</time>
      </trkpt>
      <trkpt lat="19.186848" lon="-98.681651">
        <ele>3724.730</ele>
        <time>2024-08-04T20:12:53.013Z</time>
      </trkpt>
      <trkpt lat="19.186798" lon="-98.681666">
        <ele>3723.978</ele>
        <time>2024-08-04T20:12:58.013Z</time>
      </trkpt>
      <trkpt lat="19.186763" lon="-98.681696">
        <ele>3723.651</ele>
        <time>2024-08-04T20:13:02.013Z</time>
      </trkpt>
      <trkpt lat="19.186731" lon="-98.681732">
        <ele>3723.956</ele>
        <time>2024-08-04T20:13:07.013Z</time>
      </trkpt>
      <trkpt lat="19.186700" lon="-98.681774">
        <ele>3724.228</ele>
        <time>2024-08-04T20:13:13.013Z</time>
      </trkpt>
      <trkpt lat="19.186670" lon="-98.681811">
        <ele>3723.512</ele>
        <time>2024-08-04T20:13:20.013Z</time>
      </trkpt>
      <trkpt lat="19.186646" lon="-98.681854">
        <ele>3723.532</ele>
        <time>2024-08-04T20:13:26.013Z</time>
      </trkpt>
      <trkpt lat="19.186612" lon="-98.681894">
        <ele>3720.405</ele>
        <time>2024-08-04T20:13:32.013Z</time>
      </trkpt>
      <trkpt lat="19.186596" lon="-98.681941">
        <ele>3719.709</ele>
        <time>2024-08-04T20:13:37.013Z</time>
      </trkpt>
      <trkpt lat="19.186565" lon="-98.681986">
        <ele>3719.242</ele>
        <time>2024-08-04T20:13:44.013Z</time>
      </trkpt>
      <trkpt lat="19.186535" lon="-98.682026">
        <ele>3719.228</ele>
        <time>2024-08-04T20:13:50.013Z</time>
      </trkpt>
      <trkpt lat="19.186491" lon="-98.682036">
        <ele>3719.320</ele>
        <time>2024-08-04T20:13:56.013Z</time>
      </trkpt>
      <trkpt lat="19.186445" lon="-98.682018">
        <ele>3722.179</ele>
        <time>2024-08-04T20:14:58.013Z</time>
      </trkpt>
      <trkpt lat="19.186404" lon="-98.681994">
        <ele>3722.122</ele>
        <time>2024-08-04T20:15:03.013Z</time>
      </trkpt>
      <trkpt lat="19.186363" lon="-98.681971">
        <ele>3722.190</ele>
        <time>2024-08-04T20:15:08.013Z</time>
      </trkpt>
      <trkpt lat="19.186307" lon="-98.681970">
        <ele>3722.173</ele>
        <time>2024-08-04T20:15:13.013Z</time>
      </trkpt>
      <trkpt lat="19.186279" lon="-98.681929">
        <ele>3722.188</ele>
        <time>2024-08-04T20:15:17.013Z</time>
      </trkpt>
      <trkpt lat="19.186231" lon="-98.681922">
        <ele>3722.140</ele>
        <time>2024-08-04T20:15:22.013Z</time>
      </trkpt>
      <trkpt lat="19.186185" lon="-98.681903">
        <ele>3726.239</ele>
        <time>2024-08-04T20:15:27.013Z</time>
      </trkpt>
      <trkpt lat="19.186140" lon="-98.681876">
        <ele>3727.701</ele>
        <time>2024-08-04T20:15:32.013Z</time>
      </trkpt>
      <trkpt lat="19.186094" lon="-98.681847">
        <ele>3730.321</ele>
        <time>2024-08-04T20:15:37.013Z</time>
      </trkpt>
      <trkpt lat="19.186044" lon="-98.681830">
        <ele>3731.009</ele>
        <time>2024-08-04T20:15:42.013Z</time>
      </trkpt>
      <trkpt lat="19.186005" lon="-98.681794">
        <ele>3731.384</ele>
        <time>2024-08-04T20:15:48.013Z</time>
      </trkpt>
      <trkpt lat="19.185961" lon="-98.681784">
        <ele>3731.380</ele>
        <time>2024-08-04T20:15:54.013Z</time>
      </trkpt>
      <trkpt lat="19.185923" lon="-98.681750">
        <ele>3731.082</ele>
        <time>2024-08-04T20:15:59.013Z</time>
      </trkpt>
      <trkpt lat="19.185878" lon="-98.681725">
        <ele>3730.841</ele>
        <time>2024-08-04T20:16:05.013Z</time>
      </trkpt>
      <trkpt lat="19.185842" lon="-98.681696">
        <ele>3728.624</ele>
        <time>2024-08-04T20:16:12.013Z</time>
      </trkpt>
      <trkpt lat="19.185828" lon="-98.681649">
        <ele>3728.972</ele>
        <time>2024-08-04T20:16:20.013Z</time>
      </trkpt>
      <trkpt lat="19.185796" lon="-98.681609">
        <ele>3728.935</ele>
        <time>2024-08-04T20:16:28.013Z</time>
      </trkpt>
      <trkpt lat="19.185767" lon="-98.681565">
        <ele>3731.810</ele>
        <time>2024-08-04T20:16:35.013Z</time>
      </trkpt>
      <trkpt lat="19.185747" lon="-98.681517">
        <ele>3732.662</ele>
        <time>2024-08-04T20:16:42.013Z</time>
      </trkpt>
      <trkpt lat="19.185698" lon="-98.681508">
        <ele>3733.536</ele>
        <time>2024-08-04T20:16:48.013Z</time>
      </trkpt>
      <trkpt lat="19.185663" lon="-98.681468">
        <ele>3735.217</ele>
        <time>2024-08-04T20:17:09.013Z</time>
      </trkpt>
      <trkpt lat="19.185612" lon="-98.681476">
        <ele>3736.918</ele>
        <time>2024-08-04T20:17:13.013Z</time>
      </trkpt>
      <trkpt lat="19.185573" lon="-98.681442">
        <ele>3737.009</ele>
        <time>2024-08-04T20:17:18.013Z</time>
      </trkpt>
      <trkpt lat="19.185570" lon="-98.681387">
        <ele>3737.284</ele>
        <time>2024-08-04T20:17:24.013Z</time>
      </trkpt>
      <trkpt lat="19.185514" lon="-98.681385">
        <ele>3738.760</ele>
        <time>2024-08-04T20:17:29.013Z</time>
      </trkpt>
      <trkpt lat="19.185470" lon="-98.681376">
        <ele>3738.952</ele>
        <time>2024-08-04T20:17:33.013Z</time>
      </trkpt>
      <trkpt lat="19.185427" lon="-98.681343">
        <ele>3738.581</ele>
        <time>2024-08-04T20:17:38.013Z</time>
      </trkpt>
      <trkpt lat="19.185389" lon="-98.681309">
        <ele>3738.554</ele>
        <time>2024-08-04T20:17:43.013Z</time>
      </trkpt>
      <trkpt lat="19.185361" lon="-98.681268">
        <ele>3739.132</ele>
        <time>2024-08-04T20:17:48.013Z</time>
      </trkpt>
      <trkpt lat="19.185346" lon="-98.681222">
        <ele>3738.095</ele>
        <time>2024-08-04T20:17:52.013Z</time>
      </trkpt>
      <trkpt lat="19.185314" lon="-98.681179">
        <ele>3738.130</ele>
        <time>2024-08-04T20:17:59.013Z</time>
      </trkpt>
      <trkpt lat="19.185318" lon="-98.681122">
        <ele>3738.552</ele>
        <time>2024-08-04T20:18:05.013Z</time>
      </trkpt>
      <trkpt lat="19.185282" lon="-98.681085">
        <ele>3739.655</ele>
        <time>2024-08-04T20:18:12.013Z</time>
      </trkpt>
      <trkpt lat="19.185247" lon="-98.681047">
        <ele>3740.307</ele>
        <time>2024-08-04T20:18:18.013Z</time>
      </trkpt>
      <trkpt lat="19.185207" lon="-98.681009">
        <ele>3742.617</ele>
        <time>2024-08-04T20:18:23.013Z</time>
      </trkpt>
      <trkpt lat="19.185170" lon="-98.680971">
        <ele>3743.209</ele>
        <time>2024-08-04T20:18:30.013Z</time>
      </trkpt>
      <trkpt lat="19.185129" lon="-98.680948">
        <ele>3744.676</ele>
        <time>2024-08-04T20:18:36.013Z</time>
      </trkpt>
      <trkpt lat="19.185084" lon="-98.680921">
        <ele>3745.172</ele>
        <time>2024-08-04T20:18:43.013Z</time>
      </trkpt>
      <trkpt lat="19.185065" lon="-98.680877">
        <ele>3745.214</ele>
        <time>2024-08-04T20:18:49.013Z</time>
      </trkpt>
      <trkpt lat="19.185038" lon="-98.680836">
        <ele>3745.223</ele>
        <time>2024-08-04T20:18:55.013Z</time>
      </trkpt>
      <trkpt lat="19.185011" lon="-98.680781">
        <ele>3745.566</ele>
        <time>2024-08-04T20:19:57.013Z</time>
      </trkpt>
      <trkpt lat="19.184994" lon="-98.680734">
        <ele>3746.384</ele>
        <time>2024-08-04T20:20:03.013Z</time>
      </trkpt>
      <trkpt lat="19.184949" lon="-98.680735">
        <ele>3746.917</ele>
        <time>2024-08-04T20:20:12.013Z</time>
      </trkpt>
      <trkpt lat="19.184932" lon="-98.680684">
        <ele>3747.052</ele>
        <time>2024-08-04T20:20:20.013Z</time>
      </trkpt>
      <trkpt lat="19.184883" lon="-98.680673">
        <ele>3749.584</ele>
        <time>2024-08-04T20:20:26.013Z</time>
      </trkpt>
      <trkpt lat="19.184837" lon="-98.680658">
        <ele>3749.427</ele>
        <time>2024-08-04T20:20:38.013Z</time>
      </trkpt>
      <trkpt lat="19.184807" lon="-98.680617">
        <ele>3749.468</ele>
        <time>2024-08-04T20:20:44.013Z</time>
      </trkpt>
      <trkpt lat="19.184805" lon="-98.680566">
        <ele>3749.914</ele>
        <time>2024-08-04T20:20:50.013Z</time>
      </trkpt>
      <trkpt lat="19.184774" lon="-98.680527">
        <ele>3750.609</ele>
        <time>2024-08-04T20:20:57.013Z</time>
      </trkpt>
      <trkpt lat="19.184735" lon="-98.680502">
        <ele>3752.053</ele>
        <time>2024-08-04T20:21:04.013Z</time>
      </trkpt>
      <trkpt lat="19.184726" lon="-98.680454">
        <ele>3752.469</ele>
        <time>2024-08-04T20:21:10.013Z</time>
      </trkpt>
      <trkpt lat="19.184712" lon="-98.680408">
        <ele>3752.471</ele>
        <time>2024-08-04T20:21:16.013Z</time>
      </trkpt>
      <trkpt lat="19.184679" lon="-98.680370">
        <ele>3752.320</ele>
        <time>2024-08-04T20:21:20.013Z</time>
      </trkpt>
      <trkpt lat="19.184638" lon="-98.680345">
        <ele>3751.863</ele>
        <time>2024-08-04T20:21:25.013Z</time>
      </trkpt>
      <trkpt lat="19.184585" lon="-98.680353">
        <ele>3751.191</ele>
        <time>2024-08-04T20:21:30.013Z</time>
      </trkpt>
      <trkpt lat="19.184541" lon="-98.680383">
        <ele>3751.564</ele>
        <time>2024-08-04T20:21:41.013Z</time>
      </trkpt>
      <trkpt lat="19.184488" lon="-98.680387">
        <ele>3752.999</ele>
        <time>2024-08-04T20:21:52.013Z</time>
      </trkpt>
      <trkpt lat="19.184450" lon="-98.680349">
        <ele>3755.751</ele>
        <time>2024-08-04T20:22:00.013Z</time>
      </trkpt>
      <trkpt lat="19.184408" lon="-98.680378">
        <ele>3755.895</ele>
        <time>2024-08-04T20:22:05.013Z</time>
      </trkpt>
      <trkpt lat="19.184370" lon="-98.680418">
        <ele>3755.949</ele>
        <time>2024-08-04T20:22:11.013Z</time>
      </trkpt>
      <trkpt lat="19.184326" lon="-98.680438">
        <ele>3755.623</ele>
        <time>2024-08-04T20:22:16.013Z</time>
      </trkpt>
      <trkpt lat="19.184287" lon="-98.680413">
        <ele>3757.609</ele>
        <time>2024-08-04T20:23:01.013Z</time>
      </trkpt>
      <trkpt lat="19.184241" lon="-98.680396">
        <ele>3757.560</ele>
        <time>2024-08-04T20:23:08.013Z</time>
      </trkpt>
      <trkpt lat="19.184189" lon="-98.680390">
        <ele>3757.486</ele>
        <time>2024-08-04T20:23:15.013Z</time>
      </trkpt>
      <trkpt lat="19.184141" lon="-98.680373">
        <ele>3757.548</ele>
        <time>2024-08-04T20:23:21.013Z</time>
      </trkpt>
      <trkpt lat="19.184087" lon="-98.680378">
        <ele>3756.667</ele>
        <time>2024-08-04T20:23:27.013Z</time>
      </trkpt>
      <trkpt lat="19.184039" lon="-98.680348">
        <ele>3757.560</ele>
        <time>2024-08-04T20:23:37.013Z</time>
      </trkpt>
      <trkpt lat="19.184019" lon="-98.680302">
        <ele>3760.318</ele>
        <time>2024-08-04T20:24:05.013Z</time>
      </trkpt>
      <trkpt lat="19.184027" lon="-98.680249">
        <ele>3760.461</ele>
        <time>2024-08-04T20:24:14.013Z</time>
      </trkpt>
      <trkpt lat="19.183994" lon="-98.680282">
        <ele>3760.966</ele>
        <time>2024-08-04T20:24:17.013Z</time>
      </trkpt>
      <trkpt lat="19.183950" lon="-98.680297">
        <ele>3766.068</ele>
        <time>2024-08-04T20:24:28.013Z</time>
      </trkpt>
      <trkpt lat="19.183904" lon="-98.680302">
        <ele>3768.415</ele>
        <time>2024-08-04T20:24:36.013Z</time>
      </trkpt>
      <trkpt lat="19.183893" lon="-98.680349">
        <ele>3769.665</ele>
        <time>2024-08-04T20:24:50.013Z</time>
      </trkpt>
      <trkpt lat="19.183861" lon="-98.680314">
        <ele>3770.111</ele>
        <time>2024-08-04T20:24:55.013Z</time>
      </trkpt>
      <trkpt lat="19.183850" lon="-98.680264">
        <ele>3770.309</ele>
        <time>2024-08-04T20:25:00.013Z</time>
      </trkpt>
      <trkpt lat="19.183814" lon="-98.680227">
        <ele>3770.552</ele>
        <time>2024-08-04T20:25:09.013Z</time>
      </trkpt>
      <trkpt lat="19.183772" lon="-98.680206">
        <ele>3770.748</ele>
        <time>2024-08-04T20:25:20.013Z</time>
      </trkpt>
      <trkpt lat="19.183725" lon="-98.680215">
        <ele>3771.640</ele>
        <time>2024-08-04T20:25:39.013Z</time>
      </trkpt>
      <trkpt lat="19.183676" lon="-98.680221">
        <ele>3778.359</ele>
        <time>2024-08-04T20:30:04.013Z</time>
      </trkpt>
      <trkpt lat="19.183627" lon="-98.680205">
        <ele>3775.372</ele>
        <time>2024-08-04T20:31:09.013Z</time>
      </trkpt>
      <trkpt lat="19.183590" lon="-98.680172">
        <ele>3774.020</ele>
        <time>2024-08-04T20:31:19.013Z</time>
      </trkpt>
      <trkpt lat="19.183545" lon="-98.680154">
        <ele>3772.093</ele>
        <time>2024-08-04T20:31:27.013Z</time>
      </trkpt>
      <trkpt lat="19.183506" lon="-98.680127">
        <ele>3771.788</ele>
        <time>2024-08-04T20:31:34.013Z</time>
      </trkpt>
      <trkpt lat="19.183460" lon="-98.680099">
        <ele>3771.520</ele>
        <time>2024-08-04T20:31:46.013Z</time>
      </trkpt>
      <trkpt lat="19.183408" lon="-98.680100">
        <ele>3771.465</ele>
        <time>2024-08-04T20:31:53.013Z</time>
      </trkpt>
      <trkpt lat="19.183454" lon="-98.680096">
        <ele>3776.668</ele>
        <time>2024-08-04T20:32:55.013Z</time>
      </trkpt>
      <trkpt lat="19.183489" lon="-98.680130">
        <ele>3776.614</ele>
        <time>2024-08-04T20:33:03.013Z</time>
      </trkpt>
      <trkpt lat="19.183530" lon="-98.680157">
        <ele>3776.609</ele>
        <time>2024-08-04T20:33:08.013Z</time>
      </trkpt>
      <trkpt lat="19.183559" lon="-98.680199">
        <ele>3776.687</ele>
        <time>2024-08-04T20:33:12.013Z</time>
      </trkpt>
      <trkpt lat="19.183607" lon="-98.680221">
        <ele>3764.393</ele>
        <time>2024-08-04T20:34:03.013Z</time>
      </trkpt>
      <trkpt lat="19.183657" lon="-98.680246">
        <ele>3763.825</ele>
        <time>2024-08-04T20:34:07.013Z</time>
      </trkpt>
      <trkpt lat="19.183700" lon="-98.680223">
        <ele>3763.314</ele>
        <time>2024-08-04T20:34:12.013Z</time>
      </trkpt>
      <trkpt lat="19.183650" lon="-98.680237">
        <ele>3769.177</ele>
        <time>2024-08-04T20:43:21.013Z</time>
      </trkpt>
      <trkpt lat="19.183686" lon="-98.680275">
        <ele>3769.325</ele>
        <time>2024-08-04T20:43:26.013Z</time>
      </trkpt>
      <trkpt lat="19.183694" lon="-98.680227">
        <ele>3770.868</ele>
        <time>2024-08-04T20:44:44.013Z</time>
      </trkpt>
      <trkpt lat="19.183698" lon="-98.680175">
        <ele>3770.483</ele>
        <time>2024-08-04T20:45:36.013Z</time>
      </trkpt>
      <trkpt lat="19.183659" lon="-98.680148">
        <ele>3770.415</ele>
        <time>2024-08-04T20:45:40.013Z</time>
      </trkpt>
      <trkpt lat="19.183633" lon="-98.680108">
        <ele>3770.958</ele>
        <time>2024-08-04T20:46:00.013Z</time>
      </trkpt>
      <trkpt lat="19.183677" lon="-98.680127">
        <ele>3776.852</ele>
        <time>2024-08-04T20:47:21.013Z</time>
      </trkpt>
      <trkpt lat="19.183638" lon="-98.680101">
        <ele>3776.817</ele>
        <time>2024-08-04T20:47:47.013Z</time>
      </trkpt>
      <trkpt lat="19.183605" lon="-98.680146">
        <ele>3776.809</ele>
        <time>2024-08-04T20:47:53.013Z</time>
      </trkpt>
      <trkpt lat="19.183644" lon="-98.680197">
        <ele>3777.296</ele>
        <time>2024-08-04T20:47:57.013Z</time>
      </trkpt>
      <trkpt lat="19.183693" lon="-98.680200">
        <ele>3770.532</ele>
        <time>2024-08-04T20:48:00.013Z</time>
      </trkpt>
      <trkpt lat="19.183739" lon="-98.680204">
        <ele>3764.224</ele>
        <time>2024-08-04T20:48:03.013Z</time>
      </trkpt>
      <trkpt lat="19.183788" lon="-98.680227">
        <ele>3763.473</ele>
        <time>2024-08-04T20:48:09.013Z</time>
      </trkpt>
      <trkpt lat="19.183833" lon="-98.680270">
        <ele>3764.766</ele>
        <time>2024-08-04T20:48:13.013Z</time>
      </trkpt>
      <trkpt lat="19.183873" lon="-98.680309">
        <ele>3765.444</ele>
        <time>2024-08-04T20:48:17.013Z</time>
      </trkpt>
      <trkpt lat="19.183910" lon="-98.680341">
        <ele>3766.287</ele>
        <time>2024-08-04T20:48:21.013Z</time>
      </trkpt>
      <trkpt lat="19.183945" lon="-98.680372">
        <ele>3768.062</ele>
        <time>2024-08-04T20:48:32.013Z</time>
      </trkpt>
      <trkpt lat="19.183947" lon="-98.680308">
        <ele>3768.534</ele>
        <time>2024-08-04T20:48:38.013Z</time>
      </trkpt>
      <trkpt lat="19.183993" lon="-98.680323">
        <ele>3768.765</ele>
        <time>2024-08-04T20:48:43.013Z</time>
      </trkpt>
      <trkpt lat="19.183985" lon="-98.680370">
        <ele>3770.068</ele>
        <time>2024-08-04T20:48:53.013Z</time>
      </trkpt>
      <trkpt lat="19.184030" lon="-98.680387">
        <ele>3770.514</ele>
        <time>2024-08-04T20:48:56.013Z</time>
      </trkpt>
      <trkpt lat="19.184075" lon="-98.680402">
        <ele>3771.009</ele>
        <time>2024-08-04T20:49:02.013Z</time>
      </trkpt>
      <trkpt lat="19.184123" lon="-98.680411">
        <ele>3771.517</ele>
        <time>2024-08-04T20:49:08.013Z</time>
      </trkpt>
      <trkpt lat="19.184154" lon="-98.680452">
        <ele>3768.243</ele>
        <time>2024-08-04T20:50:28.013Z</time>
      </trkpt>
      <trkpt lat="19.184181" lon="-98.680404">
        <ele>3763.975</ele>
        <time>2024-08-04T20:50:31.013Z</time>
      </trkpt>
      <trkpt lat="19.184232" lon="-98.680425">
        <ele>3763.874</ele>
        <time>2024-08-04T20:50:37.013Z</time>
      </trkpt>
      <trkpt lat="19.184275" lon="-98.680459">
        <ele>3753.327</ele>
        <time>2024-08-04T20:50:42.013Z</time>
      </trkpt>
      <trkpt lat="19.184320" lon="-98.680475">
        <ele>3753.475</ele>
        <time>2024-08-04T20:50:47.013Z</time>
      </trkpt>
      <trkpt lat="19.184353" lon="-98.680509">
        <ele>3753.458</ele>
        <time>2024-08-04T20:50:52.013Z</time>
      </trkpt>
      <trkpt lat="19.184361" lon="-98.680559">
        <ele>3753.973</ele>
        <time>2024-08-04T20:50:57.013Z</time>
      </trkpt>
      <trkpt lat="19.184408" lon="-98.680544">
        <ele>3754.425</ele>
        <time>2024-08-04T20:51:04.013Z</time>
      </trkpt>
      <trkpt lat="19.184455" lon="-98.680527">
        <ele>3752.854</ele>
        <time>2024-08-04T20:51:59.013Z</time>
      </trkpt>
      <trkpt lat="19.184506" lon="-98.680526">
        <ele>3752.856</ele>
        <time>2024-08-04T20:52:05.013Z</time>
      </trkpt>
      <trkpt lat="19.184561" lon="-98.680526">
        <ele>3752.811</ele>
        <time>2024-08-04T20:52:11.013Z</time>
      </trkpt>
      <trkpt lat="19.184603" lon="-98.680548">
        <ele>3752.809</ele>
        <time>2024-08-04T20:52:16.013Z</time>
      </trkpt>
      <trkpt lat="19.184628" lon="-98.680592">
        <ele>3752.836</ele>
        <time>2024-08-04T20:52:22.013Z</time>
      </trkpt>
      <trkpt lat="19.184619" lon="-98.680643">
        <ele>3757.062</ele>
        <time>2024-08-04T20:52:43.013Z</time>
      </trkpt>
      <trkpt lat="19.184611" lon="-98.680698">
        <ele>3758.164</ele>
        <time>2024-08-04T20:52:49.013Z</time>
      </trkpt>
      <trkpt lat="19.184635" lon="-98.680744">
        <ele>3758.133</ele>
        <time>2024-08-04T20:52:54.013Z</time>
      </trkpt>
      <trkpt lat="19.184653" lon="-98.680792">
        <ele>3758.166</ele>
        <time>2024-08-04T20:52:59.013Z</time>
      </trkpt>
      <trkpt lat="19.184683" lon="-98.680835">
        <ele>3758.174</ele>
        <time>2024-08-04T20:53:04.013Z</time>
      </trkpt>
      <trkpt lat="19.184724" lon="-98.680874">
        <ele>3757.097</ele>
        <time>2024-08-04T20:53:08.013Z</time>
      </trkpt>
      <trkpt lat="19.184762" lon="-98.680914">
        <ele>3756.812</ele>
        <time>2024-08-04T20:53:12.013Z</time>
      </trkpt>
      <trkpt lat="19.184786" lon="-98.680963">
        <ele>3756.614</ele>
        <time>2024-08-04T20:53:16.013Z</time>
      </trkpt>
      <trkpt lat="19.184804" lon="-98.681012">
        <ele>3756.471</ele>
        <time>2024-08-04T20:53:20.013Z</time>
      </trkpt>
      <trkpt lat="19.184818" lon="-98.681069">
        <ele>3758.841</ele>
        <time>2024-08-04T20:53:25.013Z</time>
      </trkpt>
      <trkpt lat="19.184833" lon="-98.681116">
        <ele>3759.315</ele>
        <time>2024-08-04T20:53:29.013Z</time>
      </trkpt>
      <trkpt lat="19.184841" lon="-98.681168">
        <ele>3759.609</ele>
        <time>2024-08-04T20:53:33.013Z</time>
      </trkpt>
      <trkpt lat="19.184839" lon="-98.681220">
        <ele>3760.098</ele>
        <time>2024-08-04T20:53:37.013Z</time>
      </trkpt>
      <trkpt lat="19.184836" lon="-98.681273">
        <ele>3760.364</ele>
        <time>2024-08-04T20:53:42.013Z</time>
      </trkpt>
      <trkpt lat="19.184839" lon="-98.681326">
        <ele>3760.546</ele>
        <time>2024-08-04T20:53:46.013Z</time>
      </trkpt>
      <trkpt lat="19.184824" lon="-98.681378">
        <ele>3760.865</ele>
        <time>2024-08-04T20:53:50.013Z</time>
      </trkpt>
      <trkpt lat="19.184814" lon="-98.681428">
        <ele>3761.388</ele>
        <time>2024-08-04T20:53:54.013Z</time>
      </trkpt>
      <trkpt lat="19.184794" lon="-98.681474">
        <ele>3761.656</ele>
        <time>2024-08-04T20:53:58.013Z</time>
      </trkpt>
      <trkpt lat="19.184777" lon="-98.681518">
        <ele>3761.979</ele>
        <time>2024-08-04T20:54:02.013Z</time>
      </trkpt>
      <trkpt lat="19.184740" lon="-98.681558">
        <ele>3762.584</ele>
        <time>2024-08-04T20:54:07.013Z</time>
      </trkpt>
      <trkpt lat="19.184703" lon="-98.681586">
        <ele>3762.556</ele>
        <time>2024-08-04T20:54:11.013Z</time>
      </trkpt>
      <trkpt lat="19.184666" lon="-98.681623">
        <ele>3762.418</ele>
        <time>2024-08-04T20:54:17.013Z</time>
      </trkpt>
      <trkpt lat="19.184652" lon="-98.681668">
        <ele>3760.198</ele>
        <time>2024-08-04T20:54:22.013Z</time>
      </trkpt>
      <trkpt lat="19.184649" lon="-98.681718">
        <ele>3757.117</ele>
        <time>2024-08-04T20:54:26.013Z</time>
      </trkpt>
      <trkpt lat="19.184661" lon="-98.681769">
        <ele>3756.909</ele>
        <time>2024-08-04T20:54:30.013Z</time>
      </trkpt>
      <trkpt lat="19.184669" lon="-98.681820">
        <ele>3756.922</ele>
        <time>2024-08-04T20:54:34.013Z</time>
      </trkpt>
      <trkpt lat="19.184672" lon="-98.681873">
        <ele>3756.948</ele>
        <time>2024-08-04T20:54:38.013Z</time>
      </trkpt>
      <trkpt lat="19.184685" lon="-98.681927">
        <ele>3757.610</ele>
        <time>2024-08-04T20:54:42.013Z</time>
      </trkpt>
      <trkpt lat="19.184699" lon="-98.681977">
        <ele>3758.259</ele>
        <time>2024-08-04T20:54:47.013Z</time>
      </trkpt>
      <trkpt lat="19.184679" lon="-98.682028">
        <ele>3758.532</ele>
        <time>2024-08-04T20:54:53.013Z</time>
      </trkpt>
      <trkpt lat="19.184658" lon="-98.682079">
        <ele>3758.980</ele>
        <time>2024-08-04T20:54:58.013Z</time>
      </trkpt>
      <trkpt lat="19.184639" lon="-98.682122">
        <ele>3759.043</ele>
        <time>2024-08-04T20:55:02.013Z</time>
      </trkpt>
      <trkpt lat="19.184625" lon="-98.682169">
        <ele>3759.288</ele>
        <time>2024-08-04T20:55:06.013Z</time>
      </trkpt>
      <trkpt lat="19.184602" lon="-98.682212">
        <ele>3761.670</ele>
        <time>2024-08-04T20:55:10.013Z</time>
      </trkpt>
      <trkpt lat="19.184583" lon="-98.682265">
        <ele>3763.845</ele>
        <time>2024-08-04T20:55:15.013Z</time>
      </trkpt>
      <trkpt lat="19.184568" lon="-98.682318">
        <ele>3763.847</ele>
        <time>2024-08-04T20:55:20.013Z</time>
      </trkpt>
      <trkpt lat="19.184543" lon="-98.682358">
        <ele>3763.811</ele>
        <time>2024-08-04T20:55:24.013Z</time>
      </trkpt>
      <trkpt lat="19.184530" lon="-98.682414">
        <ele>3764.109</ele>
        <time>2024-08-04T20:55:29.013Z</time>
      </trkpt>
      <trkpt lat="19.184512" lon="-98.682467">
        <ele>3764.445</ele>
        <time>2024-08-04T20:55:34.013Z</time>
      </trkpt>
      <trkpt lat="19.184505" lon="-98.682519">
        <ele>3764.511</ele>
        <time>2024-08-04T20:55:39.013Z</time>
      </trkpt>
      <trkpt lat="19.184478" lon="-98.682568">
        <ele>3765.843</ele>
        <time>2024-08-04T20:55:45.013Z</time>
      </trkpt>
      <trkpt lat="19.184459" lon="-98.682621">
        <ele>3766.812</ele>
        <time>2024-08-04T20:55:51.013Z</time>
      </trkpt>
      <trkpt lat="19.184464" lon="-98.682674">
        <ele>3767.165</ele>
        <time>2024-08-04T20:55:56.013Z</time>
      </trkpt>
      <trkpt lat="19.184455" lon="-98.682723">
        <ele>3767.413</ele>
        <time>2024-08-04T20:56:00.013Z</time>
      </trkpt>
      <trkpt lat="19.184450" lon="-98.682773">
        <ele>3769.016</ele>
        <time>2024-08-04T20:56:05.013Z</time>
      </trkpt>
      <trkpt lat="19.184442" lon="-98.682828">
        <ele>3769.541</ele>
        <time>2024-08-04T20:56:11.013Z</time>
      </trkpt>
      <trkpt lat="19.184427" lon="-98.682878">
        <ele>3768.853</ele>
        <time>2024-08-04T20:56:49.013Z</time>
      </trkpt>
      <trkpt lat="19.184407" lon="-98.682921">
        <ele>3768.814</ele>
        <time>2024-08-04T20:56:53.013Z</time>
      </trkpt>
      <trkpt lat="19.184370" lon="-98.682960">
        <ele>3768.854</ele>
        <time>2024-08-04T20:56:57.013Z</time>
      </trkpt>
      <trkpt lat="19.184333" lon="-98.682993">
        <ele>3768.809</ele>
        <time>2024-08-04T20:57:01.013Z</time>
      </trkpt>
      <trkpt lat="19.184287" lon="-98.683016">
        <ele>3768.809</ele>
        <time>2024-08-04T20:57:06.013Z</time>
      </trkpt>
      <trkpt lat="19.184255" lon="-98.683061">
        <ele>3770.592</ele>
        <time>2024-08-04T20:57:12.013Z</time>
      </trkpt>
      <trkpt lat="19.184226" lon="-98.683107">
        <ele>3770.758</ele>
        <time>2024-08-04T20:57:18.013Z</time>
      </trkpt>
      <trkpt lat="19.184189" lon="-98.683135">
        <ele>3770.910</ele>
        <time>2024-08-04T20:57:25.013Z</time>
      </trkpt>
      <trkpt lat="19.184163" lon="-98.683175">
        <ele>3771.319</ele>
        <time>2024-08-04T20:57:34.013Z</time>
      </trkpt>
      <trkpt lat="19.184116" lon="-98.683182">
        <ele>3773.612</ele>
        <time>2024-08-04T20:57:53.013Z</time>
      </trkpt>
      <trkpt lat="19.184073" lon="-98.683195">
        <ele>3774.460</ele>
        <time>2024-08-04T20:58:00.013Z</time>
      </trkpt>
      <trkpt lat="19.184025" lon="-98.683195">
        <ele>3775.723</ele>
        <time>2024-08-04T20:58:11.013Z</time>
      </trkpt>
      <trkpt lat="19.183977" lon="-98.683194">
        <ele>3776.078</ele>
        <time>2024-08-04T20:58:21.013Z</time>
      </trkpt>
      <trkpt lat="19.183938" lon="-98.683217">
        <ele>3776.230</ele>
        <time>2024-08-04T20:58:31.013Z</time>
      </trkpt>
      <trkpt lat="19.183902" lon="-98.683247">
        <ele>3777.374</ele>
        <time>2024-08-04T21:01:18.013Z</time>
      </trkpt>
      <trkpt lat="19.183857" lon="-98.683268">
        <ele>3777.456</ele>
        <time>2024-08-04T21:01:47.013Z</time>
      </trkpt>
      <trkpt lat="19.183812" lon="-98.683285">
        <ele>3777.421</ele>
        <time>2024-08-04T21:01:59.013Z</time>
      </trkpt>
      <trkpt lat="19.183777" lon="-98.683316">
        <ele>3777.409</ele>
        <time>2024-08-04T21:02:07.013Z</time>
      </trkpt>
      <trkpt lat="19.183730" lon="-98.683319">
        <ele>3777.848</ele>
        <time>2024-08-04T21:02:25.013Z</time>
      </trkpt>
      <trkpt lat="19.183684" lon="-98.683310">
        <ele>3783.234</ele>
        <time>2024-08-04T21:02:46.013Z</time>
      </trkpt>
      <trkpt lat="19.183710" lon="-98.683270">
        <ele>3788.726</ele>
        <time>2024-08-04T21:03:36.013Z</time>
      </trkpt>
      <trkpt lat="19.183723" lon="-98.683223">
        <ele>3788.745</ele>
        <time>2024-08-04T21:03:42.013Z</time>
      </trkpt>
      <trkpt lat="19.183751" lon="-98.683185">
        <ele>3789.758</ele>
        <time>2024-08-04T21:03:49.013Z</time>
      </trkpt>
      <trkpt lat="19.183749" lon="-98.683137">
        <ele>3793.136</ele>
        <time>2024-08-04T21:04:18.013Z</time>
      </trkpt>
      <trkpt lat="19.183739" lon="-98.683089">
        <ele>3794.319</ele>
        <time>2024-08-04T21:04:29.013Z</time>
      </trkpt>
      <trkpt lat="19.183744" lon="-98.683036">
        <ele>3795.014</ele>
        <time>2024-08-04T21:04:43.013Z</time>
      </trkpt>
      <trkpt lat="19.183743" lon="-98.682978">
        <ele>3799.886</ele>
        <time>2024-08-04T21:05:08.013Z</time>
      </trkpt>
      <trkpt lat="19.183723" lon="-98.682933">
        <ele>3801.489</ele>
        <time>2024-08-04T21:05:18.013Z</time>
      </trkpt>
      <trkpt lat="19.183699" lon="-98.682888">
        <ele>3803.506</ele>
        <time>2024-08-04T21:05:36.013Z</time>
      </trkpt>
      <trkpt lat="19.183685" lon="-98.682839">
        <ele>3803.526</ele>
        <time>2024-08-04T21:05:45.013Z</time>
      </trkpt>
      <trkpt lat="19.183643" lon="-98.682816">
        <ele>3806.809</ele>
        <time>2024-08-04T21:06:01.013Z</time>
      </trkpt>
      <trkpt lat="19.183600" lon="-98.682796">
        <ele>3810.089</ele>
        <time>2024-08-04T21:06:11.013Z</time>
      </trkpt>
      <trkpt lat="19.183557" lon="-98.682779">
        <ele>3812.065</ele>
        <time>2024-08-04T21:06:53.013Z</time>
      </trkpt>
      <trkpt lat="19.183531" lon="-98.682733">
        <ele>3815.767</ele>
        <time>2024-08-04T21:07:00.013Z</time>
      </trkpt>
      <trkpt lat="19.183494" lon="-98.682706">
        <ele>3815.776</ele>
        <time>2024-08-04T21:07:06.013Z</time>
      </trkpt>
      <trkpt lat="19.183457" lon="-98.682677">
        <ele>3818.349</ele>
        <time>2024-08-04T21:07:11.013Z</time>
      </trkpt>
      <trkpt lat="19.183437" lon="-98.682633">
        <ele>3818.447</ele>
        <time>2024-08-04T21:07:16.013Z</time>
      </trkpt>
      <trkpt lat="19.183419" lon="-98.682588">
        <ele>3818.910</ele>
        <time>2024-08-04T21:07:21.013Z</time>
      </trkpt>
      <trkpt lat="19.183386" lon="-98.682550">
        <ele>3813.245</ele>
        <time>2024-08-04T21:07:26.013Z</time>
      </trkpt>
      <trkpt lat="19.183349" lon="-98.682516">
        <ele>3813.577</ele>
        <time>2024-08-04T21:07:31.013Z</time>
      </trkpt>
      <trkpt lat="19.183321" lon="-98.682474">
        <ele>3814.971</ele>
        <time>2024-08-04T21:07:37.013Z</time>
      </trkpt>
      <trkpt lat="19.183308" lon="-98.682419">
        <ele>3821.341</ele>
        <time>2024-08-04T21:08:08.013Z</time>
      </trkpt>
      <trkpt lat="19.183284" lon="-98.682378">
        <ele>3821.315</ele>
        <time>2024-08-04T21:08:14.013Z</time>
      </trkpt>
      <trkpt lat="19.183268" lon="-98.682328">
        <ele>3821.509</ele>
        <time>2024-08-04T21:08:21.013Z</time>
      </trkpt>
      <trkpt lat="19.183259" lon="-98.682276">
        <ele>3821.748</ele>
        <time>2024-08-04T21:08:27.013Z</time>
      </trkpt>
      <trkpt lat="19.183234" lon="-98.682230">
        <ele>3822.124</ele>
        <time>2024-08-04T21:08:33.013Z</time>
      </trkpt>
      <trkpt lat="19.183204" lon="-98.682190">
        <ele>3826.196</ele>
        <time>2024-08-04T21:08:39.013Z</time>
      </trkpt>
      <trkpt lat="19.183178" lon="-98.682147">
        <ele>3835.375</ele>
        <time>2024-08-04T21:09:15.013Z</time>
      </trkpt>
      <trkpt lat="19.183135" lon="-98.682122">
        <ele>3835.348</ele>
        <time>2024-08-04T21:09:21.013Z</time>
      </trkpt>
      <trkpt lat="19.183084" lon="-98.682116">
        <ele>3835.316</ele>
        <time>2024-08-04T21:09:29.013Z</time>
      </trkpt>
      <trkpt lat="19.183030" lon="-98.682095">
        <ele>3835.359</ele>
        <time>2024-08-04T21:09:52.013Z</time>
      </trkpt>
      <trkpt lat="19.182996" lon="-98.682059">
        <ele>3829.164</ele>
        <time>2024-08-04T21:10:00.013Z</time>
      </trkpt>
      <trkpt lat="19.182986" lon="-98.682009">
        <ele>3829.516</ele>
        <time>2024-08-04T21:10:22.013Z</time>
      </trkpt>
      <trkpt lat="19.182951" lon="-98.681976">
        <ele>3829.832</ele>
        <time>2024-08-04T21:10:31.013Z</time>
      </trkpt>
      <trkpt lat="19.182919" lon="-98.681940">
        <ele>3833.492</ele>
        <time>2024-08-04T21:11:10.013Z</time>
      </trkpt>
      <trkpt lat="19.182876" lon="-98.681916">
        <ele>3834.811</ele>
        <time>2024-08-04T21:11:30.013Z</time>
      </trkpt>
      <trkpt lat="19.182856" lon="-98.681871">
        <ele>3836.509</ele>
        <time>2024-08-04T21:11:40.013Z</time>
      </trkpt>
      <trkpt lat="19.182839" lon="-98.681822">
        <ele>3836.824</ele>
        <time>2024-08-04T21:11:54.013Z</time>
      </trkpt>
      <trkpt lat="19.182825" lon="-98.681770">
        <ele>3836.990</ele>
        <time>2024-08-04T21:12:01.013Z</time>
      </trkpt>
      <trkpt lat="19.182804" lon="-98.681727">
        <ele>3837.672</ele>
        <time>2024-08-04T21:12:12.013Z</time>
      </trkpt>
      <trkpt lat="19.182762" lon="-98.681711">
        <ele>3838.361</ele>
        <time>2024-08-04T21:12:25.013Z</time>
      </trkpt>
      <trkpt lat="19.182723" lon="-98.681675">
        <ele>3839.994</ele>
        <time>2024-08-04T21:12:34.013Z</time>
      </trkpt>
      <trkpt lat="19.182694" lon="-98.681635">
        <ele>3841.992</ele>
        <time>2024-08-04T21:12:41.013Z</time>
      </trkpt>
      <trkpt lat="19.182677" lon="-98.681590">
        <ele>3842.865</ele>
        <time>2024-08-04T21:12:52.013Z</time>
      </trkpt>
      <trkpt lat="19.182634" lon="-98.681572">
        <ele>3848.170</ele>
        <time>2024-08-04T21:13:03.013Z</time>
      </trkpt>
      <trkpt lat="19.182603" lon="-98.681537">
        <ele>3853.162</ele>
        <time>2024-08-04T21:13:22.013Z</time>
      </trkpt>
      <trkpt lat="19.182593" lon="-98.681488">
        <ele>3855.614</ele>
        <time>2024-08-04T21:13:44.013Z</time>
      </trkpt>
      <trkpt lat="19.182563" lon="-98.681451">
        <ele>3855.754</ele>
        <time>2024-08-04T21:13:48.013Z</time>
      </trkpt>
      <trkpt lat="19.182531" lon="-98.681416">
        <ele>3855.909</ele>
        <time>2024-08-04T21:13:53.013Z</time>
      </trkpt>
      <trkpt lat="19.182502" lon="-98.681377">
        <ele>3856.209</ele>
        <time>2024-08-04T21:13:59.013Z</time>
      </trkpt>
      <trkpt lat="19.182467" lon="-98.681342">
        <ele>3856.912</ele>
        <time>2024-08-04T21:14:15.013Z</time>
      </trkpt>
      <trkpt lat="19.182453" lon="-98.681295">
        <ele>3858.448</ele>
        <time>2024-08-04T21:14:21.013Z</time>
      </trkpt>
      <trkpt lat="19.182433" lon="-98.681244">
        <ele>3858.470</ele>
        <time>2024-08-04T21:14:27.013Z</time>
      </trkpt>
      <trkpt lat="19.182424" lon="-98.681197">
        <ele>3858.829</ele>
        <time>2024-08-04T21:14:32.013Z</time>
      </trkpt>
      <trkpt lat="19.182397" lon="-98.681152">
        <ele>3859.522</ele>
        <time>2024-08-04T21:14:38.013Z</time>
      </trkpt>
      <trkpt lat="19.182376" lon="-98.681109">
        <ele>3859.730</ele>
        <time>2024-08-04T21:14:44.013Z</time>
      </trkpt>
      <trkpt lat="19.182354" lon="-98.681067">
        <ele>3859.873</ele>
        <time>2024-08-04T21:14:51.013Z</time>
      </trkpt>
      <trkpt lat="19.182334" lon="-98.681020">
        <ele>3860.838</ele>
        <time>2024-08-04T21:15:28.013Z</time>
      </trkpt>
      <trkpt lat="19.182311" lon="-98.680974">
        <ele>3860.870</ele>
        <time>2024-08-04T21:15:34.013Z</time>
      </trkpt>
      <trkpt lat="19.182295" lon="-98.680924">
        <ele>3860.822</ele>
        <time>2024-08-04T21:15:39.013Z</time>
      </trkpt>
      <trkpt lat="19.182272" lon="-98.680881">
        <ele>3860.862</ele>
        <time>2024-08-04T21:15:45.013Z</time>
      </trkpt>
      <trkpt lat="19.182253" lon="-98.680837">
        <ele>3860.808</ele>
        <time>2024-08-04T21:16:02.013Z</time>
      </trkpt>
      <trkpt lat="19.182225" lon="-98.680796">
        <ele>3861.109</ele>
        <time>2024-08-04T21:16:08.013Z</time>
      </trkpt>
      <trkpt lat="19.182182" lon="-98.680771">
        <ele>3865.963</ele>
        <time>2024-08-04T21:16:53.013Z</time>
      </trkpt>
      <trkpt lat="19.182136" lon="-98.680757">
        <ele>3865.939</ele>
        <time>2024-08-04T21:16:59.013Z</time>
      </trkpt>
      <trkpt lat="19.182108" lon="-98.680717">
        <ele>3865.981</ele>
        <time>2024-08-04T21:17:04.013Z</time>
      </trkpt>
      <trkpt lat="19.182109" lon="-98.680669">
        <ele>3866.630</ele>
        <time>2024-08-04T21:17:11.013Z</time>
      </trkpt>
      <trkpt lat="19.182097" lon="-98.680618">
        <ele>3867.293</ele>
        <time>2024-08-04T21:17:18.013Z</time>
      </trkpt>
      <trkpt lat="19.182070" lon="-98.680579">
        <ele>3867.531</ele>
        <time>2024-08-04T21:17:25.013Z</time>
      </trkpt>
      <trkpt lat="19.182084" lon="-98.680528">
        <ele>3868.274</ele>
        <time>2024-08-04T21:17:31.013Z</time>
      </trkpt>
      <trkpt lat="19.182093" lon="-98.680478">
        <ele>3868.959</ele>
        <time>2024-08-04T21:17:38.013Z</time>
      </trkpt>
      <trkpt lat="19.182101" lon="-98.680430">
        <ele>3870.551</ele>
        <time>2024-08-04T21:17:56.013Z</time>
      </trkpt>
      <trkpt lat="19.182075" lon="-98.680388">
        <ele>3870.947</ele>
        <time>2024-08-04T21:18:02.013Z</time>
      </trkpt>
      <trkpt lat="19.182063" lon="-98.680342">
        <ele>3871.329</ele>
        <time>2024-08-04T21:18:20.013Z</time>
      </trkpt>
      <trkpt lat="19.182042" lon="-98.680293">
        <ele>3873.621</ele>
        <time>2024-08-04T21:18:26.013Z</time>
      </trkpt>
      <trkpt lat="19.182024" lon="-98.680248">
        <ele>3875.709</ele>
        <time>2024-08-04T21:18:31.013Z</time>
      </trkpt>
      <trkpt lat="19.182021" lon="-98.680193">
        <ele>3876.785</ele>
        <time>2024-08-04T21:18:37.013Z</time>
      </trkpt>
      <trkpt lat="19.182013" lon="-98.680140">
        <ele>3877.011</ele>
        <time>2024-08-04T21:18:43.013Z</time>
      </trkpt>
      <trkpt lat="19.182002" lon="-98.680090">
        <ele>3876.883</ele>
        <time>2024-08-04T21:18:50.013Z</time>
      </trkpt>
      <trkpt lat="19.181983" lon="-98.680038">
        <ele>3876.852</ele>
        <time>2024-08-04T21:18:56.013Z</time>
      </trkpt>
      <trkpt lat="19.181986" lon="-98.679987">
        <ele>3877.475</ele>
        <time>2024-08-04T21:19:04.013Z</time>
      </trkpt>
      <trkpt lat="19.181979" lon="-98.679932">
        <ele>3877.693</ele>
        <time>2024-08-04T21:19:10.013Z</time>
      </trkpt>
      <trkpt lat="19.181961" lon="-98.679886">
        <ele>3878.486</ele>
        <time>2024-08-04T21:19:19.013Z</time>
      </trkpt>
      <trkpt lat="19.181928" lon="-98.679846">
        <ele>3879.981</ele>
        <time>2024-08-04T21:19:26.013Z</time>
      </trkpt>
      <trkpt lat="19.181899" lon="-98.679803">
        <ele>3880.553</ele>
        <time>2024-08-04T21:19:34.013Z</time>
      </trkpt>
      <trkpt lat="19.181868" lon="-98.679769">
        <ele>3880.935</ele>
        <time>2024-08-04T21:19:41.013Z</time>
      </trkpt>
      <trkpt lat="19.181879" lon="-98.679721">
        <ele>3883.486</ele>
        <time>2024-08-04T21:20:08.013Z</time>
      </trkpt>
      <trkpt lat="19.181923" lon="-98.679690">
        <ele>3883.514</ele>
        <time>2024-08-04T21:20:13.013Z</time>
      </trkpt>
      <trkpt lat="19.181952" lon="-98.679646">
        <ele>3883.809</ele>
        <time>2024-08-04T21:20:19.013Z</time>
      </trkpt>
      <trkpt lat="19.181909" lon="-98.679673">
        <ele>3885.894</ele>
        <time>2024-08-04T21:22:47.013Z</time>
      </trkpt>
      <trkpt lat="19.181861" lon="-98.679703">
        <ele>3886.470</ele>
        <time>2024-08-04T21:23:23.013Z</time>
      </trkpt>
      <trkpt lat="19.181833" lon="-98.679745">
        <ele>3886.472</ele>
        <time>2024-08-04T21:23:33.013Z</time>
      </trkpt>
      <trkpt lat="19.181783" lon="-98.679739">
        <ele>3890.671</ele>
        <time>2024-08-04T21:24:23.013Z</time>
      </trkpt>
      <trkpt lat="19.181737" lon="-98.679743">
        <ele>3889.884</ele>
        <time>2024-08-04T21:24:27.013Z</time>
      </trkpt>
      <trkpt lat="19.181688" lon="-98.679747">
        <ele>3889.822</ele>
        <time>2024-08-04T21:24:32.013Z</time>
      </trkpt>
      <trkpt lat="19.181732" lon="-98.679732">
        <ele>3889.875</ele>
        <time>2024-08-04T21:24:41.013Z</time>
      </trkpt>
      <trkpt lat="19.181787" lon="-98.679728">
        <ele>3887.970</ele>
        <time>2024-08-04T21:24:47.013Z</time>
      </trkpt>
      <trkpt lat="19.181839" lon="-98.679718">
        <ele>3888.172</ele>
        <time>2024-08-04T21:24:52.013Z</time>
      </trkpt>
      <trkpt lat="19.181884" lon="-98.679700">
        <ele>3887.914</ele>
        <time>2024-08-04T21:24:57.013Z</time>
      </trkpt>
      <trkpt lat="19.181920" lon="-98.679653">
        <ele>3887.754</ele>
        <time>2024-08-04T21:25:01.013Z</time>
      </trkpt>
      <trkpt lat="19.181929" lon="-98.679599">
        <ele>3887.609</ele>
        <time>2024-08-04T21:25:05.013Z</time>
      </trkpt>
      <trkpt lat="19.181923" lon="-98.679552">
        <ele>3887.309</ele>
        <time>2024-08-04T21:25:10.013Z</time>
      </trkpt>
      <trkpt lat="19.181924" lon="-98.679500">
        <ele>3887.032</ele>
        <time>2024-08-04T21:25:14.013Z</time>
      </trkpt>
      <trkpt lat="19.181902" lon="-98.679449">
        <ele>3887.118</ele>
        <time>2024-08-04T21:25:19.013Z</time>
      </trkpt>
      <trkpt lat="19.181888" lon="-98.679400">
        <ele>3887.360</ele>
        <time>2024-08-04T21:25:23.013Z</time>
      </trkpt>
      <trkpt lat="19.181855" lon="-98.679367">
        <ele>3887.539</ele>
        <time>2024-08-04T21:25:29.013Z</time>
      </trkpt>
      <trkpt lat="19.181876" lon="-98.679417">
        <ele>3893.242</ele>
        <time>2024-08-04T21:28:03.013Z</time>
      </trkpt>
      <trkpt lat="19.181899" lon="-98.679460">
        <ele>3893.350</ele>
        <time>2024-08-04T21:28:08.013Z</time>
      </trkpt>
      <trkpt lat="19.181908" lon="-98.679516">
        <ele>3893.463</ele>
        <time>2024-08-04T21:28:14.013Z</time>
      </trkpt>
      <trkpt lat="19.181912" lon="-98.679568">
        <ele>3893.538</ele>
        <time>2024-08-04T21:28:19.013Z</time>
      </trkpt>
      <trkpt lat="19.181896" lon="-98.679619">
        <ele>3895.230</ele>
        <time>2024-08-04T21:28:23.013Z</time>
      </trkpt>
      <trkpt lat="19.181905" lon="-98.679670">
        <ele>3895.416</ele>
        <time>2024-08-04T21:28:27.013Z</time>
      </trkpt>
      <trkpt lat="19.181876" lon="-98.679716">
        <ele>3895.676</ele>
        <time>2024-08-04T21:28:34.013Z</time>
      </trkpt>
      <trkpt lat="19.181829" lon="-98.679712">
        <ele>3895.513</ele>
        <time>2024-08-04T21:28:39.013Z</time>
      </trkpt>
      <trkpt lat="19.181774" lon="-98.679721">
        <ele>3895.109</ele>
        <time>2024-08-04T21:28:44.013Z</time>
      </trkpt>
      <trkpt lat="19.181720" lon="-98.679726">
        <ele>3895.092</ele>
        <time>2024-08-04T21:28:48.013Z</time>
      </trkpt>
      <trkpt lat="19.181769" lon="-98.679724">
        <ele>3893.368</ele>
        <time>2024-08-04T21:29:14.013Z</time>
      </trkpt>
      <trkpt lat="19.181807" lon="-98.679691">
        <ele>3892.670</ele>
        <time>2024-08-04T21:29:25.013Z</time>
      </trkpt>
      <trkpt lat="19.181848" lon="-98.679711">
        <ele>3889.829</ele>
        <time>2024-08-04T21:30:53.013Z</time>
      </trkpt>
      <trkpt lat="19.181895" lon="-98.679720">
        <ele>3889.852</ele>
        <time>2024-08-04T21:30:58.013Z</time>
      </trkpt>
      <trkpt lat="19.181922" lon="-98.679681">
        <ele>3889.870</ele>
        <time>2024-08-04T21:31:06.013Z</time>
      </trkpt>
      <trkpt lat="19.181925" lon="-98.679633">
        <ele>3889.813</ele>
        <time>2024-08-04T21:31:10.013Z</time>
      </trkpt>
      <trkpt lat="19.181911" lon="-98.679684">
        <ele>3888.558</ele>
        <time>2024-08-04T21:35:56.013Z</time>
      </trkpt>
      <trkpt lat="19.181937" lon="-98.679726">
        <ele>3888.540</ele>
        <time>2024-08-04T21:36:30.013Z</time>
      </trkpt>
      <trkpt lat="19.181942" lon="-98.679786">
        <ele>3888.676</ele>
        <time>2024-08-04T21:36:35.013Z</time>
      </trkpt>
      <trkpt lat="19.181956" lon="-98.679842">
        <ele>3890.290</ele>
        <time>2024-08-04T21:36:39.013Z</time>
      </trkpt>
      <trkpt lat="19.181986" lon="-98.679884">
        <ele>3892.519</ele>
        <time>2024-08-04T21:36:44.013Z</time>
      </trkpt>
      <trkpt lat="19.182009" lon="-98.679930">
        <ele>3892.709</ele>
        <time>2024-08-04T21:36:48.013Z</time>
      </trkpt>
      <trkpt lat="19.182044" lon="-98.679972">
        <ele>3893.728</ele>
        <time>2024-08-04T21:36:53.013Z</time>
      </trkpt>
      <trkpt lat="19.182063" lon="-98.680017">
        <ele>3893.354</ele>
        <time>2024-08-04T21:36:56.013Z</time>
      </trkpt>
      <trkpt lat="19.182084" lon="-98.680068">
        <ele>3892.866</ele>
        <time>2024-08-04T21:37:01.013Z</time>
      </trkpt>
      <trkpt lat="19.182096" lon="-98.680122">
        <ele>3891.715</ele>
        <time>2024-08-04T21:37:05.013Z</time>
      </trkpt>
      <trkpt lat="19.182112" lon="-98.680177">
        <ele>3891.148</ele>
        <time>2024-08-04T21:37:09.013Z</time>
      </trkpt>
      <trkpt lat="19.182150" lon="-98.680204">
        <ele>3890.876</ele>
        <time>2024-08-04T21:37:12.013Z</time>
      </trkpt>
      <trkpt lat="19.182202" lon="-98.680226">
        <ele>3890.539</ele>
        <time>2024-08-04T21:37:16.013Z</time>
      </trkpt>
      <trkpt lat="19.182248" lon="-98.680265">
        <ele>3890.094</ele>
        <time>2024-08-04T21:37:20.013Z</time>
      </trkpt>
      <trkpt lat="19.182259" lon="-98.680325">
        <ele>3888.296</ele>
        <time>2024-08-04T21:37:23.013Z</time>
      </trkpt>
      <trkpt lat="19.182269" lon="-98.680375">
        <ele>3885.143</ele>
        <time>2024-08-04T21:37:27.013Z</time>
      </trkpt>
      <trkpt lat="19.182287" lon="-98.680423">
        <ele>3882.964</ele>
        <time>2024-08-04T21:37:31.013Z</time>
      </trkpt>
      <trkpt lat="19.182310" lon="-98.680471">
        <ele>3880.310</ele>
        <time>2024-08-04T21:37:35.013Z</time>
      </trkpt>
      <trkpt lat="19.182366" lon="-98.680483">
        <ele>3877.809</ele>
        <time>2024-08-04T21:37:39.013Z</time>
      </trkpt>
      <trkpt lat="19.182416" lon="-98.680503">
        <ele>3875.475</ele>
        <time>2024-08-04T21:37:43.013Z</time>
      </trkpt>
      <trkpt lat="19.182474" lon="-98.680511">
        <ele>3873.551</ele>
        <time>2024-08-04T21:37:47.013Z</time>
      </trkpt>
      <trkpt lat="19.182520" lon="-98.680507">
        <ele>3871.873</ele>
        <time>2024-08-04T21:37:50.013Z</time>
      </trkpt>
      <trkpt lat="19.182569" lon="-98.680527">
        <ele>3869.652</ele>
        <time>2024-08-04T21:37:53.013Z</time>
      </trkpt>
      <trkpt lat="19.182615" lon="-98.680514">
        <ele>3869.055</ele>
        <time>2024-08-04T21:37:56.013Z</time>
      </trkpt>
      <trkpt lat="19.182663" lon="-98.680496">
        <ele>3865.163</ele>
        <time>2024-08-04T21:37:59.013Z</time>
      </trkpt>
      <trkpt lat="19.182716" lon="-98.680487">
        <ele>3864.086</ele>
        <time>2024-08-04T21:38:01.013Z</time>
      </trkpt>
      <trkpt lat="19.182773" lon="-98.680485">
        <ele>3862.151</ele>
        <time>2024-08-04T21:38:03.013Z</time>
      </trkpt>
      <trkpt lat="19.182823" lon="-98.680508">
        <ele>3857.813</ele>
        <time>2024-08-04T21:38:06.013Z</time>
      </trkpt>
      <trkpt lat="19.182871" lon="-98.680494">
        <ele>3854.488</ele>
        <time>2024-08-04T21:38:08.013Z</time>
      </trkpt>
      <trkpt lat="19.182909" lon="-98.680533">
        <ele>3849.124</ele>
        <time>2024-08-04T21:38:11.013Z</time>
      </trkpt>
      <trkpt lat="19.182921" lon="-98.680586">
        <ele>3848.026</ele>
        <time>2024-08-04T21:38:15.013Z</time>
      </trkpt>
      <trkpt lat="19.182921" lon="-98.680637">
        <ele>3847.709</ele>
        <time>2024-08-04T21:38:20.013Z</time>
      </trkpt>
      <trkpt lat="19.182963" lon="-98.680660">
        <ele>3847.159</ele>
        <time>2024-08-04T21:38:25.013Z</time>
      </trkpt>
      <trkpt lat="19.183015" lon="-98.680664">
        <ele>3846.825</ele>
        <time>2024-08-04T21:38:29.013Z</time>
      </trkpt>
      <trkpt lat="19.183062" lon="-98.680665">
        <ele>3843.687</ele>
        <time>2024-08-04T21:38:35.013Z</time>
      </trkpt>
      <trkpt lat="19.183091" lon="-98.680710">
        <ele>3840.996</ele>
        <time>2024-08-04T21:38:42.013Z</time>
      </trkpt>
      <trkpt lat="19.183090" lon="-98.680773">
        <ele>3838.329</ele>
        <time>2024-08-04T21:38:46.013Z</time>
      </trkpt>
      <trkpt lat="19.183099" lon="-98.680830">
        <ele>3837.477</ele>
        <time>2024-08-04T21:38:50.013Z</time>
      </trkpt>
      <trkpt lat="19.183096" lon="-98.680882">
        <ele>3837.420</ele>
        <time>2024-08-04T21:38:54.013Z</time>
      </trkpt>
      <trkpt lat="19.183103" lon="-98.680936">
        <ele>3837.065</ele>
        <time>2024-08-04T21:38:58.013Z</time>
      </trkpt>
      <trkpt lat="19.183114" lon="-98.680989">
        <ele>3836.767</ele>
        <time>2024-08-04T21:39:02.013Z</time>
      </trkpt>
      <trkpt lat="19.183118" lon="-98.681051">
        <ele>3836.857</ele>
        <time>2024-08-04T21:39:06.013Z</time>
      </trkpt>
      <trkpt lat="19.183140" lon="-98.681099">
        <ele>3837.400</ele>
        <time>2024-08-04T21:39:10.013Z</time>
      </trkpt>
      <trkpt lat="19.183191" lon="-98.681121">
        <ele>3837.320</ele>
        <time>2024-08-04T21:39:15.013Z</time>
      </trkpt>
      <trkpt lat="19.183231" lon="-98.681152">
        <ele>3836.909</ele>
        <time>2024-08-04T21:39:25.013Z</time>
      </trkpt>
      <trkpt lat="19.183241" lon="-98.681210">
        <ele>3837.376</ele>
        <time>2024-08-04T21:39:30.013Z</time>
      </trkpt>
      <trkpt lat="19.183248" lon="-98.681261">
        <ele>3837.232</ele>
        <time>2024-08-04T21:39:34.013Z</time>
      </trkpt>
      <trkpt lat="19.183258" lon="-98.681308">
        <ele>3837.394</ele>
        <time>2024-08-04T21:39:38.013Z</time>
      </trkpt>
      <trkpt lat="19.183268" lon="-98.681356">
        <ele>3837.363</ele>
        <time>2024-08-04T21:39:42.013Z</time>
      </trkpt>
      <trkpt lat="19.183279" lon="-98.681412">
        <ele>3837.266</ele>
        <time>2024-08-04T21:39:47.013Z</time>
      </trkpt>
      <trkpt lat="19.183273" lon="-98.681468">
        <ele>3836.794</ele>
        <time>2024-08-04T21:39:51.013Z</time>
      </trkpt>
      <trkpt lat="19.183264" lon="-98.681519">
        <ele>3836.247</ele>
        <time>2024-08-04T21:39:55.013Z</time>
      </trkpt>
      <trkpt lat="19.183265" lon="-98.681568">
        <ele>3835.972</ele>
        <time>2024-08-04T21:39:59.013Z</time>
      </trkpt>
      <trkpt lat="19.183264" lon="-98.681617">
        <ele>3835.974</ele>
        <time>2024-08-04T21:40:03.013Z</time>
      </trkpt>
      <trkpt lat="19.183259" lon="-98.681671">
        <ele>3836.431</ele>
        <time>2024-08-04T21:40:08.013Z</time>
      </trkpt>
      <trkpt lat="19.183239" lon="-98.681725">
        <ele>3836.761</ele>
        <time>2024-08-04T21:40:13.013Z</time>
      </trkpt>
      <trkpt lat="19.183236" lon="-98.681776">
        <ele>3838.807</ele>
        <time>2024-08-04T21:40:17.013Z</time>
      </trkpt>
      <trkpt lat="19.183234" lon="-98.681828">
        <ele>3839.009</ele>
        <time>2024-08-04T21:40:21.013Z</time>
      </trkpt>
      <trkpt lat="19.183219" lon="-98.681876">
        <ele>3839.064</ele>
        <time>2024-08-04T21:40:25.013Z</time>
      </trkpt>
      <trkpt lat="19.183200" lon="-98.681920">
        <ele>3839.160</ele>
        <time>2024-08-04T21:40:29.013Z</time>
      </trkpt>
      <trkpt lat="19.183198" lon="-98.681972">
        <ele>3839.072</ele>
        <time>2024-08-04T21:40:33.013Z</time>
      </trkpt>
      <trkpt lat="19.183200" lon="-98.682026">
        <ele>3838.751</ele>
        <time>2024-08-04T21:40:37.013Z</time>
      </trkpt>
      <trkpt lat="19.183204" lon="-98.682074">
        <ele>3838.734</ele>
        <time>2024-08-04T21:40:41.013Z</time>
      </trkpt>
      <trkpt lat="19.183202" lon="-98.682133">
        <ele>3838.762</ele>
        <time>2024-08-04T21:40:46.013Z</time>
      </trkpt>
      <trkpt lat="19.183227" lon="-98.682180">
        <ele>3838.445</ele>
        <time>2024-08-04T21:40:50.013Z</time>
      </trkpt>
      <trkpt lat="19.183261" lon="-98.682220">
        <ele>3838.270</ele>
        <time>2024-08-04T21:40:54.013Z</time>
      </trkpt>
      <trkpt lat="19.183285" lon="-98.682272">
        <ele>3836.892</ele>
        <time>2024-08-04T21:40:58.013Z</time>
      </trkpt>
      <trkpt lat="19.183297" lon="-98.682331">
        <ele>3836.516</ele>
        <time>2024-08-04T21:41:02.013Z</time>
      </trkpt>
      <trkpt lat="19.183311" lon="-98.682383">
        <ele>3833.776</ele>
        <time>2024-08-04T21:41:06.013Z</time>
      </trkpt>
      <trkpt lat="19.183337" lon="-98.682433">
        <ele>3832.113</ele>
        <time>2024-08-04T21:41:10.013Z</time>
      </trkpt>
      <trkpt lat="19.183364" lon="-98.682478">
        <ele>3831.709</ele>
        <time>2024-08-04T21:41:14.013Z</time>
      </trkpt>
      <trkpt lat="19.183393" lon="-98.682517">
        <ele>3830.832</ele>
        <time>2024-08-04T21:41:18.013Z</time>
      </trkpt>
      <trkpt lat="19.183422" lon="-98.682557">
        <ele>3830.168</ele>
        <time>2024-08-04T21:41:22.013Z</time>
      </trkpt>
      <trkpt lat="19.183442" lon="-98.682603">
        <ele>3829.630</ele>
        <time>2024-08-04T21:41:25.013Z</time>
      </trkpt>
      <trkpt lat="19.183471" lon="-98.682652">
        <ele>3827.299</ele>
        <time>2024-08-04T21:41:29.013Z</time>
      </trkpt>
      <trkpt lat="19.183510" lon="-98.682685">
        <ele>3826.232</ele>
        <time>2024-08-04T21:41:33.013Z</time>
      </trkpt>
      <trkpt lat="19.183546" lon="-98.682718">
        <ele>3825.870</ele>
        <time>2024-08-04T21:41:37.013Z</time>
      </trkpt>
      <trkpt lat="19.183572" lon="-98.682758">
        <ele>3822.773</ele>
        <time>2024-08-04T21:41:41.013Z</time>
      </trkpt>
      <trkpt lat="19.183616" lon="-98.682789">
        <ele>3820.228</ele>
        <time>2024-08-04T21:41:46.013Z</time>
      </trkpt>
      <trkpt lat="19.183671" lon="-98.682819">
        <ele>3818.140</ele>
        <time>2024-08-04T21:41:50.013Z</time>
      </trkpt>
      <trkpt lat="19.183699" lon="-98.682882">
        <ele>3816.479</ele>
        <time>2024-08-04T21:41:53.013Z</time>
      </trkpt>
      <trkpt lat="19.183720" lon="-98.682935">
        <ele>3813.405</ele>
        <time>2024-08-04T21:41:57.013Z</time>
      </trkpt>
      <trkpt lat="19.183731" lon="-98.682988">
        <ele>3811.325</ele>
        <time>2024-08-04T21:42:00.013Z</time>
      </trkpt>
      <trkpt lat="19.183751" lon="-98.683045">
        <ele>3810.409</ele>
        <time>2024-08-04T21:42:03.013Z</time>
      </trkpt>
      <trkpt lat="19.183751" lon="-98.683101">
        <ele>3809.278</ele>
        <time>2024-08-04T21:42:07.013Z</time>
      </trkpt>
      <trkpt lat="19.183739" lon="-98.683150">
        <ele>3807.064</ele>
        <time>2024-08-04T21:42:32.013Z</time>
      </trkpt>
      <trkpt lat="19.183755" lon="-98.683210">
        <ele>3806.996</ele>
        <time>2024-08-04T21:42:38.013Z</time>
      </trkpt>
      <trkpt lat="19.183741" lon="-98.683265">
        <ele>3806.895</ele>
        <time>2024-08-04T21:42:44.013Z</time>
      </trkpt>
      <trkpt lat="19.183737" lon="-98.683315">
        <ele>3806.848</ele>
        <time>2024-08-04T21:42:50.013Z</time>
      </trkpt>
      <trkpt lat="19.183696" lon="-98.683352">
        <ele>3806.676</ele>
        <time>2024-08-04T21:42:58.013Z</time>
      </trkpt>
      <trkpt lat="19.183743" lon="-98.683337">
        <ele>3804.739</ele>
        <time>2024-08-04T21:43:20.013Z</time>
      </trkpt>
      <trkpt lat="19.183782" lon="-98.683302">
        <ele>3802.784</ele>
        <time>2024-08-04T21:43:25.013Z</time>
      </trkpt>
      <trkpt lat="19.183833" lon="-98.683277">
        <ele>3797.826</ele>
        <time>2024-08-04T21:43:29.013Z</time>
      </trkpt>
      <trkpt lat="19.183867" lon="-98.683234">
        <ele>3791.325</ele>
        <time>2024-08-04T21:43:33.013Z</time>
      </trkpt>
      <trkpt lat="19.183923" lon="-98.683206">
        <ele>3785.526</ele>
        <time>2024-08-04T21:43:36.013Z</time>
      </trkpt>
      <trkpt lat="19.183972" lon="-98.683202">
        <ele>3783.208</ele>
        <time>2024-08-04T21:43:38.013Z</time>
      </trkpt>
      <trkpt lat="19.184029" lon="-98.683203">
        <ele>3776.909</ele>
        <time>2024-08-04T21:43:50.013Z</time>
      </trkpt>
      <trkpt lat="19.184105" lon="-98.683191">
        <ele>3776.953</ele>
        <time>2024-08-04T21:43:54.013Z</time>
      </trkpt>
      <trkpt lat="19.184151" lon="-98.683182">
        <ele>3776.979</ele>
        <time>2024-08-04T21:43:57.013Z</time>
      </trkpt>
      <trkpt lat="19.184200" lon="-98.683158">
        <ele>3776.981</ele>
        <time>2024-08-04T21:44:01.013Z</time>
      </trkpt>
      <trkpt lat="19.184230" lon="-98.683121">
        <ele>3776.950</ele>
        <time>2024-08-04T21:44:04.013Z</time>
      </trkpt>
      <trkpt lat="19.184261" lon="-98.683081">
        <ele>3776.033</ele>
        <time>2024-08-04T21:44:07.013Z</time>
      </trkpt>
      <trkpt lat="19.184302" lon="-98.683034">
        <ele>3773.891</ele>
        <time>2024-08-04T21:44:10.013Z</time>
      </trkpt>
      <trkpt lat="19.184340" lon="-98.682985">
        <ele>3773.754</ele>
        <time>2024-08-04T21:44:12.013Z</time>
      </trkpt>
      <trkpt lat="19.184374" lon="-98.682924">
        <ele>3771.699</ele>
        <time>2024-08-04T21:44:15.013Z</time>
      </trkpt>
      <trkpt lat="19.184393" lon="-98.682880">
        <ele>3770.511</ele>
        <time>2024-08-04T21:44:19.013Z</time>
      </trkpt>
      <trkpt lat="19.184409" lon="-98.682834">
        <ele>3769.466</ele>
        <time>2024-08-04T21:44:23.013Z</time>
      </trkpt>
      <trkpt lat="19.184410" lon="-98.682774">
        <ele>3769.629</ele>
        <time>2024-08-04T21:44:28.013Z</time>
      </trkpt>
      <trkpt lat="19.184423" lon="-98.682723">
        <ele>3769.321</ele>
        <time>2024-08-04T21:44:32.013Z</time>
      </trkpt>
      <trkpt lat="19.184432" lon="-98.682670">
        <ele>3768.909</ele>
        <time>2024-08-04T21:44:36.013Z</time>
      </trkpt>
      <trkpt lat="19.184447" lon="-98.682617">
        <ele>3768.857</ele>
        <time>2024-08-04T21:44:40.013Z</time>
      </trkpt>
      <trkpt lat="19.184473" lon="-98.682568">
        <ele>3768.583</ele>
        <time>2024-08-04T21:44:44.013Z</time>
      </trkpt>
      <trkpt lat="19.184486" lon="-98.682522">
        <ele>3767.945</ele>
        <time>2024-08-04T21:44:47.013Z</time>
      </trkpt>
      <trkpt lat="19.184490" lon="-98.682466">
        <ele>3767.314</ele>
        <time>2024-08-04T21:44:51.013Z</time>
      </trkpt>
      <trkpt lat="19.184507" lon="-98.682410">
        <ele>3766.097</ele>
        <time>2024-08-04T21:44:55.013Z</time>
      </trkpt>
      <trkpt lat="19.184520" lon="-98.682352">
        <ele>3765.845</ele>
        <time>2024-08-04T21:44:59.013Z</time>
      </trkpt>
      <trkpt lat="19.184537" lon="-98.682300">
        <ele>3765.888</ele>
        <time>2024-08-04T21:45:03.013Z</time>
      </trkpt>
      <trkpt lat="19.184563" lon="-98.682246">
        <ele>3765.833</ele>
        <time>2024-08-04T21:45:07.013Z</time>
      </trkpt>
      <trkpt lat="19.184582" lon="-98.682190">
        <ele>3765.845</ele>
        <time>2024-08-04T21:45:11.013Z</time>
      </trkpt>
      <trkpt lat="19.184607" lon="-98.682145">
        <ele>3766.094</ele>
        <time>2024-08-04T21:45:15.013Z</time>
      </trkpt>
      <trkpt lat="19.184639" lon="-98.682097">
        <ele>3766.057</ele>
        <time>2024-08-04T21:45:19.013Z</time>
      </trkpt>
      <trkpt lat="19.184668" lon="-98.682050">
        <ele>3765.622</ele>
        <time>2024-08-04T21:45:23.013Z</time>
      </trkpt>
      <trkpt lat="19.184684" lon="-98.681999">
        <ele>3765.409</ele>
        <time>2024-08-04T21:45:27.013Z</time>
      </trkpt>
      <trkpt lat="19.184695" lon="-98.681947">
        <ele>3765.080</ele>
        <time>2024-08-04T21:45:31.013Z</time>
      </trkpt>
      <trkpt lat="19.184687" lon="-98.681893">
        <ele>3765.056</ele>
        <time>2024-08-04T21:45:35.013Z</time>
      </trkpt>
      <trkpt lat="19.184675" lon="-98.681827">
        <ele>3765.198</ele>
        <time>2024-08-04T21:45:51.013Z</time>
      </trkpt>
      <trkpt lat="19.184668" lon="-98.681779">
        <ele>3765.197</ele>
        <time>2024-08-04T21:45:56.013Z</time>
      </trkpt>
      <trkpt lat="19.184657" lon="-98.681727">
        <ele>3765.290</ele>
        <time>2024-08-04T21:46:03.013Z</time>
      </trkpt>
      <trkpt lat="19.184649" lon="-98.681675">
        <ele>3765.348</ele>
        <time>2024-08-04T21:46:08.013Z</time>
      </trkpt>
      <trkpt lat="19.184662" lon="-98.681629">
        <ele>3766.711</ele>
        <time>2024-08-04T21:46:12.013Z</time>
      </trkpt>
      <trkpt lat="19.184682" lon="-98.681584">
        <ele>3767.416</ele>
        <time>2024-08-04T21:46:17.013Z</time>
      </trkpt>
      <trkpt lat="19.184727" lon="-98.681552">
        <ele>3767.888</ele>
        <time>2024-08-04T21:46:22.013Z</time>
      </trkpt>
      <trkpt lat="19.184747" lon="-98.681508">
        <ele>3768.694</ele>
        <time>2024-08-04T21:46:27.013Z</time>
      </trkpt>
      <trkpt lat="19.184769" lon="-98.681455">
        <ele>3769.057</ele>
        <time>2024-08-04T21:46:32.013Z</time>
      </trkpt>
      <trkpt lat="19.184785" lon="-98.681403">
        <ele>3769.022</ele>
        <time>2024-08-04T21:46:37.013Z</time>
      </trkpt>
      <trkpt lat="19.184808" lon="-98.681347">
        <ele>3767.909</ele>
        <time>2024-08-04T21:46:42.013Z</time>
      </trkpt>
      <trkpt lat="19.184819" lon="-98.681295">
        <ele>3767.280</ele>
        <time>2024-08-04T21:46:46.013Z</time>
      </trkpt>
      <trkpt lat="19.184825" lon="-98.681244">
        <ele>3764.516</ele>
        <time>2024-08-04T21:46:50.013Z</time>
      </trkpt>
      <trkpt lat="19.184837" lon="-98.681189">
        <ele>3762.868</ele>
        <time>2024-08-04T21:46:54.013Z</time>
      </trkpt>
      <trkpt lat="19.184843" lon="-98.681136">
        <ele>3762.037</ele>
        <time>2024-08-04T21:46:58.013Z</time>
      </trkpt>
      <trkpt lat="19.184840" lon="-98.681081">
        <ele>3761.490</ele>
        <time>2024-08-04T21:47:02.013Z</time>
      </trkpt>
      <trkpt lat="19.184826" lon="-98.681023">
        <ele>3761.068</ele>
        <time>2024-08-04T21:47:06.013Z</time>
      </trkpt>
      <trkpt lat="19.184814" lon="-98.680971">
        <ele>3761.021</ele>
        <time>2024-08-04T21:47:10.013Z</time>
      </trkpt>
      <trkpt lat="19.184794" lon="-98.680924">
        <ele>3761.166</ele>
        <time>2024-08-04T21:47:14.013Z</time>
      </trkpt>
      <trkpt lat="19.184761" lon="-98.680883">
        <ele>3761.348</ele>
        <time>2024-08-04T21:47:18.013Z</time>
      </trkpt>
      <trkpt lat="19.184721" lon="-98.680849">
        <ele>3761.563</ele>
        <time>2024-08-04T21:47:22.013Z</time>
      </trkpt>
      <trkpt lat="19.184682" lon="-98.680815">
        <ele>3761.644</ele>
        <time>2024-08-04T21:47:26.013Z</time>
      </trkpt>
      <trkpt lat="19.184654" lon="-98.680770">
        <ele>3761.618</ele>
        <time>2024-08-04T21:47:30.013Z</time>
      </trkpt>
      <trkpt lat="19.184632" lon="-98.680718">
        <ele>3761.609</ele>
        <time>2024-08-04T21:47:34.013Z</time>
      </trkpt>
      <trkpt lat="19.184630" lon="-98.680659">
        <ele>3761.397</ele>
        <time>2024-08-04T21:47:38.013Z</time>
      </trkpt>
      <trkpt lat="19.184622" lon="-98.680607">
        <ele>3760.333</ele>
        <time>2024-08-04T21:47:42.013Z</time>
      </trkpt>
      <trkpt lat="19.184621" lon="-98.680558">
        <ele>3759.735</ele>
        <time>2024-08-04T21:47:46.013Z</time>
      </trkpt>
      <trkpt lat="19.184664" lon="-98.680578">
        <ele>3758.374</ele>
        <time>2024-08-04T21:50:20.013Z</time>
      </trkpt>
      <trkpt lat="19.184692" lon="-98.680622">
        <ele>3758.377</ele>
        <time>2024-08-04T21:50:24.013Z</time>
      </trkpt>
      <trkpt lat="19.184731" lon="-98.680649">
        <ele>3758.315</ele>
        <time>2024-08-04T21:50:28.013Z</time>
      </trkpt>
      <trkpt lat="19.184759" lon="-98.680689">
        <ele>3758.528</ele>
        <time>2024-08-04T21:50:32.013Z</time>
      </trkpt>
      <trkpt lat="19.184804" lon="-98.680715">
        <ele>3758.493</ele>
        <time>2024-08-04T21:50:37.013Z</time>
      </trkpt>
      <trkpt lat="19.184842" lon="-98.680754">
        <ele>3753.225</ele>
        <time>2024-08-04T21:50:42.013Z</time>
      </trkpt>
      <trkpt lat="19.184857" lon="-98.680807">
        <ele>3750.732</ele>
        <time>2024-08-04T21:50:47.013Z</time>
      </trkpt>
      <trkpt lat="19.184901" lon="-98.680795">
        <ele>3747.792</ele>
        <time>2024-08-04T21:50:52.013Z</time>
      </trkpt>
      <trkpt lat="19.184947" lon="-98.680787">
        <ele>3743.911</ele>
        <time>2024-08-04T21:51:42.013Z</time>
      </trkpt>
      <trkpt lat="19.184995" lon="-98.680793">
        <ele>3743.809</ele>
        <time>2024-08-04T21:51:53.013Z</time>
      </trkpt>
      <trkpt lat="19.185041" lon="-98.680802">
        <ele>3742.884</ele>
        <time>2024-08-04T21:52:01.013Z</time>
      </trkpt>
      <trkpt lat="19.185058" lon="-98.680853">
        <ele>3741.090</ele>
        <time>2024-08-04T21:52:08.013Z</time>
      </trkpt>
      <trkpt lat="19.185088" lon="-98.680895">
        <ele>3740.032</ele>
        <time>2024-08-04T21:52:14.013Z</time>
      </trkpt>
      <trkpt lat="19.185080" lon="-98.680949">
        <ele>3740.011</ele>
        <time>2024-08-04T21:52:20.013Z</time>
      </trkpt>
      <trkpt lat="19.185112" lon="-98.680988">
        <ele>3740.294</ele>
        <time>2024-08-04T21:52:25.013Z</time>
      </trkpt>
      <trkpt lat="19.185159" lon="-98.680998">
        <ele>3740.352</ele>
        <time>2024-08-04T21:52:32.013Z</time>
      </trkpt>
      <trkpt lat="19.185200" lon="-98.681019">
        <ele>3740.525</ele>
        <time>2024-08-04T21:52:41.013Z</time>
      </trkpt>
      <trkpt lat="19.185214" lon="-98.681072">
        <ele>3741.760</ele>
        <time>2024-08-04T21:53:23.013Z</time>
      </trkpt>
      <trkpt lat="19.185259" lon="-98.681099">
        <ele>3741.842</ele>
        <time>2024-08-04T21:53:32.013Z</time>
      </trkpt>
      <trkpt lat="19.185258" lon="-98.681151">
        <ele>3741.816</ele>
        <time>2024-08-04T21:53:42.013Z</time>
      </trkpt>
      <trkpt lat="19.185303" lon="-98.681175">
        <ele>3741.876</ele>
        <time>2024-08-04T21:53:47.013Z</time>
      </trkpt>
      <trkpt lat="19.185306" lon="-98.681234">
        <ele>3740.513</ele>
        <time>2024-08-04T21:54:08.013Z</time>
      </trkpt>
      <trkpt lat="19.185346" lon="-98.681261">
        <ele>3740.309</ele>
        <time>2024-08-04T21:54:12.013Z</time>
      </trkpt>
      <trkpt lat="19.185363" lon="-98.681309">
        <ele>3740.362</ele>
        <time>2024-08-04T21:54:17.013Z</time>
      </trkpt>
      <trkpt lat="19.185399" lon="-98.681347">
        <ele>3739.968</ele>
        <time>2024-08-04T21:54:22.013Z</time>
      </trkpt>
      <trkpt lat="19.185437" lon="-98.681373">
        <ele>3739.760</ele>
        <time>2024-08-04T21:54:26.013Z</time>
      </trkpt>
      <trkpt lat="19.185473" lon="-98.681406">
        <ele>3736.859</ele>
        <time>2024-08-04T21:54:31.013Z</time>
      </trkpt>
      <trkpt lat="19.185523" lon="-98.681415">
        <ele>3736.062</ele>
        <time>2024-08-04T21:54:37.013Z</time>
      </trkpt>
      <trkpt lat="19.185565" lon="-98.681445">
        <ele>3735.540</ele>
        <time>2024-08-04T21:54:43.013Z</time>
      </trkpt>
      <trkpt lat="19.185609" lon="-98.681469">
        <ele>3735.133</ele>
        <time>2024-08-04T21:54:48.013Z</time>
      </trkpt>
      <trkpt lat="19.185656" lon="-98.681478">
        <ele>3734.928</ele>
        <time>2024-08-04T21:54:56.013Z</time>
      </trkpt>
      <trkpt lat="19.185696" lon="-98.681502">
        <ele>3734.990</ele>
        <time>2024-08-04T21:55:00.013Z</time>
      </trkpt>
      <trkpt lat="19.185739" lon="-98.681546">
        <ele>3734.731</ele>
        <time>2024-08-04T21:55:04.013Z</time>
      </trkpt>
      <trkpt lat="19.185770" lon="-98.681593">
        <ele>3734.661</ele>
        <time>2024-08-04T21:55:09.013Z</time>
      </trkpt>
      <trkpt lat="19.185799" lon="-98.681638">
        <ele>3734.207</ele>
        <time>2024-08-04T21:55:20.013Z</time>
      </trkpt>
      <trkpt lat="19.185839" lon="-98.681672">
        <ele>3734.209</ele>
        <time>2024-08-04T21:55:27.013Z</time>
      </trkpt>
      <trkpt lat="19.185868" lon="-98.681722">
        <ele>3734.234</ele>
        <time>2024-08-04T21:55:34.013Z</time>
      </trkpt>
      <trkpt lat="19.185910" lon="-98.681756">
        <ele>3734.210</ele>
        <time>2024-08-04T21:55:39.013Z</time>
      </trkpt>
      <trkpt lat="19.185942" lon="-98.681794">
        <ele>3734.092</ele>
        <time>2024-08-04T21:55:43.013Z</time>
      </trkpt>
      <trkpt lat="19.185987" lon="-98.681814">
        <ele>3732.841</ele>
        <time>2024-08-04T21:55:59.013Z</time>
      </trkpt>
      <trkpt lat="19.186025" lon="-98.681849">
        <ele>3732.754</ele>
        <time>2024-08-04T21:56:04.013Z</time>
      </trkpt>
      <trkpt lat="19.186069" lon="-98.681868">
        <ele>3732.552</ele>
        <time>2024-08-04T21:56:09.013Z</time>
      </trkpt>
      <trkpt lat="19.186109" lon="-98.681902">
        <ele>3732.595</ele>
        <time>2024-08-04T21:56:18.013Z</time>
      </trkpt>
      <trkpt lat="19.186156" lon="-98.681932">
        <ele>3732.360</ele>
        <time>2024-08-04T21:56:23.013Z</time>
      </trkpt>
      <trkpt lat="19.186202" lon="-98.681948">
        <ele>3729.642</ele>
        <time>2024-08-04T21:56:34.013Z</time>
      </trkpt>
      <trkpt lat="19.186252" lon="-98.681944">
        <ele>3729.365</ele>
        <time>2024-08-04T21:56:43.013Z</time>
      </trkpt>
      <trkpt lat="19.186299" lon="-98.681957">
        <ele>3729.068</ele>
        <time>2024-08-04T21:56:48.013Z</time>
      </trkpt>
      <trkpt lat="19.186336" lon="-98.681991">
        <ele>3728.814</ele>
        <time>2024-08-04T21:56:54.013Z</time>
      </trkpt>
      <trkpt lat="19.186380" lon="-98.682014">
        <ele>3728.409</ele>
        <time>2024-08-04T21:57:02.013Z</time>
      </trkpt>
      <trkpt lat="19.186427" lon="-98.682019">
        <ele>3727.777</ele>
        <time>2024-08-04T21:57:09.013Z</time>
      </trkpt>
      <trkpt lat="19.186472" lon="-98.681993">
        <ele>3725.723</ele>
        <time>2024-08-04T21:57:17.013Z</time>
      </trkpt>
      <trkpt lat="19.186511" lon="-98.682022">
        <ele>3724.695</ele>
        <time>2024-08-04T21:57:30.013Z</time>
      </trkpt>
      <trkpt lat="19.186560" lon="-98.682013">
        <ele>3724.374</ele>
        <time>2024-08-04T21:57:35.013Z</time>
      </trkpt>
      <trkpt lat="19.186607" lon="-98.681987">
        <ele>3723.517</ele>
        <time>2024-08-04T21:57:42.013Z</time>
      </trkpt>
      <trkpt lat="19.186615" lon="-98.681939">
        <ele>3723.335</ele>
        <time>2024-08-04T21:57:50.013Z</time>
      </trkpt>
      <trkpt lat="19.186603" lon="-98.681888">
        <ele>3723.758</ele>
        <time>2024-08-04T21:57:59.013Z</time>
      </trkpt>
      <trkpt lat="19.186623" lon="-98.681837">
        <ele>3724.383</ele>
        <time>2024-08-04T21:58:04.013Z</time>
      </trkpt>
      <trkpt lat="19.186635" lon="-98.681789">
        <ele>3723.945</ele>
        <time>2024-08-04T21:58:40.013Z</time>
      </trkpt>
      <trkpt lat="19.186642" lon="-98.681738">
        <ele>3723.352</ele>
        <time>2024-08-04T21:58:48.013Z</time>
      </trkpt>
      <trkpt lat="19.186678" lon="-98.681699">
        <ele>3723.253</ele>
        <time>2024-08-04T21:58:52.013Z</time>
      </trkpt>
      <trkpt lat="19.186721" lon="-98.681669">
        <ele>3723.208</ele>
        <time>2024-08-04T21:58:57.013Z</time>
      </trkpt>
      <trkpt lat="19.186765" lon="-98.681637">
        <ele>3723.209</ele>
        <time>2024-08-04T21:59:02.013Z</time>
      </trkpt>
      <trkpt lat="19.186822" lon="-98.681611">
        <ele>3723.366</ele>
        <time>2024-08-04T21:59:05.013Z</time>
      </trkpt>
      <trkpt lat="19.186869" lon="-98.681601">
        <ele>3724.042</ele>
        <time>2024-08-04T21:59:11.013Z</time>
      </trkpt>
      <trkpt lat="19.186915" lon="-98.681595">
        <ele>3725.724</ele>
        <time>2024-08-04T21:59:15.013Z</time>
      </trkpt>
      <trkpt lat="19.186957" lon="-98.681576">
        <ele>3728.873</ele>
        <time>2024-08-04T21:59:20.013Z</time>
      </trkpt>
      <trkpt lat="19.187006" lon="-98.681568">
        <ele>3729.886</ele>
        <time>2024-08-04T21:59:25.013Z</time>
      </trkpt>
      <trkpt lat="19.187059" lon="-98.681571">
        <ele>3729.734</ele>
        <time>2024-08-04T21:59:32.013Z</time>
      </trkpt>
      <trkpt lat="19.187105" lon="-98.681585">
        <ele>3729.737</ele>
        <time>2024-08-04T21:59:36.013Z</time>
      </trkpt>
      <trkpt lat="19.187156" lon="-98.681590">
        <ele>3729.292</ele>
        <time>2024-08-04T21:59:41.013Z</time>
      </trkpt>
      <trkpt lat="19.187201" lon="-98.681573">
        <ele>3727.914</ele>
        <time>2024-08-04T21:59:46.013Z</time>
      </trkpt>
      <trkpt lat="19.187241" lon="-98.681550">
        <ele>3726.482</ele>
        <time>2024-08-04T21:59:50.013Z</time>
      </trkpt>
      <trkpt lat="19.187277" lon="-98.681521">
        <ele>3724.743</ele>
        <time>2024-08-04T21:59:54.013Z</time>
      </trkpt>
      <trkpt lat="19.187325" lon="-98.681499">
        <ele>3723.317</ele>
        <time>2024-08-04T21:59:58.013Z</time>
      </trkpt>
      <trkpt lat="19.187372" lon="-98.681485">
        <ele>3722.209</ele>
        <time>2024-08-04T22:00:02.013Z</time>
      </trkpt>
      <trkpt lat="19.187419" lon="-98.681462">
        <ele>3721.839</ele>
        <time>2024-08-04T22:00:07.013Z</time>
      </trkpt>
      <trkpt lat="19.187464" lon="-98.681469">
        <ele>3721.415</ele>
        <time>2024-08-04T22:00:11.013Z</time>
      </trkpt>
      <trkpt lat="19.187511" lon="-98.681457">
        <ele>3720.767</ele>
        <time>2024-08-04T22:00:16.013Z</time>
      </trkpt>
      <trkpt lat="19.187562" lon="-98.681466">
        <ele>3719.866</ele>
        <time>2024-08-04T22:00:21.013Z</time>
      </trkpt>
      <trkpt lat="19.187612" lon="-98.681473">
        <ele>3720.369</ele>
        <time>2024-08-04T22:00:54.013Z</time>
      </trkpt>
      <trkpt lat="19.187661" lon="-98.681472">
        <ele>3720.427</ele>
        <time>2024-08-04T22:01:02.013Z</time>
      </trkpt>
      <trkpt lat="19.187703" lon="-98.681498">
        <ele>3723.710</ele>
        <time>2024-08-04T22:02:02.013Z</time>
      </trkpt>
      <trkpt lat="19.187746" lon="-98.681535">
        <ele>3723.755</ele>
        <time>2024-08-04T22:02:07.013Z</time>
      </trkpt>
      <trkpt lat="19.187796" lon="-98.681541">
        <ele>3723.717</ele>
        <time>2024-08-04T22:02:12.013Z</time>
      </trkpt>
      <trkpt lat="19.187832" lon="-98.681501">
        <ele>3724.073</ele>
        <time>2024-08-04T22:02:18.013Z</time>
      </trkpt>
      <trkpt lat="19.187876" lon="-98.681520">
        <ele>3721.285</ele>
        <time>2024-08-04T22:06:19.013Z</time>
      </trkpt>
      <trkpt lat="19.187925" lon="-98.681514">
        <ele>3721.213</ele>
        <time>2024-08-04T22:06:23.013Z</time>
      </trkpt>
      <trkpt lat="19.187960" lon="-98.681475">
        <ele>3721.209</ele>
        <time>2024-08-04T22:06:27.013Z</time>
      </trkpt>
      <trkpt lat="19.188008" lon="-98.681475">
        <ele>3721.268</ele>
        <time>2024-08-04T22:06:31.013Z</time>
      </trkpt>
      <trkpt lat="19.188048" lon="-98.681432">
        <ele>3720.194</ele>
        <time>2024-08-04T22:06:36.013Z</time>
      </trkpt>
      <trkpt lat="19.188095" lon="-98.681420">
        <ele>3718.836</ele>
        <time>2024-08-04T22:06:40.013Z</time>
      </trkpt>
      <trkpt lat="19.188145" lon="-98.681405">
        <ele>3718.225</ele>
        <time>2024-08-04T22:06:44.013Z</time>
      </trkpt>
      <trkpt lat="19.188193" lon="-98.681395">
        <ele>3718.228</ele>
        <time>2024-08-04T22:06:49.013Z</time>
      </trkpt>
      <trkpt lat="19.188238" lon="-98.681377">
        <ele>3717.986</ele>
        <time>2024-08-04T22:06:54.013Z</time>
      </trkpt>
      <trkpt lat="19.188293" lon="-98.681381">
        <ele>3718.349</ele>
        <time>2024-08-04T22:07:07.013Z</time>
      </trkpt>
      <trkpt lat="19.188346" lon="-98.681369">
        <ele>3718.794</ele>
        <time>2024-08-04T22:07:12.013Z</time>
      </trkpt>
      <trkpt lat="19.188368" lon="-98.681416">
        <ele>3721.786</ele>
        <time>2024-08-04T22:07:38.013Z</time>
      </trkpt>
      <trkpt lat="19.188418" lon="-98.681417">
        <ele>3723.759</ele>
        <time>2024-08-04T22:07:42.013Z</time>
      </trkpt>
      <trkpt lat="19.188466" lon="-98.681410">
        <ele>3724.103</ele>
        <time>2024-08-04T22:07:46.013Z</time>
      </trkpt>
      <trkpt lat="19.188518" lon="-98.681413">
        <ele>3724.223</ele>
        <time>2024-08-04T22:07:50.013Z</time>
      </trkpt>
      <trkpt lat="19.188565" lon="-98.681424">
        <ele>3724.109</ele>
        <time>2024-08-04T22:07:54.013Z</time>
      </trkpt>
      <trkpt lat="19.188615" lon="-98.681434">
        <ele>3724.176</ele>
        <time>2024-08-04T22:07:58.013Z</time>
      </trkpt>
      <trkpt lat="19.188660" lon="-98.681445">
        <ele>3724.172</ele>
        <time>2024-08-04T22:08:02.013Z</time>
      </trkpt>
      <trkpt lat="19.188708" lon="-98.681460">
        <ele>3723.974</ele>
        <time>2024-08-04T22:08:06.013Z</time>
      </trkpt>
      <trkpt lat="19.188757" lon="-98.681467">
        <ele>3723.733</ele>
        <time>2024-08-04T22:08:10.013Z</time>
      </trkpt>
      <trkpt lat="19.188812" lon="-98.681485">
        <ele>3723.776</ele>
        <time>2024-08-04T22:08:15.013Z</time>
      </trkpt>
      <trkpt lat="19.188864" lon="-98.681500">
        <ele>3723.624</ele>
        <time>2024-08-04T22:08:19.013Z</time>
      </trkpt>
      <trkpt lat="19.188917" lon="-98.681515">
        <ele>3723.557</ele>
        <time>2024-08-04T22:08:23.013Z</time>
      </trkpt>
      <trkpt lat="19.188970" lon="-98.681528">
        <ele>3723.572</ele>
        <time>2024-08-04T22:08:27.013Z</time>
      </trkpt>
      <trkpt lat="19.189021" lon="-98.681540">
        <ele>3722.314</ele>
        <time>2024-08-04T22:08:31.013Z</time>
      </trkpt>
      <trkpt lat="19.189077" lon="-98.681537">
        <ele>3721.632</ele>
        <time>2024-08-04T22:08:35.013Z</time>
      </trkpt>
      <trkpt lat="19.189122" lon="-98.681541">
        <ele>3721.292</ele>
        <time>2024-08-04T22:08:38.013Z</time>
      </trkpt>
      <trkpt lat="19.189166" lon="-98.681564">
        <ele>3720.911</ele>
        <time>2024-08-04T22:08:41.013Z</time>
      </trkpt>
      <trkpt lat="19.189209" lon="-98.681598">
        <ele>3720.409</ele>
        <time>2024-08-04T22:08:44.013Z</time>
      </trkpt>
      <trkpt lat="19.189247" lon="-98.681628">
        <ele>3718.744</ele>
        <time>2024-08-04T22:08:47.013Z</time>
      </trkpt>
      <trkpt lat="19.189297" lon="-98.681651">
        <ele>3717.240</ele>
        <time>2024-08-04T22:08:51.013Z</time>
      </trkpt>
      <trkpt lat="19.189342" lon="-98.681692">
        <ele>3716.842</ele>
        <time>2024-08-04T22:08:55.013Z</time>
      </trkpt>
      <trkpt lat="19.189377" lon="-98.681724">
        <ele>3716.591</ele>
        <time>2024-08-04T22:08:58.013Z</time>
      </trkpt>
      <trkpt lat="19.189409" lon="-98.681777">
        <ele>3715.114</ele>
        <time>2024-08-04T22:09:02.013Z</time>
      </trkpt>
      <trkpt lat="19.189355" lon="-98.681784">
        <ele>3715.132</ele>
        <time>2024-08-04T22:09:05.013Z</time>
      </trkpt>
      <trkpt lat="19.189400" lon="-98.681795">
        <ele>3715.685</ele>
        <time>2024-08-04T22:09:13.013Z</time>
      </trkpt>
      <trkpt lat="19.189458" lon="-98.681790">
        <ele>3715.830</ele>
        <time>2024-08-04T22:09:17.013Z</time>
      </trkpt>
      <trkpt lat="19.189513" lon="-98.681771">
        <ele>3715.822</ele>
        <time>2024-08-04T22:09:21.013Z</time>
      </trkpt>
      <trkpt lat="19.189558" lon="-98.681750">
        <ele>3715.873</ele>
        <time>2024-08-04T22:09:24.013Z</time>
      </trkpt>
      <trkpt lat="19.189602" lon="-98.681760">
        <ele>3712.085</ele>
        <time>2024-08-04T22:09:39.013Z</time>
      </trkpt>
      <trkpt lat="19.189649" lon="-98.681800">
        <ele>3712.013</ele>
        <time>2024-08-04T22:09:43.013Z</time>
      </trkpt>
      <trkpt lat="19.189707" lon="-98.681816">
        <ele>3711.509</ele>
        <time>2024-08-04T22:09:47.013Z</time>
      </trkpt>
      <trkpt lat="19.189766" lon="-98.681843">
        <ele>3710.938</ele>
        <time>2024-08-04T22:09:50.013Z</time>
      </trkpt>
      <trkpt lat="19.189812" lon="-98.681853">
        <ele>3710.264</ele>
        <time>2024-08-04T22:09:52.013Z</time>
      </trkpt>
      <trkpt lat="19.189857" lon="-98.681873">
        <ele>3706.296</ele>
        <time>2024-08-04T22:09:54.013Z</time>
      </trkpt>
      <trkpt lat="19.189901" lon="-98.681891">
        <ele>3704.445</ele>
        <time>2024-08-04T22:09:56.013Z</time>
      </trkpt>
      <trkpt lat="19.189944" lon="-98.681904">
        <ele>3703.488</ele>
        <time>2024-08-04T22:09:58.013Z</time>
      </trkpt>
      <trkpt lat="19.189993" lon="-98.681908">
        <ele>3702.576</ele>
        <time>2024-08-04T22:10:00.013Z</time>
      </trkpt>
      <trkpt lat="19.190036" lon="-98.681923">
        <ele>3701.899</ele>
        <time>2024-08-04T22:10:02.013Z</time>
      </trkpt>
      <trkpt lat="19.190077" lon="-98.681963">
        <ele>3701.064</ele>
        <time>2024-08-04T22:10:04.013Z</time>
      </trkpt>
      <trkpt lat="19.190116" lon="-98.681992">
        <ele>3699.656</ele>
        <time>2024-08-04T22:10:06.013Z</time>
      </trkpt>
      <trkpt lat="19.190163" lon="-98.682020">
        <ele>3697.821</ele>
        <time>2024-08-04T22:10:08.013Z</time>
      </trkpt>
      <trkpt lat="19.190208" lon="-98.682052">
        <ele>3696.541</ele>
        <time>2024-08-04T22:10:10.013Z</time>
      </trkpt>
      <trkpt lat="19.190244" lon="-98.682084">
        <ele>3695.405</ele>
        <time>2024-08-04T22:10:12.013Z</time>
      </trkpt>
      <trkpt lat="19.190306" lon="-98.682122">
        <ele>3694.609</ele>
        <time>2024-08-04T22:10:15.013Z</time>
      </trkpt>
      <trkpt lat="19.190357" lon="-98.682146">
        <ele>3694.563</ele>
        <time>2024-08-04T22:10:17.013Z</time>
      </trkpt>
      <trkpt lat="19.190413" lon="-98.682172">
        <ele>3691.769</ele>
        <time>2024-08-04T22:10:19.013Z</time>
      </trkpt>
      <trkpt lat="19.190466" lon="-98.682198">
        <ele>3691.441</ele>
        <time>2024-08-04T22:10:21.013Z</time>
      </trkpt>
      <trkpt lat="19.190519" lon="-98.682224">
        <ele>3689.770</ele>
        <time>2024-08-04T22:10:23.013Z</time>
      </trkpt>
      <trkpt lat="19.190573" lon="-98.682250">
        <ele>3689.433</ele>
        <time>2024-08-04T22:10:25.013Z</time>
      </trkpt>
      <trkpt lat="19.190625" lon="-98.682278">
        <ele>3688.781</ele>
        <time>2024-08-04T22:10:27.013Z</time>
      </trkpt>
      <trkpt lat="19.190668" lon="-98.682308">
        <ele>3687.384</ele>
        <time>2024-08-04T22:10:29.013Z</time>
      </trkpt>
      <trkpt lat="19.190722" lon="-98.682336">
        <ele>3686.039</ele>
        <time>2024-08-04T22:10:31.013Z</time>
      </trkpt>
      <trkpt lat="19.190770" lon="-98.682367">
        <ele>3684.631</ele>
        <time>2024-08-04T22:10:33.013Z</time>
      </trkpt>
      <trkpt lat="19.190820" lon="-98.682402">
        <ele>3683.797</ele>
        <time>2024-08-04T22:10:35.013Z</time>
      </trkpt>
      <trkpt lat="19.190864" lon="-98.682428">
        <ele>3683.223</ele>
        <time>2024-08-04T22:10:37.013Z</time>
      </trkpt>
      <trkpt lat="19.190922" lon="-98.682452">
        <ele>3682.325</ele>
        <time>2024-08-04T22:10:39.013Z</time>
      </trkpt>
      <trkpt lat="19.190975" lon="-98.682496">
        <ele>3680.709</ele>
        <time>2024-08-04T22:10:42.013Z</time>
      </trkpt>
      <trkpt lat="19.191021" lon="-98.682525">
        <ele>3680.380</ele>
        <time>2024-08-04T22:10:44.013Z</time>
      </trkpt>
      <trkpt lat="19.191066" lon="-98.682549">
        <ele>3680.136</ele>
        <time>2024-08-04T22:10:46.013Z</time>
      </trkpt>
      <trkpt lat="19.191109" lon="-98.682592">
        <ele>3677.868</ele>
        <time>2024-08-04T22:10:51.013Z</time>
      </trkpt>
      <trkpt lat="19.191156" lon="-98.682611">
        <ele>3676.047</ele>
        <time>2024-08-04T22:10:54.013Z</time>
      </trkpt>
      <trkpt lat="19.191201" lon="-98.682627">
        <ele>3675.430</ele>
        <time>2024-08-04T22:10:58.013Z</time>
      </trkpt>
      <trkpt lat="19.191252" lon="-98.682659">
        <ele>3674.898</ele>
        <time>2024-08-04T22:11:02.013Z</time>
      </trkpt>
      <trkpt lat="19.191291" lon="-98.682684">
        <ele>3673.151</ele>
        <time>2024-08-04T22:11:05.013Z</time>
      </trkpt>
      <trkpt lat="19.191335" lon="-98.682718">
        <ele>3670.726</ele>
        <time>2024-08-04T22:11:09.013Z</time>
      </trkpt>
      <trkpt lat="19.191376" lon="-98.682739">
        <ele>3669.268</ele>
        <time>2024-08-04T22:11:12.013Z</time>
      </trkpt>
      <trkpt lat="19.191412" lon="-98.682771">
        <ele>3668.415</ele>
        <time>2024-08-04T22:11:15.013Z</time>
      </trkpt>
      <trkpt lat="19.191460" lon="-98.682808">
        <ele>3667.765</ele>
        <time>2024-08-04T22:11:19.013Z</time>
      </trkpt>
      <trkpt lat="19.191510" lon="-98.682838">
        <ele>3667.011</ele>
        <time>2024-08-04T22:11:23.013Z</time>
      </trkpt>
      <trkpt lat="19.191551" lon="-98.682874">
        <ele>3666.509</ele>
        <time>2024-08-04T22:11:27.013Z</time>
      </trkpt>
      <trkpt lat="19.191580" lon="-98.682917">
        <ele>3666.212</ele>
        <time>2024-08-04T22:11:31.013Z</time>
      </trkpt>
      <trkpt lat="19.191621" lon="-98.682950">
        <ele>3665.618</ele>
        <time>2024-08-04T22:11:35.013Z</time>
      </trkpt>
      <trkpt lat="19.191664" lon="-98.682981">
        <ele>3664.910</ele>
        <time>2024-08-04T22:11:39.013Z</time>
      </trkpt>
      <trkpt lat="19.191720" lon="-98.683006">
        <ele>3664.559</ele>
        <time>2024-08-04T22:11:43.013Z</time>
      </trkpt>
      <trkpt lat="19.191757" lon="-98.683034">
        <ele>3663.792</ele>
        <time>2024-08-04T22:11:46.013Z</time>
      </trkpt>
      <trkpt lat="19.191803" lon="-98.683055">
        <ele>3661.950</ele>
        <time>2024-08-04T22:11:50.013Z</time>
      </trkpt>
      <trkpt lat="19.191849" lon="-98.683081">
        <ele>3661.623</ele>
        <time>2024-08-04T22:11:54.013Z</time>
      </trkpt>
      <trkpt lat="19.191897" lon="-98.683103">
        <ele>3661.238</ele>
        <time>2024-08-04T22:11:58.013Z</time>
      </trkpt>
      <trkpt lat="19.191944" lon="-98.683132">
        <ele>3660.010</ele>
        <time>2024-08-04T22:12:02.013Z</time>
      </trkpt>
      <trkpt lat="19.191988" lon="-98.683144">
        <ele>3658.513</ele>
        <time>2024-08-04T22:12:05.013Z</time>
      </trkpt>
      <trkpt lat="19.192040" lon="-98.683154">
        <ele>3656.943</ele>
        <time>2024-08-04T22:12:09.013Z</time>
      </trkpt>
      <trkpt lat="19.192092" lon="-98.683168">
        <ele>3656.007</ele>
        <time>2024-08-04T22:12:13.013Z</time>
      </trkpt>
      <trkpt lat="19.192139" lon="-98.683188">
        <ele>3655.409</ele>
        <time>2024-08-04T22:12:17.013Z</time>
      </trkpt>
      <trkpt lat="19.192190" lon="-98.683195">
        <ele>3654.852</ele>
        <time>2024-08-04T22:12:21.013Z</time>
      </trkpt>
      <trkpt lat="19.192238" lon="-98.683204">
        <ele>3653.758</ele>
        <time>2024-08-04T22:12:25.013Z</time>
      </trkpt>
      <trkpt lat="19.192288" lon="-98.683231">
        <ele>3653.430</ele>
        <time>2024-08-04T22:12:29.013Z</time>
      </trkpt>
      <trkpt lat="19.192334" lon="-98.683263">
        <ele>3653.149</ele>
        <time>2024-08-04T22:12:33.013Z</time>
      </trkpt>
      <trkpt lat="19.192380" lon="-98.683293">
        <ele>3652.842</ele>
        <time>2024-08-04T22:12:37.013Z</time>
      </trkpt>
      <trkpt lat="19.192423" lon="-98.683326">
        <ele>3651.150</ele>
        <time>2024-08-04T22:12:41.013Z</time>
      </trkpt>
      <trkpt lat="19.192463" lon="-98.683361">
        <ele>3650.943</ele>
        <time>2024-08-04T22:12:45.013Z</time>
      </trkpt>
      <trkpt lat="19.192507" lon="-98.683384">
        <ele>3650.468</ele>
        <time>2024-08-04T22:12:49.013Z</time>
      </trkpt>
      <trkpt lat="19.192548" lon="-98.683418">
        <ele>3648.950</ele>
        <time>2024-08-04T22:12:53.013Z</time>
      </trkpt>
      <trkpt lat="19.192596" lon="-98.683442">
        <ele>3648.276</ele>
        <time>2024-08-04T22:12:57.013Z</time>
      </trkpt>
      <trkpt lat="19.192650" lon="-98.683469">
        <ele>3648.290</ele>
        <time>2024-08-04T22:13:01.013Z</time>
      </trkpt>
      <trkpt lat="19.192700" lon="-98.683493">
        <ele>3647.719</ele>
        <time>2024-08-04T22:13:05.013Z</time>
      </trkpt>
      <trkpt lat="19.192748" lon="-98.683525">
        <ele>3647.709</ele>
        <time>2024-08-04T22:13:09.013Z</time>
      </trkpt>
      <trkpt lat="19.192788" lon="-98.683547">
        <ele>3646.288</ele>
        <time>2024-08-04T22:13:12.013Z</time>
      </trkpt>
      <trkpt lat="19.192835" lon="-98.683579">
        <ele>3645.344</ele>
        <time>2024-08-04T22:13:16.013Z</time>
      </trkpt>
      <trkpt lat="19.192886" lon="-98.683603">
        <ele>3644.336</ele>
        <time>2024-08-04T22:13:20.013Z</time>
      </trkpt>
      <trkpt lat="19.192932" lon="-98.683635">
        <ele>3644.265</ele>
        <time>2024-08-04T22:13:24.013Z</time>
      </trkpt>
      <trkpt lat="19.192975" lon="-98.683669">
        <ele>3644.218</ele>
        <time>2024-08-04T22:13:28.013Z</time>
      </trkpt>
      <trkpt lat="19.193012" lon="-98.683708">
        <ele>3644.126</ele>
        <time>2024-08-04T22:13:32.013Z</time>
      </trkpt>
      <trkpt lat="19.193050" lon="-98.683741">
        <ele>3644.269</ele>
        <time>2024-08-04T22:13:40.013Z</time>
      </trkpt>
      <trkpt lat="19.193086" lon="-98.683774">
        <ele>3648.294</ele>
        <time>2024-08-04T22:14:57.013Z</time>
      </trkpt>
      <trkpt lat="19.193136" lon="-98.683791">
        <ele>3648.216</ele>
        <time>2024-08-04T22:15:02.013Z</time>
      </trkpt>
      <trkpt lat="19.193172" lon="-98.683822">
        <ele>3648.246</ele>
        <time>2024-08-04T22:15:07.013Z</time>
      </trkpt>
      <trkpt lat="19.193215" lon="-98.683845">
        <ele>3648.288</ele>
        <time>2024-08-04T22:15:11.013Z</time>
      </trkpt>
      <trkpt lat="19.193264" lon="-98.683863">
        <ele>3648.116</ele>
        <time>2024-08-04T22:15:16.013Z</time>
      </trkpt>
      <trkpt lat="19.193308" lon="-98.683888">
        <ele>3643.109</ele>
        <time>2024-08-04T22:15:21.013Z</time>
      </trkpt>
      <trkpt lat="19.193354" lon="-98.683911">
        <ele>3638.865</ele>
        <time>2024-08-04T22:17:43.013Z</time>
      </trkpt>
      <trkpt lat="19.193397" lon="-98.683948">
        <ele>3638.871</ele>
        <time>2024-08-04T22:17:48.013Z</time>
      </trkpt>
      <trkpt lat="19.193436" lon="-98.683984">
        <ele>3638.853</ele>
        <time>2024-08-04T22:17:53.013Z</time>
      </trkpt>
      <trkpt lat="19.193471" lon="-98.684023">
        <ele>3638.712</ele>
        <time>2024-08-04T22:17:57.013Z</time>
      </trkpt>
      <trkpt lat="19.193501" lon="-98.684060">
        <ele>3638.365</ele>
        <time>2024-08-04T22:18:01.013Z</time>
      </trkpt>
      <trkpt lat="19.193537" lon="-98.684090">
        <ele>3633.633</ele>
        <time>2024-08-04T22:18:05.013Z</time>
      </trkpt>
      <trkpt lat="19.193579" lon="-98.684112">
        <ele>3633.046</ele>
        <time>2024-08-04T22:18:09.013Z</time>
      </trkpt>
      <trkpt lat="19.193624" lon="-98.684142">
        <ele>3632.111</ele>
        <time>2024-08-04T22:18:14.013Z</time>
      </trkpt>
      <trkpt lat="19.193661" lon="-98.684170">
        <ele>3631.823</ele>
        <time>2024-08-04T22:18:18.013Z</time>
      </trkpt>
      <trkpt lat="19.193694" lon="-98.684207">
        <ele>3631.196</ele>
        <time>2024-08-04T22:18:23.013Z</time>
      </trkpt>
      <trkpt lat="19.193737" lon="-98.684238">
        <ele>3630.031</ele>
        <time>2024-08-04T22:18:29.013Z</time>
      </trkpt>
      <trkpt lat="19.193786" lon="-98.684253">
        <ele>3629.324</ele>
        <time>2024-08-04T22:18:33.013Z</time>
      </trkpt>
      <trkpt lat="19.193829" lon="-98.684228">
        <ele>3628.409</ele>
        <time>2024-08-04T22:18:38.013Z</time>
      </trkpt>
      <trkpt lat="19.193869" lon="-98.684205">
        <ele>3628.640</ele>
        <time>2024-08-04T22:18:43.013Z</time>
      </trkpt>
      <trkpt lat="19.193910" lon="-98.684172">
        <ele>3628.966</ele>
        <time>2024-08-04T22:18:50.013Z</time>
      </trkpt>
      <trkpt lat="19.193962" lon="-98.684179">
        <ele>3629.948</ele>
        <time>2024-08-04T22:18:55.013Z</time>
      </trkpt>
      <trkpt lat="19.193986" lon="-98.684224">
        <ele>3630.247</ele>
        <time>2024-08-04T22:19:00.013Z</time>
      </trkpt>
      <trkpt lat="19.194014" lon="-98.684276">
        <ele>3630.210</ele>
        <time>2024-08-04T22:19:05.013Z</time>
      </trkpt>
      <trkpt lat="19.194043" lon="-98.684316">
        <ele>3630.088</ele>
        <time>2024-08-04T22:19:09.013Z</time>
      </trkpt>
      <trkpt lat="19.194084" lon="-98.684356">
        <ele>3629.971</ele>
        <time>2024-08-04T22:19:14.013Z</time>
      </trkpt>
      <trkpt lat="19.194131" lon="-98.684387">
        <ele>3629.926</ele>
        <time>2024-08-04T22:19:19.013Z</time>
      </trkpt>
      <trkpt lat="19.194179" lon="-98.684415">
        <ele>3630.048</ele>
        <time>2024-08-04T22:19:24.013Z</time>
      </trkpt>
      <trkpt lat="19.194226" lon="-98.684439">
        <ele>3630.259</ele>
        <time>2024-08-04T22:19:29.013Z</time>
      </trkpt>
      <trkpt lat="19.194277" lon="-98.684454">
        <ele>3630.503</ele>
        <time>2024-08-04T22:19:34.013Z</time>
      </trkpt>
      <trkpt lat="19.194320" lon="-98.684470">
        <ele>3630.723</ele>
        <time>2024-08-04T22:19:40.013Z</time>
      </trkpt>
      <trkpt lat="19.194362" lon="-98.684494">
        <ele>3630.609</ele>
        <time>2024-08-04T22:19:50.013Z</time>
      </trkpt>
      <trkpt lat="19.194409" lon="-98.684519">
        <ele>3630.816</ele>
        <time>2024-08-04T22:19:55.013Z</time>
      </trkpt>
      <trkpt lat="19.194456" lon="-98.684544">
        <ele>3630.912</ele>
        <time>2024-08-04T22:20:01.013Z</time>
      </trkpt>
      <trkpt lat="19.194502" lon="-98.684566">
        <ele>3630.934</ele>
        <time>2024-08-04T22:20:07.013Z</time>
      </trkpt>
      <trkpt lat="19.194548" lon="-98.684597">
        <ele>3631.053</ele>
        <time>2024-08-04T22:20:18.013Z</time>
      </trkpt>
      <trkpt lat="19.194593" lon="-98.684625">
        <ele>3631.836</ele>
        <time>2024-08-04T22:20:33.013Z</time>
      </trkpt>
      <trkpt lat="19.194642" lon="-98.684651">
        <ele>3631.914</ele>
        <time>2024-08-04T22:20:39.013Z</time>
      </trkpt>
      <trkpt lat="19.194687" lon="-98.684677">
        <ele>3631.857</ele>
        <time>2024-08-04T22:20:44.013Z</time>
      </trkpt>
      <trkpt lat="19.194733" lon="-98.684702">
        <ele>3631.932</ele>
        <time>2024-08-04T22:20:49.013Z</time>
      </trkpt>
      <trkpt lat="19.194784" lon="-98.684725">
        <ele>3631.614</ele>
        <time>2024-08-04T22:20:54.013Z</time>
      </trkpt>
      <trkpt lat="19.194821" lon="-98.684754">
        <ele>3629.715</ele>
        <time>2024-08-04T22:20:58.013Z</time>
      </trkpt>
      <trkpt lat="19.194862" lon="-98.684784">
        <ele>3629.165</ele>
        <time>2024-08-04T22:21:03.013Z</time>
      </trkpt>
      <trkpt lat="19.194903" lon="-98.684818">
        <ele>3628.611</ele>
        <time>2024-08-04T22:21:19.013Z</time>
      </trkpt>
      <trkpt lat="19.194947" lon="-98.684841">
        <ele>3628.609</ele>
        <time>2024-08-04T22:21:25.013Z</time>
      </trkpt>
      <trkpt lat="19.194985" lon="-98.684869">
        <ele>3628.692</ele>
        <time>2024-08-04T22:21:30.013Z</time>
      </trkpt>
      <trkpt lat="19.195025" lon="-98.684900">
        <ele>3628.678</ele>
        <time>2024-08-04T22:21:35.013Z</time>
      </trkpt>
      <trkpt lat="19.195067" lon="-98.684934">
        <ele>3628.680</ele>
        <time>2024-08-04T22:21:40.013Z</time>
      </trkpt>
      <trkpt lat="19.195109" lon="-98.684964">
        <ele>3628.749</ele>
        <time>2024-08-04T22:21:45.013Z</time>
      </trkpt>
      <trkpt lat="19.195153" lon="-98.684997">
        <ele>3628.892</ele>
        <time>2024-08-04T22:21:50.013Z</time>
      </trkpt>
      <trkpt lat="19.195198" lon="-98.685024">
        <ele>3628.670</ele>
        <time>2024-08-04T22:21:55.013Z</time>
      </trkpt>
      <trkpt lat="19.195245" lon="-98.685057">
        <ele>3628.183</ele>
        <time>2024-08-04T22:22:00.013Z</time>
      </trkpt>
      <trkpt lat="19.195291" lon="-98.685090">
        <ele>3627.858</ele>
        <time>2024-08-04T22:22:05.013Z</time>
      </trkpt>
      <trkpt lat="19.195336" lon="-98.685122">
        <ele>3626.350</ele>
        <time>2024-08-04T22:22:10.013Z</time>
      </trkpt>
      <trkpt lat="19.195382" lon="-98.685151">
        <ele>3625.996</ele>
        <time>2024-08-04T22:22:15.013Z</time>
      </trkpt>
      <trkpt lat="19.195427" lon="-98.685181">
        <ele>3625.831</ele>
        <time>2024-08-04T22:22:20.013Z</time>
      </trkpt>
      <trkpt lat="19.195464" lon="-98.685213">
        <ele>3625.724</ele>
        <time>2024-08-04T22:22:24.013Z</time>
      </trkpt>
      <trkpt lat="19.195502" lon="-98.685246">
        <ele>3625.309</ele>
        <time>2024-08-04T22:22:28.013Z</time>
      </trkpt>
      <trkpt lat="19.195538" lon="-98.685279">
        <ele>3624.960</ele>
        <time>2024-08-04T22:22:32.013Z</time>
      </trkpt>
      <trkpt lat="19.195577" lon="-98.685302">
        <ele>3624.946</ele>
        <time>2024-08-04T22:22:36.013Z</time>
      </trkpt>
      <trkpt lat="19.195620" lon="-98.685332">
        <ele>3624.748</ele>
        <time>2024-08-04T22:22:41.013Z</time>
      </trkpt>
      <trkpt lat="19.195667" lon="-98.685366">
        <ele>3624.427</ele>
        <time>2024-08-04T22:22:46.013Z</time>
      </trkpt>
      <trkpt lat="19.195706" lon="-98.685397">
        <ele>3624.230</ele>
        <time>2024-08-04T22:22:50.013Z</time>
      </trkpt>
      <trkpt lat="19.195750" lon="-98.685429">
        <ele>3624.198</ele>
        <time>2024-08-04T22:22:54.013Z</time>
      </trkpt>
      <trkpt lat="19.195792" lon="-98.685456">
        <ele>3624.191</ele>
        <time>2024-08-04T22:22:58.013Z</time>
      </trkpt>
      <trkpt lat="19.195828" lon="-98.685487">
        <ele>3624.136</ele>
        <time>2024-08-04T22:23:02.013Z</time>
      </trkpt>
      <trkpt lat="19.195863" lon="-98.685517">
        <ele>3623.998</ele>
        <time>2024-08-04T22:23:06.013Z</time>
      </trkpt>
      <trkpt lat="19.195899" lon="-98.685554">
        <ele>3623.165</ele>
        <time>2024-08-04T22:23:10.013Z</time>
      </trkpt>
      <trkpt lat="19.195936" lon="-98.685591">
        <ele>3622.568</ele>
        <time>2024-08-04T22:23:14.013Z</time>
      </trkpt>
      <trkpt lat="19.195974" lon="-98.685625">
        <ele>3621.814</ele>
        <time>2024-08-04T22:23:18.013Z</time>
      </trkpt>
      <trkpt lat="19.196011" lon="-98.685658">
        <ele>3621.809</ele>
        <time>2024-08-04T22:23:22.013Z</time>
      </trkpt>
      <trkpt lat="19.196045" lon="-98.685692">
        <ele>3621.737</ele>
        <time>2024-08-04T22:23:26.013Z</time>
      </trkpt>
      <trkpt lat="19.196080" lon="-98.685723">
        <ele>3622.073</ele>
        <time>2024-08-04T22:23:30.013Z</time>
      </trkpt>
      <trkpt lat="19.196122" lon="-98.685761">
        <ele>3622.015</ele>
        <time>2024-08-04T22:23:35.013Z</time>
      </trkpt>
      <trkpt lat="19.196159" lon="-98.685797">
        <ele>3621.914</ele>
        <time>2024-08-04T22:23:39.013Z</time>
      </trkpt>
      <trkpt lat="19.196193" lon="-98.685836">
        <ele>3621.977</ele>
        <time>2024-08-04T22:23:43.013Z</time>
      </trkpt>
      <trkpt lat="19.196226" lon="-98.685873">
        <ele>3621.925</ele>
        <time>2024-08-04T22:23:47.013Z</time>
      </trkpt>
      <trkpt lat="19.196263" lon="-98.685906">
        <ele>3621.988</ele>
        <time>2024-08-04T22:23:51.013Z</time>
      </trkpt>
      <trkpt lat="19.196303" lon="-98.685936">
        <ele>3622.263</ele>
        <time>2024-08-04T22:23:55.013Z</time>
      </trkpt>
      <trkpt lat="19.196339" lon="-98.685966">
        <ele>3623.025</ele>
        <time>2024-08-04T22:23:59.013Z</time>
      </trkpt>
      <trkpt lat="19.196375" lon="-98.685996">
        <ele>3623.034</ele>
        <time>2024-08-04T22:24:03.013Z</time>
      </trkpt>
      <trkpt lat="19.196409" lon="-98.686028">
        <ele>3623.055</ele>
        <time>2024-08-04T22:24:07.013Z</time>
      </trkpt>
      <trkpt lat="19.196452" lon="-98.686067">
        <ele>3622.410</ele>
        <time>2024-08-04T22:24:12.013Z</time>
      </trkpt>
      <trkpt lat="19.196485" lon="-98.686102">
        <ele>3622.109</ele>
        <time>2024-08-04T22:24:16.013Z</time>
      </trkpt>
      <trkpt lat="19.196505" lon="-98.686151">
        <ele>3622.034</ele>
        <time>2024-08-04T22:24:20.013Z</time>
      </trkpt>
      <trkpt lat="19.196537" lon="-98.686188">
        <ele>3622.090</ele>
        <time>2024-08-04T22:24:24.013Z</time>
      </trkpt>
      <trkpt lat="19.196577" lon="-98.686228">
        <ele>3622.162</ele>
        <time>2024-08-04T22:24:29.013Z</time>
      </trkpt>
      <trkpt lat="19.196614" lon="-98.686264">
        <ele>3622.611</ele>
        <time>2024-08-04T22:24:34.013Z</time>
      </trkpt>
      <trkpt lat="19.196649" lon="-98.686305">
        <ele>3622.944</ele>
        <time>2024-08-04T22:24:39.013Z</time>
      </trkpt>
      <trkpt lat="19.196688" lon="-98.686341">
        <ele>3623.992</ele>
        <time>2024-08-04T22:25:40.013Z</time>
      </trkpt>
      <trkpt lat="19.196717" lon="-98.686381">
        <ele>3623.945</ele>
        <time>2024-08-04T22:25:45.013Z</time>
      </trkpt>
      <trkpt lat="19.196750" lon="-98.686420">
        <ele>3623.920</ele>
        <time>2024-08-04T22:25:51.013Z</time>
      </trkpt>
      <trkpt lat="19.196778" lon="-98.686460">
        <ele>3623.982</ele>
        <time>2024-08-04T22:25:57.013Z</time>
      </trkpt>
      <trkpt lat="19.196808" lon="-98.686504">
        <ele>3624.062</ele>
        <time>2024-08-04T22:26:14.013Z</time>
      </trkpt>
      <trkpt lat="19.196847" lon="-98.686540">
        <ele>3623.383</ele>
        <time>2024-08-04T22:26:21.013Z</time>
      </trkpt>
      <trkpt lat="19.196887" lon="-98.686571">
        <ele>3623.311</ele>
        <time>2024-08-04T22:26:26.013Z</time>
      </trkpt>
      <trkpt lat="19.196931" lon="-98.686600">
        <ele>3623.309</ele>
        <time>2024-08-04T22:26:31.013Z</time>
      </trkpt>
      <trkpt lat="19.196970" lon="-98.686638">
        <ele>3623.297</ele>
        <time>2024-08-04T22:26:36.013Z</time>
      </trkpt>
      <trkpt lat="19.197010" lon="-98.686677">
        <ele>3618.713</ele>
        <time>2024-08-04T22:26:41.013Z</time>
      </trkpt>
      <trkpt lat="19.197046" lon="-98.686707">
        <ele>3617.065</ele>
        <time>2024-08-04T22:26:45.013Z</time>
      </trkpt>
      <trkpt lat="19.197093" lon="-98.686736">
        <ele>3616.184</ele>
        <time>2024-08-04T22:26:50.013Z</time>
      </trkpt>
      <trkpt lat="19.197134" lon="-98.686758">
        <ele>3615.797</ele>
        <time>2024-08-04T22:26:54.013Z</time>
      </trkpt>
      <trkpt lat="19.197172" lon="-98.686786">
        <ele>3614.485</ele>
        <time>2024-08-04T22:26:58.013Z</time>
      </trkpt>
      <trkpt lat="19.197215" lon="-98.686801">
        <ele>3612.448</ele>
        <time>2024-08-04T22:27:02.013Z</time>
      </trkpt>
      <trkpt lat="19.197250" lon="-98.686831">
        <ele>3610.773</ele>
        <time>2024-08-04T22:27:06.013Z</time>
      </trkpt>
      <trkpt lat="19.197283" lon="-98.686865">
        <ele>3609.815</ele>
        <time>2024-08-04T22:27:10.013Z</time>
      </trkpt>
      <trkpt lat="19.197319" lon="-98.686897">
        <ele>3608.541</ele>
        <time>2024-08-04T22:27:14.013Z</time>
      </trkpt>
      <trkpt lat="19.197349" lon="-98.686935">
        <ele>3607.981</ele>
        <time>2024-08-04T22:27:18.013Z</time>
      </trkpt>
      <trkpt lat="19.197384" lon="-98.686971">
        <ele>3607.609</ele>
        <time>2024-08-04T22:27:22.013Z</time>
      </trkpt>
      <trkpt lat="19.197414" lon="-98.687007">
        <ele>3607.309</ele>
        <time>2024-08-04T22:27:26.013Z</time>
      </trkpt>
      <trkpt lat="19.197447" lon="-98.687045">
        <ele>3607.235</ele>
        <time>2024-08-04T22:27:30.013Z</time>
      </trkpt>
      <trkpt lat="19.197485" lon="-98.687083">
        <ele>3607.111</ele>
        <time>2024-08-04T22:27:34.013Z</time>
      </trkpt>
      <trkpt lat="19.197523" lon="-98.687111">
        <ele>3606.513</ele>
        <time>2024-08-04T22:27:38.013Z</time>
      </trkpt>
      <trkpt lat="19.197557" lon="-98.687143">
        <ele>3606.142</ele>
        <time>2024-08-04T22:27:42.013Z</time>
      </trkpt>
      <trkpt lat="19.197592" lon="-98.687189">
        <ele>3605.185</ele>
        <time>2024-08-04T22:27:47.013Z</time>
      </trkpt>
      <trkpt lat="19.197629" lon="-98.687223">
        <ele>3604.793</ele>
        <time>2024-08-04T22:27:51.013Z</time>
      </trkpt>
      <trkpt lat="19.197662" lon="-98.687266">
        <ele>3604.366</ele>
        <time>2024-08-04T22:27:55.013Z</time>
      </trkpt>
      <trkpt lat="19.197678" lon="-98.687320">
        <ele>3603.661</ele>
        <time>2024-08-04T22:27:59.013Z</time>
      </trkpt>
      <trkpt lat="19.197659" lon="-98.687370">
        <ele>3603.623</ele>
        <time>2024-08-04T22:28:02.013Z</time>
      </trkpt>
      <trkpt lat="19.197615" lon="-98.687408">
        <ele>3603.635</ele>
        <time>2024-08-04T22:28:06.013Z</time>
      </trkpt>
      <trkpt lat="19.197566" lon="-98.687414">
        <ele>3604.286</ele>
        <time>2024-08-04T22:28:10.013Z</time>
      </trkpt>
      <trkpt lat="19.197522" lon="-98.687398">
        <ele>3606.014</ele>
        <time>2024-08-04T22:28:14.013Z</time>
      </trkpt>
      <trkpt lat="19.197470" lon="-98.687373">
        <ele>3606.109</ele>
        <time>2024-08-04T22:28:19.013Z</time>
      </trkpt>
      <trkpt lat="19.197417" lon="-98.687356">
        <ele>3606.134</ele>
        <time>2024-08-04T22:28:24.013Z</time>
      </trkpt>
      <trkpt lat="19.197362" lon="-98.687347">
        <ele>3605.960</ele>
        <time>2024-08-04T22:28:29.013Z</time>
      </trkpt>
      <trkpt lat="19.197317" lon="-98.687339">
        <ele>3605.682</ele>
        <time>2024-08-04T22:28:33.013Z</time>
      </trkpt>
      <trkpt lat="19.197269" lon="-98.687348">
        <ele>3604.981</ele>
        <time>2024-08-04T22:28:37.013Z</time>
      </trkpt>
      <trkpt lat="19.197229" lon="-98.687385">
        <ele>3604.224</ele>
        <time>2024-08-04T22:28:41.013Z</time>
      </trkpt>
      <trkpt lat="19.197183" lon="-98.687401">
        <ele>3603.912</ele>
        <time>2024-08-04T22:28:45.013Z</time>
      </trkpt>
      <trkpt lat="19.197138" lon="-98.687421">
        <ele>3603.775</ele>
        <time>2024-08-04T22:28:49.013Z</time>
      </trkpt>
      <trkpt lat="19.197101" lon="-98.687451">
        <ele>3603.320</ele>
        <time>2024-08-04T22:28:53.013Z</time>
      </trkpt>
      <trkpt lat="19.197095" lon="-98.687504">
        <ele>3603.152</ele>
        <time>2024-08-04T22:28:57.013Z</time>
      </trkpt>
      <trkpt lat="19.197093" lon="-98.687562">
        <ele>3602.234</ele>
        <time>2024-08-04T22:29:02.013Z</time>
      </trkpt>
      <trkpt lat="19.197119" lon="-98.687608">
        <ele>3600.955</ele>
        <time>2024-08-04T22:29:06.013Z</time>
      </trkpt>
      <trkpt lat="19.197143" lon="-98.687653">
        <ele>3598.510</ele>
        <time>2024-08-04T22:29:10.013Z</time>
      </trkpt>
      <trkpt lat="19.197172" lon="-98.687692">
        <ele>3594.209</ele>
        <time>2024-08-04T22:29:14.013Z</time>
      </trkpt>
      <trkpt lat="19.197217" lon="-98.687713">
        <ele>3590.974</ele>
        <time>2024-08-04T22:29:18.013Z</time>
      </trkpt>
      <trkpt lat="19.197264" lon="-98.687729">
        <ele>3588.890</ele>
        <time>2024-08-04T22:29:22.013Z</time>
      </trkpt>
      <trkpt lat="19.197328" lon="-98.687745">
        <ele>3586.432</ele>
        <time>2024-08-04T22:29:32.013Z</time>
      </trkpt>
      <trkpt lat="19.197373" lon="-98.687751">
        <ele>3586.311</ele>
        <time>2024-08-04T22:29:37.013Z</time>
      </trkpt>
      <trkpt lat="19.197427" lon="-98.687756">
        <ele>3586.134</ele>
        <time>2024-08-04T22:29:42.013Z</time>
      </trkpt>
      <trkpt lat="19.197475" lon="-98.687774">
        <ele>3586.082</ele>
        <time>2024-08-04T22:29:47.013Z</time>
      </trkpt>
      <trkpt lat="19.197514" lon="-98.687805">
        <ele>3585.825</ele>
        <time>2024-08-04T22:29:52.013Z</time>
      </trkpt>
      <trkpt lat="19.197554" lon="-98.687837">
        <ele>3584.340</ele>
        <time>2024-08-04T22:29:57.013Z</time>
      </trkpt>
      <trkpt lat="19.197583" lon="-98.687881">
        <ele>3584.072</ele>
        <time>2024-08-04T22:30:01.013Z</time>
      </trkpt>
      <trkpt lat="19.197625" lon="-98.687915">
        <ele>3583.623</ele>
        <time>2024-08-04T22:30:05.013Z</time>
      </trkpt>
      <trkpt lat="19.197652" lon="-98.687962">
        <ele>3583.183</ele>
        <time>2024-08-04T22:30:09.013Z</time>
      </trkpt>
      <trkpt lat="19.197668" lon="-98.688015">
        <ele>3582.311</ele>
        <time>2024-08-04T22:30:13.013Z</time>
      </trkpt>
      <trkpt lat="19.197686" lon="-98.688060">
        <ele>3581.309</ele>
        <time>2024-08-04T22:30:17.013Z</time>
      </trkpt>
      <trkpt lat="19.197712" lon="-98.688102">
        <ele>3581.093</ele>
        <time>2024-08-04T22:30:21.013Z</time>
      </trkpt>
      <trkpt lat="19.197749" lon="-98.688135">
        <ele>3580.939</ele>
        <time>2024-08-04T22:30:25.013Z</time>
      </trkpt>
      <trkpt lat="19.197780" lon="-98.688174">
        <ele>3580.021</ele>
        <time>2024-08-04T22:30:29.013Z</time>
      </trkpt>
      <trkpt lat="19.197814" lon="-98.688210">
        <ele>3578.180</ele>
        <time>2024-08-04T22:30:33.013Z</time>
      </trkpt>
      <trkpt lat="19.197846" lon="-98.688259">
        <ele>3578.183</ele>
        <time>2024-08-04T22:30:38.013Z</time>
      </trkpt>
      <trkpt lat="19.197876" lon="-98.688310">
        <ele>3578.121</ele>
        <time>2024-08-04T22:30:43.013Z</time>
      </trkpt>
      <trkpt lat="19.197901" lon="-98.688357">
        <ele>3578.054</ele>
        <time>2024-08-04T22:30:48.013Z</time>
      </trkpt>
      <trkpt lat="19.197933" lon="-98.688398">
        <ele>3577.979</ele>
        <time>2024-08-04T22:30:54.013Z</time>
      </trkpt>
      <trkpt lat="19.197961" lon="-98.688440">
        <ele>3577.721</ele>
        <time>2024-08-04T22:30:59.013Z</time>
      </trkpt>
      <trkpt lat="19.197984" lon="-98.688482">
        <ele>3577.561</ele>
        <time>2024-08-04T22:31:03.013Z</time>
      </trkpt>
      <trkpt lat="19.198019" lon="-98.688527">
        <ele>3576.721</ele>
        <time>2024-08-04T22:31:07.013Z</time>
      </trkpt>
      <trkpt lat="19.198044" lon="-98.688580">
        <ele>3576.113</ele>
        <time>2024-08-04T22:31:11.013Z</time>
      </trkpt>
      <trkpt lat="19.198077" lon="-98.688627">
        <ele>3575.809</ele>
        <time>2024-08-04T22:31:15.013Z</time>
      </trkpt>
      <trkpt lat="19.198106" lon="-98.688676">
        <ele>3574.677</ele>
        <time>2024-08-04T22:31:19.013Z</time>
      </trkpt>
      <trkpt lat="19.198133" lon="-98.688722">
        <ele>3574.483</ele>
        <time>2024-08-04T22:31:23.013Z</time>
      </trkpt>
      <trkpt lat="19.198160" lon="-98.688769">
        <ele>3575.195</ele>
        <time>2024-08-04T22:31:27.013Z</time>
      </trkpt>
      <trkpt lat="19.198181" lon="-98.688819">
        <ele>3575.214</ele>
        <time>2024-08-04T22:31:31.013Z</time>
      </trkpt>
      <trkpt lat="19.198193" lon="-98.688874">
        <ele>3575.357</ele>
        <time>2024-08-04T22:31:35.013Z</time>
      </trkpt>
      <trkpt lat="19.198209" lon="-98.688926">
        <ele>3575.585</ele>
        <time>2024-08-04T22:31:39.013Z</time>
      </trkpt>
      <trkpt lat="19.198213" lon="-98.688976">
        <ele>3575.488</ele>
        <time>2024-08-04T22:31:41.013Z</time>
      </trkpt>
      <trkpt lat="19.198233" lon="-98.689028">
        <ele>3575.493</ele>
        <time>2024-08-04T22:31:45.013Z</time>
      </trkpt>
      <trkpt lat="19.198260" lon="-98.689074">
        <ele>3575.735</ele>
        <time>2024-08-04T22:31:49.013Z</time>
      </trkpt>
      <trkpt lat="19.198289" lon="-98.689115">
        <ele>3576.625</ele>
        <time>2024-08-04T22:31:53.013Z</time>
      </trkpt>
      <trkpt lat="19.198301" lon="-98.689166">
        <ele>3576.726</ele>
        <time>2024-08-04T22:31:57.013Z</time>
      </trkpt>
      <trkpt lat="19.198320" lon="-98.689216">
        <ele>3576.708</ele>
        <time>2024-08-04T22:32:01.013Z</time>
      </trkpt>
      <trkpt lat="19.198333" lon="-98.689270">
        <ele>3576.409</ele>
        <time>2024-08-04T22:32:05.013Z</time>
      </trkpt>
      <trkpt lat="19.198358" lon="-98.689318">
        <ele>3576.483</ele>
        <time>2024-08-04T22:32:09.013Z</time>
      </trkpt>
      <trkpt lat="19.198378" lon="-98.689365">
        <ele>3576.149</ele>
        <time>2024-08-04T22:32:13.013Z</time>
      </trkpt>
      <trkpt lat="19.198391" lon="-98.689418">
        <ele>3575.931</ele>
        <time>2024-08-04T22:32:17.013Z</time>
      </trkpt>
      <trkpt lat="19.198390" lon="-98.689469">
        <ele>3575.470</ele>
        <time>2024-08-04T22:32:21.013Z</time>
      </trkpt>
      <trkpt lat="19.198409" lon="-98.689513">
        <ele>3575.093</ele>
        <time>2024-08-04T22:32:25.013Z</time>
      </trkpt>
      <trkpt lat="19.198429" lon="-98.689569">
        <ele>3574.741</ele>
        <time>2024-08-04T22:32:30.013Z</time>
      </trkpt>
      <trkpt lat="19.198441" lon="-98.689623">
        <ele>3572.814</ele>
        <time>2024-08-04T22:32:34.013Z</time>
      </trkpt>
      <trkpt lat="19.198454" lon="-98.689672">
        <ele>3569.749</ele>
        <time>2024-08-04T22:32:38.013Z</time>
      </trkpt>
      <trkpt lat="19.198469" lon="-98.689726">
        <ele>3568.161</ele>
        <time>2024-08-04T22:32:43.013Z</time>
      </trkpt>
      <trkpt lat="19.198471" lon="-98.689783">
        <ele>3568.198</ele>
        <time>2024-08-04T22:32:48.013Z</time>
      </trkpt>
      <trkpt lat="19.198491" lon="-98.689832">
        <ele>3568.115</ele>
        <time>2024-08-04T22:32:53.013Z</time>
      </trkpt>
      <trkpt lat="19.198496" lon="-98.689881">
        <ele>3568.026</ele>
        <time>2024-08-04T22:32:57.013Z</time>
      </trkpt>
      <trkpt lat="19.198501" lon="-98.689930">
        <ele>3568.009</ele>
        <time>2024-08-04T22:33:01.013Z</time>
      </trkpt>
      <trkpt lat="19.198510" lon="-98.689984">
        <ele>3568.030</ele>
        <time>2024-08-04T22:33:05.013Z</time>
      </trkpt>
      <trkpt lat="19.198530" lon="-98.690034">
        <ele>3567.636</ele>
        <time>2024-08-04T22:33:09.013Z</time>
      </trkpt>
      <trkpt lat="19.198551" lon="-98.690083">
        <ele>3566.668</ele>
        <time>2024-08-04T22:33:13.013Z</time>
      </trkpt>
      <trkpt lat="19.198579" lon="-98.690131">
        <ele>3564.977</ele>
        <time>2024-08-04T22:33:18.013Z</time>
      </trkpt>
      <trkpt lat="19.198602" lon="-98.690175">
        <ele>3564.660</ele>
        <time>2024-08-04T22:33:22.013Z</time>
      </trkpt>
      <trkpt lat="19.198623" lon="-98.690224">
        <ele>3563.858</ele>
        <time>2024-08-04T22:33:26.013Z</time>
      </trkpt>
      <trkpt lat="19.198649" lon="-98.690269">
        <ele>3562.611</ele>
        <time>2024-08-04T22:33:30.013Z</time>
      </trkpt>
      <trkpt lat="19.198681" lon="-98.690310">
        <ele>3562.226</ele>
        <time>2024-08-04T22:33:34.013Z</time>
      </trkpt>
      <trkpt lat="19.198717" lon="-98.690351">
        <ele>3561.728</ele>
        <time>2024-08-04T22:33:38.013Z</time>
      </trkpt>
      <trkpt lat="19.198737" lon="-98.690399">
        <ele>3559.354</ele>
        <time>2024-08-04T22:33:42.013Z</time>
      </trkpt>
      <trkpt lat="19.198762" lon="-98.690448">
        <ele>3556.656</ele>
        <time>2024-08-04T22:33:46.013Z</time>
      </trkpt>
      <trkpt lat="19.198777" lon="-98.690498">
        <ele>3554.811</ele>
        <time>2024-08-04T22:33:50.013Z</time>
      </trkpt>
      <trkpt lat="19.198801" lon="-98.690540">
        <ele>3553.109</ele>
        <time>2024-08-04T22:33:54.013Z</time>
      </trkpt>
      <trkpt lat="19.198829" lon="-98.690581">
        <ele>3552.496</ele>
        <time>2024-08-04T22:33:58.013Z</time>
      </trkpt>
      <trkpt lat="19.198858" lon="-98.690623">
        <ele>3552.142</ele>
        <time>2024-08-04T22:34:02.013Z</time>
      </trkpt>
      <trkpt lat="19.198888" lon="-98.690666">
        <ele>3551.424</ele>
        <time>2024-08-04T22:34:06.013Z</time>
      </trkpt>
      <trkpt lat="19.198923" lon="-98.690703">
        <ele>3550.353</ele>
        <time>2024-08-04T22:34:10.013Z</time>
      </trkpt>
      <trkpt lat="19.198947" lon="-98.690749">
        <ele>3549.976</ele>
        <time>2024-08-04T22:34:14.013Z</time>
      </trkpt>
      <trkpt lat="19.198974" lon="-98.690790">
        <ele>3549.264</ele>
        <time>2024-08-04T22:34:18.013Z</time>
      </trkpt>
      <trkpt lat="19.199007" lon="-98.690825">
        <ele>3549.067</ele>
        <time>2024-08-04T22:34:22.013Z</time>
      </trkpt>
      <trkpt lat="19.199045" lon="-98.690865">
        <ele>3548.772</ele>
        <time>2024-08-04T22:34:26.013Z</time>
      </trkpt>
      <trkpt lat="19.199086" lon="-98.690901">
        <ele>3547.964</ele>
        <time>2024-08-04T22:34:30.013Z</time>
      </trkpt>
      <trkpt lat="19.199112" lon="-98.690942">
        <ele>3546.456</ele>
        <time>2024-08-04T22:34:34.013Z</time>
      </trkpt>
      <trkpt lat="19.199099" lon="-98.690991">
        <ele>3545.959</ele>
        <time>2024-08-04T22:34:39.013Z</time>
      </trkpt>
      <trkpt lat="19.199087" lon="-98.691038">
        <ele>3545.514</ele>
        <time>2024-08-04T22:34:43.013Z</time>
      </trkpt>
      <trkpt lat="19.199099" lon="-98.691084">
        <ele>3544.609</ele>
        <time>2024-08-04T22:34:47.013Z</time>
      </trkpt>
      <trkpt lat="19.199116" lon="-98.691140">
        <ele>3544.196</ele>
        <time>2024-08-04T22:34:52.013Z</time>
      </trkpt>
      <trkpt lat="19.199154" lon="-98.691175">
        <ele>3543.882</ele>
        <time>2024-08-04T22:34:56.013Z</time>
      </trkpt>
      <trkpt lat="19.199186" lon="-98.691212">
        <ele>3543.024</ele>
        <time>2024-08-04T22:35:00.013Z</time>
      </trkpt>
      <trkpt lat="19.199184" lon="-98.691263">
        <ele>3541.933</ele>
        <time>2024-08-04T22:35:05.013Z</time>
      </trkpt>
      <trkpt lat="19.199185" lon="-98.691315">
        <ele>3540.246</ele>
        <time>2024-08-04T22:35:09.013Z</time>
      </trkpt>
      <trkpt lat="19.199181" lon="-98.691365">
        <ele>3539.044</ele>
        <time>2024-08-04T22:35:13.013Z</time>
      </trkpt>
      <trkpt lat="19.199204" lon="-98.691407">
        <ele>3537.297</ele>
        <time>2024-08-04T22:35:17.013Z</time>
      </trkpt>
      <trkpt lat="19.199195" lon="-98.691456">
        <ele>3535.992</ele>
        <time>2024-08-04T22:35:21.013Z</time>
      </trkpt>
      <trkpt lat="19.199217" lon="-98.691510">
        <ele>3535.284</ele>
        <time>2024-08-04T22:35:26.013Z</time>
      </trkpt>
      <trkpt lat="19.199203" lon="-98.691557">
        <ele>3535.034</ele>
        <time>2024-08-04T22:35:30.013Z</time>
      </trkpt>
      <trkpt lat="19.199207" lon="-98.691608">
        <ele>3534.555</ele>
        <time>2024-08-04T22:35:34.013Z</time>
      </trkpt>
      <trkpt lat="19.199177" lon="-98.691648">
        <ele>3533.710</ele>
        <time>2024-08-04T22:35:41.013Z</time>
      </trkpt>
      <trkpt lat="19.199167" lon="-98.691704">
        <ele>3533.709</ele>
        <time>2024-08-04T22:35:48.013Z</time>
      </trkpt>
      <trkpt lat="19.199189" lon="-98.691749">
        <ele>3533.554</ele>
        <time>2024-08-04T22:35:52.013Z</time>
      </trkpt>
      <trkpt lat="19.199216" lon="-98.691794">
        <ele>3533.320</ele>
        <time>2024-08-04T22:35:57.013Z</time>
      </trkpt>
      <trkpt lat="19.199237" lon="-98.691837">
        <ele>3532.552</ele>
        <time>2024-08-04T22:36:02.013Z</time>
      </trkpt>
      <trkpt lat="19.199251" lon="-98.691887">
        <ele>3531.081</ele>
        <time>2024-08-04T22:36:07.013Z</time>
      </trkpt>
      <trkpt lat="19.199281" lon="-98.691933">
        <ele>3527.814</ele>
        <time>2024-08-04T22:36:12.013Z</time>
      </trkpt>
      <trkpt lat="19.199269" lon="-98.691980">
        <ele>3525.332</ele>
        <time>2024-08-04T22:36:16.013Z</time>
      </trkpt>
      <trkpt lat="19.199278" lon="-98.692027">
        <ele>3523.965</ele>
        <time>2024-08-04T22:36:20.013Z</time>
      </trkpt>
      <trkpt lat="19.199303" lon="-98.692078">
        <ele>3523.850</ele>
        <time>2024-08-04T22:36:25.013Z</time>
      </trkpt>
      <trkpt lat="19.199346" lon="-98.692116">
        <ele>3521.212</ele>
        <time>2024-08-04T22:36:30.013Z</time>
      </trkpt>
      <trkpt lat="19.199383" lon="-98.692148">
        <ele>3518.492</ele>
        <time>2024-08-04T22:36:35.013Z</time>
      </trkpt>
      <trkpt lat="19.199389" lon="-98.692201">
        <ele>3517.973</ele>
        <time>2024-08-04T22:36:42.013Z</time>
      </trkpt>
      <trkpt lat="19.199382" lon="-98.692249">
        <ele>3517.420</ele>
        <time>2024-08-04T22:36:47.013Z</time>
      </trkpt>
      <trkpt lat="19.199396" lon="-98.692303">
        <ele>3517.209</ele>
        <time>2024-08-04T22:36:52.013Z</time>
      </trkpt>
      <trkpt lat="19.199393" lon="-98.692360">
        <ele>3516.840</ele>
        <time>2024-08-04T22:36:57.013Z</time>
      </trkpt>
      <trkpt lat="19.199405" lon="-98.692413">
        <ele>3513.856</ele>
        <time>2024-08-04T22:37:02.013Z</time>
      </trkpt>
      <trkpt lat="19.199401" lon="-98.692463">
        <ele>3510.948</ele>
        <time>2024-08-04T22:37:07.013Z</time>
      </trkpt>
      <trkpt lat="19.199392" lon="-98.692520">
        <ele>3508.637</ele>
        <time>2024-08-04T22:37:13.013Z</time>
      </trkpt>
      <trkpt lat="19.199385" lon="-98.692574">
        <ele>3507.250</ele>
        <time>2024-08-04T22:37:18.013Z</time>
      </trkpt>
      <trkpt lat="19.199405" lon="-98.692624">
        <ele>3506.078</ele>
        <time>2024-08-04T22:37:24.013Z</time>
      </trkpt>
      <trkpt lat="19.199409" lon="-98.692677">
        <ele>3505.841</ele>
        <time>2024-08-04T22:37:28.013Z</time>
      </trkpt>
      <trkpt lat="19.199435" lon="-98.692719">
        <ele>3503.326</ele>
        <time>2024-08-04T22:37:32.013Z</time>
      </trkpt>
      <trkpt lat="19.199469" lon="-98.692757">
        <ele>3501.818</ele>
        <time>2024-08-04T22:37:45.013Z</time>
      </trkpt>
      <trkpt lat="19.199504" lon="-98.692788">
        <ele>3500.726</ele>
        <time>2024-08-04T22:37:49.013Z</time>
      </trkpt>
      <trkpt lat="19.199547" lon="-98.692802">
        <ele>3500.347</ele>
        <time>2024-08-04T22:37:53.013Z</time>
      </trkpt>
      <trkpt lat="19.199586" lon="-98.692826">
        <ele>3499.511</ele>
        <time>2024-08-04T22:37:57.013Z</time>
      </trkpt>
      <trkpt lat="19.199609" lon="-98.692869">
        <ele>3498.709</ele>
        <time>2024-08-04T22:38:01.013Z</time>
      </trkpt>
      <trkpt lat="19.199625" lon="-98.692918">
        <ele>3498.363</ele>
        <time>2024-08-04T22:38:06.013Z</time>
      </trkpt>
      <trkpt lat="19.199629" lon="-98.692966">
        <ele>3498.119</ele>
        <time>2024-08-04T22:38:11.013Z</time>
      </trkpt>
      <trkpt lat="19.199609" lon="-98.693019">
        <ele>3497.771</ele>
        <time>2024-08-04T22:38:17.013Z</time>
      </trkpt>
      <trkpt lat="19.199614" lon="-98.693074">
        <ele>3495.410</ele>
        <time>2024-08-04T22:38:23.013Z</time>
      </trkpt>
      <trkpt lat="19.199606" lon="-98.693129">
        <ele>3492.523</ele>
        <time>2024-08-04T22:38:29.013Z</time>
      </trkpt>
      <trkpt lat="19.199612" lon="-98.693180">
        <ele>3492.341</ele>
        <time>2024-08-04T22:38:34.013Z</time>
      </trkpt>
      <trkpt lat="19.199603" lon="-98.693233">
        <ele>3492.054</ele>
        <time>2024-08-04T22:38:41.013Z</time>
      </trkpt>
      <trkpt lat="19.199611" lon="-98.693285">
        <ele>3491.969</ele>
        <time>2024-08-04T22:38:46.013Z</time>
      </trkpt>
      <trkpt lat="19.199618" lon="-98.693345">
        <ele>3491.571</ele>
        <time>2024-08-04T22:38:51.013Z</time>
      </trkpt>
      <trkpt lat="19.199643" lon="-98.693390">
        <ele>3490.768</ele>
        <time>2024-08-04T22:38:55.013Z</time>
      </trkpt>
      <trkpt lat="19.199635" lon="-98.693450">
        <ele>3486.942</ele>
        <time>2024-08-04T22:39:00.013Z</time>
      </trkpt>
      <trkpt lat="19.199638" lon="-98.693504">
        <ele>3482.426</ele>
        <time>2024-08-04T22:39:05.013Z</time>
      </trkpt>
      <trkpt lat="19.199616" lon="-98.693546">
        <ele>3479.009</ele>
        <time>2024-08-04T22:39:10.013Z</time>
      </trkpt>
      <trkpt lat="19.199588" lon="-98.693592">
        <ele>3476.777</ele>
        <time>2024-08-04T22:39:16.013Z</time>
      </trkpt>
      <trkpt lat="19.199600" lon="-98.693641">
        <ele>3474.463</ele>
        <time>2024-08-04T22:39:23.013Z</time>
      </trkpt>
      <trkpt lat="19.199566" lon="-98.693674">
        <ele>3472.455</ele>
        <time>2024-08-04T22:39:28.013Z</time>
      </trkpt>
      <trkpt lat="19.199536" lon="-98.693716">
        <ele>3470.394</ele>
        <time>2024-08-04T22:39:32.013Z</time>
      </trkpt>
      <trkpt lat="19.199514" lon="-98.693760">
        <ele>3467.577</ele>
        <time>2024-08-04T22:39:37.013Z</time>
      </trkpt>
      <trkpt lat="19.199473" lon="-98.693785">
        <ele>3466.955</ele>
        <time>2024-08-04T22:39:42.013Z</time>
      </trkpt>
      <trkpt lat="19.199469" lon="-98.693838">
        <ele>3466.588</ele>
        <time>2024-08-04T22:39:49.013Z</time>
      </trkpt>
      <trkpt lat="19.199494" lon="-98.693885">
        <ele>3466.853</ele>
        <time>2024-08-04T22:39:55.013Z</time>
      </trkpt>
      <trkpt lat="19.199471" lon="-98.693927">
        <ele>3467.945</ele>
        <time>2024-08-04T22:40:03.013Z</time>
      </trkpt>
      <trkpt lat="19.199438" lon="-98.693965">
        <ele>3468.142</ele>
        <time>2024-08-04T22:40:06.013Z</time>
      </trkpt>
      <trkpt lat="19.199448" lon="-98.694017">
        <ele>3468.822</ele>
        <time>2024-08-04T22:40:12.013Z</time>
      </trkpt>
      <trkpt lat="19.199496" lon="-98.694044">
        <ele>3469.514</ele>
        <time>2024-08-04T22:40:16.013Z</time>
      </trkpt>
      <trkpt lat="19.199539" lon="-98.694065">
        <ele>3469.609</ele>
        <time>2024-08-04T22:40:20.013Z</time>
      </trkpt>
      <trkpt lat="19.199509" lon="-98.694106">
        <ele>3465.125</ele>
        <time>2024-08-04T22:40:30.013Z</time>
      </trkpt>
      <trkpt lat="19.199465" lon="-98.694082">
        <ele>3463.211</ele>
        <time>2024-08-04T22:40:35.013Z</time>
      </trkpt>
      <trkpt lat="19.199450" lon="-98.694132">
        <ele>3462.863</ele>
        <time>2024-08-04T22:40:39.013Z</time>
      </trkpt>
      <trkpt lat="19.199477" lon="-98.694181">
        <ele>3462.222</ele>
        <time>2024-08-04T22:40:43.013Z</time>
      </trkpt>
      <trkpt lat="19.199505" lon="-98.694219">
        <ele>3461.315</ele>
        <time>2024-08-04T22:40:46.013Z</time>
      </trkpt>
      <trkpt lat="19.199510" lon="-98.694267">
        <ele>3456.033</ele>
        <time>2024-08-04T22:40:51.013Z</time>
      </trkpt>
      <trkpt lat="19.199528" lon="-98.694312">
        <ele>3452.366</ele>
        <time>2024-08-04T22:40:56.013Z</time>
      </trkpt>
      <trkpt lat="19.199497" lon="-98.694352">
        <ele>3451.341</ele>
        <time>2024-08-04T22:41:01.013Z</time>
      </trkpt>
      <trkpt lat="19.199488" lon="-98.694401">
        <ele>3451.313</ele>
        <time>2024-08-04T22:41:05.013Z</time>
      </trkpt>
      <trkpt lat="19.199495" lon="-98.694454">
        <ele>3451.271</ele>
        <time>2024-08-04T22:41:09.013Z</time>
      </trkpt>
      <trkpt lat="19.199534" lon="-98.694497">
        <ele>3451.941</ele>
        <time>2024-08-04T22:41:15.013Z</time>
      </trkpt>
      <trkpt lat="19.199575" lon="-98.694528">
        <ele>3452.415</ele>
        <time>2024-08-04T22:41:23.013Z</time>
      </trkpt>
      <trkpt lat="19.199528" lon="-98.694550">
        <ele>3453.409</ele>
        <time>2024-08-04T22:41:35.013Z</time>
      </trkpt>
      <trkpt lat="19.199487" lon="-98.694582">
        <ele>3452.428</ele>
        <time>2024-08-04T22:41:44.013Z</time>
      </trkpt>
      <trkpt lat="19.199480" lon="-98.694631">
        <ele>3451.834</ele>
        <time>2024-08-04T22:41:50.013Z</time>
      </trkpt>
      <trkpt lat="19.199495" lon="-98.694683">
        <ele>3451.536</ele>
        <time>2024-08-04T22:41:57.013Z</time>
      </trkpt>
      <trkpt lat="19.199466" lon="-98.694720">
        <ele>3450.695</ele>
        <time>2024-08-04T22:42:05.013Z</time>
      </trkpt>
      <trkpt lat="19.199416" lon="-98.694719">
        <ele>3448.098</ele>
        <time>2024-08-04T22:42:10.013Z</time>
      </trkpt>
      <trkpt lat="19.199445" lon="-98.694764">
        <ele>3446.346</ele>
        <time>2024-08-04T22:42:17.013Z</time>
      </trkpt>
      <trkpt lat="19.199485" lon="-98.694790">
        <ele>3440.719</ele>
        <time>2024-08-04T22:42:23.013Z</time>
      </trkpt>
      <trkpt lat="19.199538" lon="-98.694804">
        <ele>3437.124</ele>
        <time>2024-08-04T22:42:28.013Z</time>
      </trkpt>
      <trkpt lat="19.199579" lon="-98.694830">
        <ele>3435.516</ele>
        <time>2024-08-04T22:42:33.013Z</time>
      </trkpt>
      <trkpt lat="19.199635" lon="-98.694834">
        <ele>3435.021</ele>
        <time>2024-08-04T22:42:38.013Z</time>
      </trkpt>
      <trkpt lat="19.199685" lon="-98.694829">
        <ele>3434.241</ele>
        <time>2024-08-04T22:42:42.013Z</time>
      </trkpt>
      <trkpt lat="19.199731" lon="-98.694849">
        <ele>3434.205</ele>
        <time>2024-08-04T22:42:46.013Z</time>
      </trkpt>
      <trkpt lat="19.199774" lon="-98.694877">
        <ele>3434.209</ele>
        <time>2024-08-04T22:42:51.013Z</time>
      </trkpt>
      <trkpt lat="19.199816" lon="-98.694901">
        <ele>3434.553</ele>
        <time>2024-08-04T22:42:57.013Z</time>
      </trkpt>
      <trkpt lat="19.199864" lon="-98.694904">
        <ele>3434.729</ele>
        <time>2024-08-04T22:43:02.013Z</time>
      </trkpt>
      <trkpt lat="19.199909" lon="-98.694929">
        <ele>3434.621</ele>
        <time>2024-08-04T22:43:07.013Z</time>
      </trkpt>
      <trkpt lat="19.199965" lon="-98.694938">
        <ele>3434.540</ele>
        <time>2024-08-04T22:43:12.013Z</time>
      </trkpt>
      <trkpt lat="19.200020" lon="-98.694951">
        <ele>3434.123</ele>
        <time>2024-08-04T22:43:17.013Z</time>
      </trkpt>
      <trkpt lat="19.200032" lon="-98.695008">
        <ele>3433.921</ele>
        <time>2024-08-04T22:43:22.013Z</time>
      </trkpt>
      <trkpt lat="19.200051" lon="-98.695054">
        <ele>3433.844</ele>
        <time>2024-08-04T22:43:26.013Z</time>
      </trkpt>
      <trkpt lat="19.200084" lon="-98.695092">
        <ele>3433.879</ele>
        <time>2024-08-04T22:43:30.013Z</time>
      </trkpt>
      <trkpt lat="19.200120" lon="-98.695129">
        <ele>3433.821</ele>
        <time>2024-08-04T22:43:34.013Z</time>
      </trkpt>
      <trkpt lat="19.200160" lon="-98.695169">
        <ele>3433.976</ele>
        <time>2024-08-04T22:43:38.013Z</time>
      </trkpt>
      <trkpt lat="19.200196" lon="-98.695209">
        <ele>3434.490</ele>
        <time>2024-08-04T22:43:42.013Z</time>
      </trkpt>
      <trkpt lat="19.200226" lon="-98.695251">
        <ele>3434.619</ele>
        <time>2024-08-04T22:43:46.013Z</time>
      </trkpt>
      <trkpt lat="19.200234" lon="-98.695301">
        <ele>3434.709</ele>
        <time>2024-08-04T22:43:50.013Z</time>
      </trkpt>
      <trkpt lat="19.200210" lon="-98.695344">
        <ele>3434.978</ele>
        <time>2024-08-04T22:43:57.013Z</time>
      </trkpt>
      <trkpt lat="19.200188" lon="-98.695390">
        <ele>3434.934</ele>
        <time>2024-08-04T22:44:00.013Z</time>
      </trkpt>
      <trkpt lat="19.200163" lon="-98.695439">
        <ele>3434.986</ele>
        <time>2024-08-04T22:44:03.013Z</time>
      </trkpt>
      <trkpt lat="19.200148" lon="-98.695500">
        <ele>3434.985</ele>
        <time>2024-08-04T22:44:06.013Z</time>
      </trkpt>
      <trkpt lat="19.200132" lon="-98.695562">
        <ele>3434.458</ele>
        <time>2024-08-04T22:44:10.013Z</time>
      </trkpt>
      <trkpt lat="19.200133" lon="-98.695617">
        <ele>3431.626</ele>
        <time>2024-08-04T22:44:13.013Z</time>
      </trkpt>
      <trkpt lat="19.200141" lon="-98.695666">
        <ele>3430.869</ele>
        <time>2024-08-04T22:44:17.013Z</time>
      </trkpt>
      <trkpt lat="19.200163" lon="-98.695711">
        <ele>3430.544</ele>
        <time>2024-08-04T22:44:20.013Z</time>
      </trkpt>
      <trkpt lat="19.200173" lon="-98.695773">
        <ele>3427.676</ele>
        <time>2024-08-04T22:44:24.013Z</time>
      </trkpt>
      <trkpt lat="19.200176" lon="-98.695835">
        <ele>3427.397</ele>
        <time>2024-08-04T22:44:28.013Z</time>
      </trkpt>
      <trkpt lat="19.200175" lon="-98.695885">
        <ele>3427.123</ele>
        <time>2024-08-04T22:44:31.013Z</time>
      </trkpt>
      <trkpt lat="19.200176" lon="-98.695935">
        <ele>3427.025</ele>
        <time>2024-08-04T22:44:34.013Z</time>
      </trkpt>
      <trkpt lat="19.200174" lon="-98.695986">
        <ele>3427.009</ele>
        <time>2024-08-04T22:44:37.013Z</time>
      </trkpt>
      <trkpt lat="19.200160" lon="-98.696035">
        <ele>3426.720</ele>
        <time>2024-08-04T22:44:40.013Z</time>
      </trkpt>
      <trkpt lat="19.200148" lon="-98.696091">
        <ele>3425.436</ele>
        <time>2024-08-04T22:44:44.013Z</time>
      </trkpt>
      <trkpt lat="19.200137" lon="-98.696148">
        <ele>3424.418</ele>
        <time>2024-08-04T22:44:48.013Z</time>
      </trkpt>
      <trkpt lat="19.200121" lon="-98.696204">
        <ele>3422.427</ele>
        <time>2024-08-04T22:44:53.013Z</time>
      </trkpt>
      <trkpt lat="19.200118" lon="-98.696253">
        <ele>3421.960</ele>
        <time>2024-08-04T22:44:57.013Z</time>
      </trkpt>
      <trkpt lat="19.200120" lon="-98.696310">
        <ele>3421.658</ele>
        <time>2024-08-04T22:45:01.013Z</time>
      </trkpt>
      <trkpt lat="19.200126" lon="-98.696365">
        <ele>3419.531</ele>
        <time>2024-08-04T22:45:05.013Z</time>
      </trkpt>
      <trkpt lat="19.200140" lon="-98.696418">
        <ele>3418.996</ele>
        <time>2024-08-04T22:45:09.013Z</time>
      </trkpt>
      <trkpt lat="19.200150" lon="-98.696474">
        <ele>3416.778</ele>
        <time>2024-08-04T22:45:13.013Z</time>
      </trkpt>
      <trkpt lat="19.200159" lon="-98.696533">
        <ele>3416.684</ele>
        <time>2024-08-04T22:45:17.013Z</time>
      </trkpt>
      <trkpt lat="19.200136" lon="-98.696577">
        <ele>3415.907</ele>
        <time>2024-08-04T22:45:56.013Z</time>
      </trkpt>
      <trkpt lat="19.200134" lon="-98.696631">
        <ele>3416.117</ele>
        <time>2024-08-04T22:46:50.013Z</time>
      </trkpt>
      <trkpt lat="19.200129" lon="-98.696687">
        <ele>3416.209</ele>
        <time>2024-08-04T22:46:55.013Z</time>
      </trkpt>
      <trkpt lat="19.200122" lon="-98.696752">
        <ele>3416.159</ele>
        <time>2024-08-04T22:46:59.013Z</time>
      </trkpt>
      <trkpt lat="19.200119" lon="-98.696804">
        <ele>3416.555</ele>
        <time>2024-08-04T22:47:03.013Z</time>
      </trkpt>
      <trkpt lat="19.200135" lon="-98.696852">
        <ele>3416.897</ele>
        <time>2024-08-04T22:47:07.013Z</time>
      </trkpt>
      <trkpt lat="19.200140" lon="-98.696904">
        <ele>3415.696</ele>
        <time>2024-08-04T22:47:11.013Z</time>
      </trkpt>
      <trkpt lat="19.200137" lon="-98.696961">
        <ele>3414.769</ele>
        <time>2024-08-04T22:47:16.013Z</time>
      </trkpt>
      <trkpt lat="19.200121" lon="-98.697030">
        <ele>3412.237</ele>
        <time>2024-08-04T22:47:33.163Z</time>
      </trkpt>
      <trkpt lat="19.200091" lon="-98.697079">
        <ele>3411.780</ele>
        <time>2024-08-04T22:47:37.013Z</time>
      </trkpt>
      <trkpt lat="19.200078" lon="-98.697137">
        <ele>3410.835</ele>
        <time>2024-08-04T22:47:42.013Z</time>
      </trkpt>
      <trkpt lat="19.200068" lon="-98.697192">
        <ele>3410.877</ele>
        <time>2024-08-04T22:47:46.013Z</time>
      </trkpt>
      <trkpt lat="19.200050" lon="-98.697243">
        <ele>3411.473</ele>
        <time>2024-08-04T22:47:50.013Z</time>
      </trkpt>
      <trkpt lat="19.200044" lon="-98.697298">
        <ele>3411.685</ele>
        <time>2024-08-04T22:47:54.013Z</time>
      </trkpt>
      <trkpt lat="19.200041" lon="-98.697349">
        <ele>3411.513</ele>
        <time>2024-08-04T22:47:58.013Z</time>
      </trkpt>
      <trkpt lat="19.200049" lon="-98.697396">
        <ele>3410.609</ele>
        <time>2024-08-04T22:48:03.013Z</time>
      </trkpt>
      <trkpt lat="19.200048" lon="-98.697448">
        <ele>3409.978</ele>
        <time>2024-08-04T22:48:06.013Z</time>
      </trkpt>
      <trkpt lat="19.200062" lon="-98.697505">
        <ele>3409.584</ele>
        <time>2024-08-04T22:48:10.013Z</time>
      </trkpt>
      <trkpt lat="19.200060" lon="-98.697563">
        <ele>3408.616</ele>
        <time>2024-08-04T22:48:14.013Z</time>
      </trkpt>
      <trkpt lat="19.200012" lon="-98.697550">
        <ele>3400.385</ele>
        <time>2024-08-04T22:48:30.013Z</time>
      </trkpt>
      <trkpt lat="19.199977" lon="-98.697593">
        <ele>3402.368</ele>
        <time>2024-08-04T22:49:30.013Z</time>
      </trkpt>
      <trkpt lat="19.199967" lon="-98.697641">
        <ele>3402.016</ele>
        <time>2024-08-04T22:49:34.013Z</time>
      </trkpt>
      <trkpt lat="19.199977" lon="-98.697690">
        <ele>3400.959</ele>
        <time>2024-08-04T22:50:40.013Z</time>
      </trkpt>
      <trkpt lat="19.199959" lon="-98.697739">
        <ele>3400.984</ele>
        <time>2024-08-04T22:50:45.013Z</time>
      </trkpt>
      <trkpt lat="19.199919" lon="-98.697779">
        <ele>3400.946</ele>
        <time>2024-08-04T22:50:49.013Z</time>
      </trkpt>
      <trkpt lat="19.199877" lon="-98.697821">
        <ele>3400.862</ele>
        <time>2024-08-04T22:50:54.013Z</time>
      </trkpt>
      <trkpt lat="19.199853" lon="-98.697869">
        <ele>3400.883</ele>
        <time>2024-08-04T22:50:59.013Z</time>
      </trkpt>
      <trkpt lat="19.199843" lon="-98.697921">
        <ele>3400.811</ele>
        <time>2024-08-04T22:51:03.013Z</time>
      </trkpt>
      <trkpt lat="19.199837" lon="-98.697973">
        <ele>3401.009</ele>
        <time>2024-08-04T22:51:08.013Z</time>
      </trkpt>
      <trkpt lat="19.199815" lon="-98.698020">
        <ele>3399.317</ele>
        <time>2024-08-04T22:51:12.013Z</time>
      </trkpt>
      <trkpt lat="19.199805" lon="-98.698078">
        <ele>3398.023</ele>
        <time>2024-08-04T22:51:18.013Z</time>
      </trkpt>
      <trkpt lat="19.199794" lon="-98.698132">
        <ele>3397.715</ele>
        <time>2024-08-04T22:51:22.013Z</time>
      </trkpt>
      <trkpt lat="19.199784" lon="-98.698187">
        <ele>3396.514</ele>
        <time>2024-08-04T22:51:26.013Z</time>
      </trkpt>
      <trkpt lat="19.199778" lon="-98.698239">
        <ele>3394.137</ele>
        <time>2024-08-04T22:51:30.013Z</time>
      </trkpt>
      <trkpt lat="19.199752" lon="-98.698291">
        <ele>3393.665</ele>
        <time>2024-08-04T22:51:34.013Z</time>
      </trkpt>
      <trkpt lat="19.199731" lon="-98.698341">
        <ele>3391.668</ele>
        <time>2024-08-04T22:51:38.013Z</time>
      </trkpt>
      <trkpt lat="19.199729" lon="-98.698391">
        <ele>3390.583</ele>
        <time>2024-08-04T22:51:42.013Z</time>
      </trkpt>
      <trkpt lat="19.199720" lon="-98.698450">
        <ele>3389.675</ele>
        <time>2024-08-04T22:51:47.013Z</time>
      </trkpt>
      <trkpt lat="19.199703" lon="-98.698506">
        <ele>3387.865</ele>
        <time>2024-08-04T22:51:52.013Z</time>
      </trkpt>
      <trkpt lat="19.199693" lon="-98.698555">
        <ele>3386.168</ele>
        <time>2024-08-04T22:51:56.013Z</time>
      </trkpt>
      <trkpt lat="19.199689" lon="-98.698609">
        <ele>3384.714</ele>
        <time>2024-08-04T22:52:00.013Z</time>
      </trkpt>
      <trkpt lat="19.199660" lon="-98.698651">
        <ele>3384.709</ele>
        <time>2024-08-04T22:52:18.034Z</time>
      </trkpt>
      <trkpt lat="19.199622" lon="-98.698679">
        <ele>3384.437</ele>
        <time>2024-08-04T22:52:23.013Z</time>
      </trkpt>
      <trkpt lat="19.199577" lon="-98.698713">
        <ele>3383.873</ele>
        <time>2024-08-04T22:52:28.013Z</time>
      </trkpt>
      <trkpt lat="19.199540" lon="-98.698751">
        <ele>3383.915</ele>
        <time>2024-08-04T22:52:33.013Z</time>
      </trkpt>
      <trkpt lat="19.199503" lon="-98.698791">
        <ele>3383.864</ele>
        <time>2024-08-04T22:52:38.013Z</time>
      </trkpt>
      <trkpt lat="19.199468" lon="-98.698829">
        <ele>3383.957</ele>
        <time>2024-08-04T22:52:42.013Z</time>
      </trkpt>
      <trkpt lat="19.199430" lon="-98.698868">
        <ele>3380.245</ele>
        <time>2024-08-04T22:52:46.013Z</time>
      </trkpt>
      <trkpt lat="19.199402" lon="-98.698913">
        <ele>3376.578</ele>
        <time>2024-08-04T22:52:50.013Z</time>
      </trkpt>
      <trkpt lat="19.199385" lon="-98.698962">
        <ele>3375.093</ele>
        <time>2024-08-04T22:52:54.013Z</time>
      </trkpt>
      <trkpt lat="19.199364" lon="-98.699016">
        <ele>3373.975</ele>
        <time>2024-08-04T22:52:58.013Z</time>
      </trkpt>
      <trkpt lat="19.199348" lon="-98.699068">
        <ele>3371.248</ele>
        <time>2024-08-04T22:53:02.013Z</time>
      </trkpt>
      <trkpt lat="19.199330" lon="-98.699119">
        <ele>3370.161</ele>
        <time>2024-08-04T22:53:06.013Z</time>
      </trkpt>
      <trkpt lat="19.199288" lon="-98.699154">
        <ele>3369.417</ele>
        <time>2024-08-04T22:53:10.013Z</time>
      </trkpt>
      <trkpt lat="19.199275" lon="-98.699212">
        <ele>3369.009</ele>
        <time>2024-08-04T22:53:15.013Z</time>
      </trkpt>
      <trkpt lat="19.199208" lon="-98.699229">
        <ele>3368.285</ele>
        <time>2024-08-04T22:53:18.013Z</time>
      </trkpt>
      <trkpt lat="19.199165" lon="-98.699267">
        <ele>3368.071</ele>
        <time>2024-08-04T22:53:22.013Z</time>
      </trkpt>
      <trkpt lat="19.199135" lon="-98.699310">
        <ele>3367.973</ele>
        <time>2024-08-04T22:53:25.013Z</time>
      </trkpt>
      <trkpt lat="19.199108" lon="-98.699361">
        <ele>3368.472</ele>
        <time>2024-08-04T22:53:29.013Z</time>
      </trkpt>
      <trkpt lat="19.199086" lon="-98.699418">
        <ele>3368.515</ele>
        <time>2024-08-04T22:53:33.013Z</time>
      </trkpt>
      <trkpt lat="19.199084" lon="-98.699471">
        <ele>3368.563</ele>
        <time>2024-08-04T22:53:36.013Z</time>
      </trkpt>
      <trkpt lat="19.199087" lon="-98.699531">
        <ele>3368.466</ele>
        <time>2024-08-04T22:53:40.013Z</time>
      </trkpt>
      <trkpt lat="19.199089" lon="-98.699582">
        <ele>3368.531</ele>
        <time>2024-08-04T22:53:44.013Z</time>
      </trkpt>
      <trkpt lat="19.199094" lon="-98.699638">
        <ele>3368.363</ele>
        <time>2024-08-04T22:53:48.013Z</time>
      </trkpt>
      <trkpt lat="19.199084" lon="-98.699692">
        <ele>3368.323</ele>
        <time>2024-08-04T22:53:51.013Z</time>
      </trkpt>
      <trkpt lat="19.199074" lon="-98.699740">
        <ele>3367.383</ele>
        <time>2024-08-04T22:53:54.013Z</time>
      </trkpt>
      <trkpt lat="19.199073" lon="-98.699795">
        <ele>3366.911</ele>
        <time>2024-08-04T22:53:59.013Z</time>
      </trkpt>
      <trkpt lat="19.199055" lon="-98.699839">
        <ele>3366.909</ele>
        <time>2024-08-04T22:54:02.013Z</time>
      </trkpt>
      <trkpt lat="19.199036" lon="-98.699886">
        <ele>3366.983</ele>
        <time>2024-08-04T22:54:06.013Z</time>
      </trkpt>
      <trkpt lat="19.198999" lon="-98.699919">
        <ele>3366.969</ele>
        <time>2024-08-04T22:54:10.013Z</time>
      </trkpt>
      <trkpt lat="19.198963" lon="-98.699951">
        <ele>3366.761</ele>
        <time>2024-08-04T22:54:14.013Z</time>
      </trkpt>
      <trkpt lat="19.198934" lon="-98.699987">
        <ele>3366.280</ele>
        <time>2024-08-04T22:54:18.013Z</time>
      </trkpt>
      <trkpt lat="19.198908" lon="-98.700032">
        <ele>3365.473</ele>
        <time>2024-08-04T22:54:23.013Z</time>
      </trkpt>
      <trkpt lat="19.198895" lon="-98.700090">
        <ele>3365.121</ele>
        <time>2024-08-04T22:55:14.013Z</time>
      </trkpt>
      <trkpt lat="19.198885" lon="-98.700143">
        <ele>3365.154</ele>
        <time>2024-08-04T22:55:18.013Z</time>
      </trkpt>
      <trkpt lat="19.198886" lon="-98.700196">
        <ele>3365.159</ele>
        <time>2024-08-04T22:55:22.013Z</time>
      </trkpt>
      <trkpt lat="19.198875" lon="-98.700249">
        <ele>3365.121</ele>
        <time>2024-08-04T22:55:26.013Z</time>
      </trkpt>
      <trkpt lat="19.198862" lon="-98.700301">
        <ele>3365.151</ele>
        <time>2024-08-04T22:55:30.013Z</time>
      </trkpt>
      <trkpt lat="19.198855" lon="-98.700359">
        <ele>3363.201</ele>
        <time>2024-08-04T22:55:34.013Z</time>
      </trkpt>
      <trkpt lat="19.198846" lon="-98.700419">
        <ele>3359.811</ele>
        <time>2024-08-04T22:55:38.013Z</time>
      </trkpt>
      <trkpt lat="19.198833" lon="-98.700475">
        <ele>3357.909</ele>
        <time>2024-08-04T22:55:42.013Z</time>
      </trkpt>
      <trkpt lat="19.198809" lon="-98.700525">
        <ele>3355.336</ele>
        <time>2024-08-04T22:55:46.013Z</time>
      </trkpt>
      <trkpt lat="19.198787" lon="-98.700583">
        <ele>3353.692</ele>
        <time>2024-08-04T22:55:50.013Z</time>
      </trkpt>
      <trkpt lat="19.198773" lon="-98.700628">
        <ele>3353.514</ele>
        <time>2024-08-04T22:55:53.013Z</time>
      </trkpt>
      <trkpt lat="19.198749" lon="-98.700681">
        <ele>3352.853</ele>
        <time>2024-08-04T22:55:57.013Z</time>
      </trkpt>
      <trkpt lat="19.198723" lon="-98.700729">
        <ele>3352.966</ele>
        <time>2024-08-04T22:56:02.013Z</time>
      </trkpt>
      <trkpt lat="19.198703" lon="-98.700774">
        <ele>3352.974</ele>
        <time>2024-08-04T22:56:06.013Z</time>
      </trkpt>
      <trkpt lat="19.198690" lon="-98.700823">
        <ele>3352.977</ele>
        <time>2024-08-04T22:56:10.013Z</time>
      </trkpt>
      <trkpt lat="19.198708" lon="-98.700875">
        <ele>3352.762</ele>
        <time>2024-08-04T22:56:14.013Z</time>
      </trkpt>
      <trkpt lat="19.198751" lon="-98.700906">
        <ele>3351.314</ele>
        <time>2024-08-04T22:56:18.013Z</time>
      </trkpt>
      <trkpt lat="19.198748" lon="-98.700958">
        <ele>3350.653</ele>
        <time>2024-08-04T22:56:22.013Z</time>
      </trkpt>
      <trkpt lat="19.198754" lon="-98.701009">
        <ele>3350.304</ele>
        <time>2024-08-04T22:56:26.013Z</time>
      </trkpt>
      <trkpt lat="19.198749" lon="-98.701063">
        <ele>3350.314</ele>
        <time>2024-08-04T22:56:30.013Z</time>
      </trkpt>
      <trkpt lat="19.198743" lon="-98.701119">
        <ele>3350.209</ele>
        <time>2024-08-04T22:56:34.013Z</time>
      </trkpt>
      <trkpt lat="19.198738" lon="-98.701171">
        <ele>3350.246</ele>
        <time>2024-08-04T22:56:38.013Z</time>
      </trkpt>
      <trkpt lat="19.198731" lon="-98.701221">
        <ele>3350.262</ele>
        <time>2024-08-04T22:56:42.013Z</time>
      </trkpt>
      <trkpt lat="19.198715" lon="-98.701268">
        <ele>3350.444</ele>
        <time>2024-08-04T22:56:46.013Z</time>
      </trkpt>
      <trkpt lat="19.198699" lon="-98.701323">
        <ele>3351.193</ele>
        <time>2024-08-04T22:56:50.013Z</time>
      </trkpt>
      <trkpt lat="19.198686" lon="-98.701380">
        <ele>3351.366</ele>
        <time>2024-08-04T22:56:54.013Z</time>
      </trkpt>
      <trkpt lat="19.198656" lon="-98.701430">
        <ele>3351.964</ele>
        <time>2024-08-04T22:56:58.013Z</time>
      </trkpt>
      <trkpt lat="19.198645" lon="-98.701479">
        <ele>3352.457</ele>
        <time>2024-08-04T22:57:02.013Z</time>
      </trkpt>
      <trkpt lat="19.198632" lon="-98.701534">
        <ele>3352.772</ele>
        <time>2024-08-04T22:57:06.013Z</time>
      </trkpt>
      <trkpt lat="19.198625" lon="-98.701588">
        <ele>3353.294</ele>
        <time>2024-08-04T22:57:10.013Z</time>
      </trkpt>
      <trkpt lat="19.198605" lon="-98.701642">
        <ele>3354.037</ele>
        <time>2024-08-04T22:57:14.013Z</time>
      </trkpt>
      <trkpt lat="19.198587" lon="-98.701694">
        <ele>3354.249</ele>
        <time>2024-08-04T22:57:18.013Z</time>
      </trkpt>
      <trkpt lat="19.198597" lon="-98.701748">
        <ele>3354.213</ele>
        <time>2024-08-04T22:57:22.013Z</time>
      </trkpt>
      <trkpt lat="19.198607" lon="-98.701800">
        <ele>3353.909</ele>
        <time>2024-08-04T22:57:26.013Z</time>
      </trkpt>
      <trkpt lat="19.198643" lon="-98.701836">
        <ele>3353.974</ele>
        <time>2024-08-04T22:57:30.013Z</time>
      </trkpt>
      <trkpt lat="19.198688" lon="-98.701871">
        <ele>3352.240</ele>
        <time>2024-08-04T22:57:34.013Z</time>
      </trkpt>
      <trkpt lat="19.198739" lon="-98.701901">
        <ele>3351.922</ele>
        <time>2024-08-04T22:57:38.013Z</time>
      </trkpt>
      <trkpt lat="19.198790" lon="-98.701928">
        <ele>3351.941</ele>
        <time>2024-08-04T22:57:42.013Z</time>
      </trkpt>
      <trkpt lat="19.198831" lon="-98.701947">
        <ele>3352.324</ele>
        <time>2024-08-04T22:57:45.013Z</time>
      </trkpt>
      <trkpt lat="19.198874" lon="-98.701960">
        <ele>3353.012</ele>
        <time>2024-08-04T22:57:48.013Z</time>
      </trkpt>
      <trkpt lat="19.198917" lon="-98.701973">
        <ele>3353.485</ele>
        <time>2024-08-04T22:57:51.013Z</time>
      </trkpt>
      <trkpt lat="19.198972" lon="-98.701992">
        <ele>3353.780</ele>
        <time>2024-08-04T22:57:55.013Z</time>
      </trkpt>
      <trkpt lat="19.199022" lon="-98.702011">
        <ele>3353.622</ele>
        <time>2024-08-04T22:57:59.013Z</time>
      </trkpt>
      <trkpt lat="19.199073" lon="-98.702028">
        <ele>3353.444</ele>
        <time>2024-08-04T22:58:04.013Z</time>
      </trkpt>
      <trkpt lat="19.199124" lon="-98.702055">
        <ele>3353.305</ele>
        <time>2024-08-04T22:58:09.013Z</time>
      </trkpt>
      <trkpt lat="19.199176" lon="-98.702075">
        <ele>3352.115</ele>
        <time>2024-08-04T22:58:13.013Z</time>
      </trkpt>
      <trkpt lat="19.199226" lon="-98.702101">
        <ele>3351.909</ele>
        <time>2024-08-04T22:58:17.013Z</time>
      </trkpt>
      <trkpt lat="19.199272" lon="-98.702131">
        <ele>3351.975</ele>
        <time>2024-08-04T22:58:21.013Z</time>
      </trkpt>
      <trkpt lat="19.199321" lon="-98.702149">
        <ele>3351.541</ele>
        <time>2024-08-04T22:58:25.013Z</time>
      </trkpt>
      <trkpt lat="19.199374" lon="-98.702148">
        <ele>3351.583</ele>
        <time>2024-08-04T22:58:29.013Z</time>
      </trkpt>
      <trkpt lat="19.199428" lon="-98.702143">
        <ele>3351.532</ele>
        <time>2024-08-04T22:58:33.013Z</time>
      </trkpt>
      <trkpt lat="19.199483" lon="-98.702140">
        <ele>3351.475</ele>
        <time>2024-08-04T22:58:37.013Z</time>
      </trkpt>
      <trkpt lat="19.199538" lon="-98.702147">
        <ele>3350.843</ele>
        <time>2024-08-04T22:58:41.013Z</time>
      </trkpt>
      <trkpt lat="19.199597" lon="-98.702155">
        <ele>3350.796</ele>
        <time>2024-08-04T22:58:45.013Z</time>
      </trkpt>
      <trkpt lat="19.199654" lon="-98.702162">
        <ele>3351.641</ele>
        <time>2024-08-04T22:58:49.013Z</time>
      </trkpt>
      <trkpt lat="19.199708" lon="-98.702169">
        <ele>3352.153</ele>
        <time>2024-08-04T22:58:53.013Z</time>
      </trkpt>
      <trkpt lat="19.199760" lon="-98.702167">
        <ele>3353.036</ele>
        <time>2024-08-04T22:58:57.013Z</time>
      </trkpt>
      <trkpt lat="19.199810" lon="-98.702172">
        <ele>3353.017</ele>
        <time>2024-08-04T22:59:01.013Z</time>
      </trkpt>
      <trkpt lat="19.199866" lon="-98.702161">
        <ele>3352.218</ele>
        <time>2024-08-04T22:59:05.013Z</time>
      </trkpt>
      <trkpt lat="19.199917" lon="-98.702155">
        <ele>3350.009</ele>
        <time>2024-08-04T22:59:09.013Z</time>
      </trkpt>
      <trkpt lat="19.199964" lon="-98.702152">
        <ele>3350.014</ele>
        <time>2024-08-04T22:59:13.013Z</time>
      </trkpt>
      <trkpt lat="19.200015" lon="-98.702168">
        <ele>3350.070</ele>
        <time>2024-08-04T22:59:17.013Z</time>
      </trkpt>
      <trkpt lat="19.200034" lon="-98.702212">
        <ele>3350.072</ele>
        <time>2024-08-04T22:59:20.013Z</time>
      </trkpt>
      <trkpt lat="19.200063" lon="-98.702261">
        <ele>3352.171</ele>
        <time>2024-08-04T22:59:25.013Z</time>
      </trkpt>
      <trkpt lat="19.200097" lon="-98.702309">
        <ele>3353.264</ele>
        <time>2024-08-04T22:59:30.013Z</time>
      </trkpt>
      <trkpt lat="19.200110" lon="-98.702359">
        <ele>3353.522</ele>
        <time>2024-08-04T22:59:36.013Z</time>
      </trkpt>
      <trkpt lat="19.200086" lon="-98.702404">
        <ele>3353.345</ele>
        <time>2024-08-04T22:59:42.013Z</time>
      </trkpt>
      <trkpt lat="19.200042" lon="-98.702428">
        <ele>3353.040</ele>
        <time>2024-08-04T22:59:46.013Z</time>
      </trkpt>
      <trkpt lat="19.200005" lon="-98.702459">
        <ele>3351.742</ele>
        <time>2024-08-04T22:59:50.013Z</time>
      </trkpt>
      <trkpt lat="19.199975" lon="-98.702495">
        <ele>3349.561</ele>
        <time>2024-08-04T22:59:54.013Z</time>
      </trkpt>
      <trkpt lat="19.199937" lon="-98.702527">
        <ele>3348.521</ele>
        <time>2024-08-04T22:59:58.013Z</time>
      </trkpt>
      <trkpt lat="19.199901" lon="-98.702559">
        <ele>3347.813</ele>
        <time>2024-08-04T23:00:02.013Z</time>
      </trkpt>
      <trkpt lat="19.199865" lon="-98.702602">
        <ele>3347.709</ele>
        <time>2024-08-04T23:00:07.013Z</time>
      </trkpt>
      <trkpt lat="19.199839" lon="-98.702643">
        <ele>3347.867</ele>
        <time>2024-08-04T23:00:11.013Z</time>
      </trkpt>
      <trkpt lat="19.199814" lon="-98.702697">
        <ele>3349.183</ele>
        <time>2024-08-04T23:00:16.013Z</time>
      </trkpt>
      <trkpt lat="19.199797" lon="-98.702742">
        <ele>3349.755</ele>
        <time>2024-08-04T23:00:20.013Z</time>
      </trkpt>
      <trkpt lat="19.199772" lon="-98.702792">
        <ele>3351.994</ele>
        <time>2024-08-04T23:00:25.013Z</time>
      </trkpt>
      <trkpt lat="19.199747" lon="-98.702834">
        <ele>3353.327</ele>
        <time>2024-08-04T23:00:29.013Z</time>
      </trkpt>
      <trkpt lat="19.199726" lon="-98.702885">
        <ele>3354.525</ele>
        <time>2024-08-04T23:00:34.013Z</time>
      </trkpt>
      <trkpt lat="19.199702" lon="-98.702934">
        <ele>3356.828</ele>
        <time>2024-08-04T23:00:39.013Z</time>
      </trkpt>
      <trkpt lat="19.199685" lon="-98.702984">
        <ele>3356.893</ele>
        <time>2024-08-04T23:00:44.013Z</time>
      </trkpt>
      <trkpt lat="19.199658" lon="-98.703027">
        <ele>3356.615</ele>
        <time>2024-08-04T23:00:49.013Z</time>
      </trkpt>
      <trkpt lat="19.199626" lon="-98.703073">
        <ele>3356.344</ele>
        <time>2024-08-04T23:00:54.013Z</time>
      </trkpt>
      <trkpt lat="19.199588" lon="-98.703115">
        <ele>3356.105</ele>
        <time>2024-08-04T23:00:59.013Z</time>
      </trkpt>
      <trkpt lat="19.199556" lon="-98.703160">
        <ele>3355.315</ele>
        <time>2024-08-04T23:01:04.013Z</time>
      </trkpt>
      <trkpt lat="19.199533" lon="-98.703203">
        <ele>3353.709</ele>
        <time>2024-08-04T23:01:09.013Z</time>
      </trkpt>
      <trkpt lat="19.199508" lon="-98.703254">
        <ele>3352.785</ele>
        <time>2024-08-04T23:01:14.013Z</time>
      </trkpt>
      <trkpt lat="19.199491" lon="-98.703300">
        <ele>3352.571</ele>
        <time>2024-08-04T23:01:18.013Z</time>
      </trkpt>
      <trkpt lat="19.199467" lon="-98.703348">
        <ele>3352.393</ele>
        <time>2024-08-04T23:01:22.013Z</time>
      </trkpt>
      <trkpt lat="19.199459" lon="-98.703400">
        <ele>3352.122</ele>
        <time>2024-08-04T23:01:26.013Z</time>
      </trkpt>
      <trkpt lat="19.199468" lon="-98.703451">
        <ele>3352.165</ele>
        <time>2024-08-04T23:01:30.013Z</time>
      </trkpt>
      <trkpt lat="19.199486" lon="-98.703508">
        <ele>3352.133</ele>
        <time>2024-08-04T23:01:35.013Z</time>
      </trkpt>
      <trkpt lat="19.199502" lon="-98.703556">
        <ele>3352.356</ele>
        <time>2024-08-04T23:01:39.013Z</time>
      </trkpt>
      <trkpt lat="19.199521" lon="-98.703600">
        <ele>3352.611</ele>
        <time>2024-08-04T23:01:43.013Z</time>
      </trkpt>
      <trkpt lat="19.199520" lon="-98.703652">
        <ele>3354.033</ele>
        <time>2024-08-04T23:01:47.013Z</time>
      </trkpt>
      <trkpt lat="19.199524" lon="-98.703709">
        <ele>3354.995</ele>
        <time>2024-08-04T23:01:52.013Z</time>
      </trkpt>
      <trkpt lat="19.199515" lon="-98.703758">
        <ele>3356.549</ele>
        <time>2024-08-04T23:01:56.013Z</time>
      </trkpt>
      <trkpt lat="19.199504" lon="-98.703804">
        <ele>3358.223</ele>
        <time>2024-08-04T23:02:00.013Z</time>
      </trkpt>
      <trkpt lat="19.199494" lon="-98.703855">
        <ele>3358.709</ele>
        <time>2024-08-04T23:02:04.013Z</time>
      </trkpt>
      <trkpt lat="19.199486" lon="-98.703904">
        <ele>3360.860</ele>
        <time>2024-08-04T23:02:08.013Z</time>
      </trkpt>
      <trkpt lat="19.199472" lon="-98.703958">
        <ele>3360.836</ele>
        <time>2024-08-04T23:02:13.013Z</time>
      </trkpt>
      <trkpt lat="19.199460" lon="-98.704013">
        <ele>3360.788</ele>
        <time>2024-08-04T23:02:18.013Z</time>
      </trkpt>
      <trkpt lat="19.199445" lon="-98.704063">
        <ele>3360.017</ele>
        <time>2024-08-04T23:02:22.013Z</time>
      </trkpt>
      <trkpt lat="19.199432" lon="-98.704113">
        <ele>3359.820</ele>
        <time>2024-08-04T23:02:26.013Z</time>
      </trkpt>
      <trkpt lat="19.199429" lon="-98.704168">
        <ele>3358.948</ele>
        <time>2024-08-04T23:02:30.013Z</time>
      </trkpt>
      <trkpt lat="19.199433" lon="-98.704221">
        <ele>3358.871</ele>
        <time>2024-08-04T23:02:34.013Z</time>
      </trkpt>
      <trkpt lat="19.199442" lon="-98.704271">
        <ele>3358.826</ele>
        <time>2024-08-04T23:02:38.013Z</time>
      </trkpt>
      <trkpt lat="19.199440" lon="-98.704328">
        <ele>3358.758</ele>
        <time>2024-08-04T23:02:42.013Z</time>
      </trkpt>
      <trkpt lat="19.199432" lon="-98.704381">
        <ele>3358.849</ele>
        <time>2024-08-04T23:02:46.013Z</time>
      </trkpt>
      <trkpt lat="19.199432" lon="-98.704434">
        <ele>3359.402</ele>
        <time>2024-08-04T23:02:50.013Z</time>
      </trkpt>
      <trkpt lat="19.199426" lon="-98.704490">
        <ele>3359.722</ele>
        <time>2024-08-04T23:02:54.013Z</time>
      </trkpt>
      <trkpt lat="19.199424" lon="-98.704542">
        <ele>3360.009</ele>
        <time>2024-08-04T23:02:58.013Z</time>
      </trkpt>
      <trkpt lat="19.199425" lon="-98.704590">
        <ele>3360.365</ele>
        <time>2024-08-04T23:03:02.013Z</time>
      </trkpt>
      <trkpt lat="19.199417" lon="-98.704638">
        <ele>3362.261</ele>
        <time>2024-08-04T23:03:06.013Z</time>
      </trkpt>
      <trkpt lat="19.199413" lon="-98.704686">
        <ele>3362.753</ele>
        <time>2024-08-04T23:03:10.013Z</time>
      </trkpt>
      <trkpt lat="19.199407" lon="-98.704738">
        <ele>3362.882</ele>
        <time>2024-08-04T23:03:14.013Z</time>
      </trkpt>
      <trkpt lat="19.199385" lon="-98.704787">
        <ele>3363.295</ele>
        <time>2024-08-04T23:03:18.013Z</time>
      </trkpt>
      <trkpt lat="19.199353" lon="-98.704836">
        <ele>3364.123</ele>
        <time>2024-08-04T23:03:22.013Z</time>
      </trkpt>
      <trkpt lat="19.199329" lon="-98.704884">
        <ele>3364.726</ele>
        <time>2024-08-04T23:03:26.013Z</time>
      </trkpt>
      <trkpt lat="19.199293" lon="-98.704928">
        <ele>3366.291</ele>
        <time>2024-08-04T23:03:30.013Z</time>
      </trkpt>
      <trkpt lat="19.199250" lon="-98.704963">
        <ele>3366.363</ele>
        <time>2024-08-04T23:03:34.013Z</time>
      </trkpt>
      <trkpt lat="19.199209" lon="-98.704989">
        <ele>3366.547</ele>
        <time>2024-08-04T23:03:38.013Z</time>
      </trkpt>
      <trkpt lat="19.199180" lon="-98.705028">
        <ele>3367.029</ele>
        <time>2024-08-04T23:03:42.013Z</time>
      </trkpt>
      <trkpt lat="19.199145" lon="-98.705070">
        <ele>3367.121</ele>
        <time>2024-08-04T23:03:46.013Z</time>
      </trkpt>
      <trkpt lat="19.199109" lon="-98.705102">
        <ele>3367.409</ele>
        <time>2024-08-04T23:03:50.013Z</time>
      </trkpt>
      <trkpt lat="19.199068" lon="-98.705131">
        <ele>3367.965</ele>
        <time>2024-08-04T23:03:54.013Z</time>
      </trkpt>
      <trkpt lat="19.199036" lon="-98.705167">
        <ele>3368.411</ele>
        <time>2024-08-04T23:03:58.013Z</time>
      </trkpt>
      <trkpt lat="19.199003" lon="-98.705207">
        <ele>3368.633</ele>
        <time>2024-08-04T23:04:02.013Z</time>
      </trkpt>
      <trkpt lat="19.198969" lon="-98.705254">
        <ele>3368.732</ele>
        <time>2024-08-04T23:04:06.013Z</time>
      </trkpt>
      <trkpt lat="19.198953" lon="-98.705305">
        <ele>3368.625</ele>
        <time>2024-08-04T23:04:10.013Z</time>
      </trkpt>
      <trkpt lat="19.198951" lon="-98.705366">
        <ele>3368.483</ele>
        <time>2024-08-04T23:04:14.013Z</time>
      </trkpt>
      <trkpt lat="19.198929" lon="-98.705417">
        <ele>3366.476</ele>
        <time>2024-08-04T23:04:18.013Z</time>
      </trkpt>
      <trkpt lat="19.198936" lon="-98.705468">
        <ele>3365.851</ele>
        <time>2024-08-04T23:04:22.013Z</time>
      </trkpt>
      <trkpt lat="19.198964" lon="-98.705510">
        <ele>3365.963</ele>
        <time>2024-08-04T23:04:26.013Z</time>
      </trkpt>
      <trkpt lat="19.199001" lon="-98.705544">
        <ele>3365.442</ele>
        <time>2024-08-04T23:04:30.013Z</time>
      </trkpt>
      <trkpt lat="19.199052" lon="-98.705548">
        <ele>3364.822</ele>
        <time>2024-08-04T23:04:34.013Z</time>
      </trkpt>
      <trkpt lat="19.199103" lon="-98.705552">
        <ele>3364.814</ele>
        <time>2024-08-04T23:04:38.013Z</time>
      </trkpt>
      <trkpt lat="19.199157" lon="-98.705545">
        <ele>3362.709</ele>
        <time>2024-08-04T23:04:48.013Z</time>
      </trkpt>
      <trkpt lat="19.199202" lon="-98.705507">
        <ele>3361.365</ele>
        <time>2024-08-04T23:04:53.013Z</time>
      </trkpt>
      <trkpt lat="19.199234" lon="-98.705460">
        <ele>3360.811</ele>
        <time>2024-08-04T23:04:58.013Z</time>
      </trkpt>
      <trkpt lat="19.199255" lon="-98.705410">
        <ele>3360.743</ele>
        <time>2024-08-04T23:05:03.013Z</time>
      </trkpt>
      <trkpt lat="19.199279" lon="-98.705369">
        <ele>3360.632</ele>
        <time>2024-08-04T23:05:07.013Z</time>
      </trkpt>
      <trkpt lat="19.199311" lon="-98.705327">
        <ele>3360.615</ele>
        <time>2024-08-04T23:05:11.013Z</time>
      </trkpt>
      <trkpt lat="19.199333" lon="-98.705279">
        <ele>3360.543</ele>
        <time>2024-08-04T23:05:15.013Z</time>
      </trkpt>
      <trkpt lat="19.199357" lon="-98.705235">
        <ele>3362.136</ele>
        <time>2024-08-04T23:05:19.013Z</time>
      </trkpt>
      <trkpt lat="19.199385" lon="-98.705183">
        <ele>3362.481</ele>
        <time>2024-08-04T23:05:24.013Z</time>
      </trkpt>
      <trkpt lat="19.199414" lon="-98.705144">
        <ele>3362.793</ele>
        <time>2024-08-04T23:05:28.013Z</time>
      </trkpt>
      <trkpt lat="19.199445" lon="-98.705103">
        <ele>3362.379</ele>
        <time>2024-08-04T23:05:32.013Z</time>
      </trkpt>
      <trkpt lat="19.199488" lon="-98.705067">
        <ele>3360.405</ele>
        <time>2024-08-04T23:05:36.013Z</time>
      </trkpt>
      <trkpt lat="19.199520" lon="-98.705029">
        <ele>3359.125</ele>
        <time>2024-08-04T23:05:40.013Z</time>
      </trkpt>
      <trkpt lat="19.199562" lon="-98.704996">
        <ele>3358.609</ele>
        <time>2024-08-04T23:05:44.013Z</time>
      </trkpt>
      <trkpt lat="19.199603" lon="-98.704972">
        <ele>3358.698</ele>
        <time>2024-08-04T23:05:48.013Z</time>
      </trkpt>
      <trkpt lat="19.199644" lon="-98.704937">
        <ele>3359.294</ele>
        <time>2024-08-04T23:05:52.013Z</time>
      </trkpt>
      <trkpt lat="19.199679" lon="-98.704903">
        <ele>3361.476</ele>
        <time>2024-08-04T23:05:56.013Z</time>
      </trkpt>
      <trkpt lat="19.199721" lon="-98.704873">
        <ele>3362.225</ele>
        <time>2024-08-04T23:06:01.013Z</time>
      </trkpt>
      <trkpt lat="19.199757" lon="-98.704840">
        <ele>3362.228</ele>
        <time>2024-08-04T23:06:05.013Z</time>
      </trkpt>
      <trkpt lat="19.199791" lon="-98.704804">
        <ele>3362.256</ele>
        <time>2024-08-04T23:06:09.013Z</time>
      </trkpt>
      <trkpt lat="19.199830" lon="-98.704769">
        <ele>3359.829</ele>
        <time>2024-08-04T23:06:13.013Z</time>
      </trkpt>
      <trkpt lat="19.199863" lon="-98.704735">
        <ele>3359.784</ele>
        <time>2024-08-04T23:06:17.013Z</time>
      </trkpt>
      <trkpt lat="19.199903" lon="-98.704695">
        <ele>3359.776</ele>
        <time>2024-08-04T23:06:22.013Z</time>
      </trkpt>
      <trkpt lat="19.199941" lon="-98.704655">
        <ele>3360.415</ele>
        <time>2024-08-04T23:06:27.013Z</time>
      </trkpt>
      <trkpt lat="19.199971" lon="-98.704620">
        <ele>3361.165</ele>
        <time>2024-08-04T23:06:31.013Z</time>
      </trkpt>
      <trkpt lat="19.200015" lon="-98.704586">
        <ele>3361.511</ele>
        <time>2024-08-04T23:06:35.013Z</time>
      </trkpt>
      <trkpt lat="19.200056" lon="-98.704559">
        <ele>3362.309</ele>
        <time>2024-08-04T23:06:39.013Z</time>
      </trkpt>
      <trkpt lat="19.200102" lon="-98.704532">
        <ele>3365.782</ele>
        <time>2024-08-04T23:06:43.013Z</time>
      </trkpt>
      <trkpt lat="19.200151" lon="-98.704519">
        <ele>3371.388</ele>
        <time>2024-08-04T23:06:47.013Z</time>
      </trkpt>
      <trkpt lat="19.200192" lon="-98.704498">
        <ele>3372.240</ele>
        <time>2024-08-04T23:06:51.013Z</time>
      </trkpt>
      <trkpt lat="19.200234" lon="-98.704480">
        <ele>3372.929</ele>
        <time>2024-08-04T23:06:55.013Z</time>
      </trkpt>
      <trkpt lat="19.200278" lon="-98.704450">
        <ele>3373.222</ele>
        <time>2024-08-04T23:07:00.013Z</time>
      </trkpt>
      <trkpt lat="19.200322" lon="-98.704436">
        <ele>3373.260</ele>
        <time>2024-08-04T23:07:04.013Z</time>
      </trkpt>
      <trkpt lat="19.200367" lon="-98.704418">
        <ele>3374.633</ele>
        <time>2024-08-04T23:07:08.013Z</time>
      </trkpt>
      <trkpt lat="19.200407" lon="-98.704393">
        <ele>3376.288</ele>
        <time>2024-08-04T23:07:12.013Z</time>
      </trkpt>
      <trkpt lat="19.200459" lon="-98.704367">
        <ele>3377.080</ele>
        <time>2024-08-04T23:07:17.013Z</time>
      </trkpt>
      <trkpt lat="19.200504" lon="-98.704342">
        <ele>3377.018</ele>
        <time>2024-08-04T23:07:22.013Z</time>
      </trkpt>
      <trkpt lat="19.200548" lon="-98.704319">
        <ele>3376.998</ele>
        <time>2024-08-04T23:07:27.013Z</time>
      </trkpt>
      <trkpt lat="19.200594" lon="-98.704304">
        <ele>3376.117</ele>
        <time>2024-08-04T23:07:31.013Z</time>
      </trkpt>
      <trkpt lat="19.200636" lon="-98.704274">
        <ele>3375.509</ele>
        <time>2024-08-04T23:07:36.013Z</time>
      </trkpt>
      <trkpt lat="19.200689" lon="-98.704257">
        <ele>3375.562</ele>
        <time>2024-08-04T23:07:41.013Z</time>
      </trkpt>
      <trkpt lat="19.200734" lon="-98.704238">
        <ele>3375.938</ele>
        <time>2024-08-04T23:07:46.013Z</time>
      </trkpt>
      <trkpt lat="19.200789" lon="-98.704235">
        <ele>3376.510</ele>
        <time>2024-08-04T23:07:51.013Z</time>
      </trkpt>
      <trkpt lat="19.200838" lon="-98.704217">
        <ele>3376.949</ele>
        <time>2024-08-04T23:07:56.013Z</time>
      </trkpt>
      <trkpt lat="19.200888" lon="-98.704216">
        <ele>3378.352</ele>
        <time>2024-08-04T23:08:01.013Z</time>
      </trkpt>
      <trkpt lat="19.200940" lon="-98.704219">
        <ele>3380.280</ele>
        <time>2024-08-04T23:08:06.013Z</time>
      </trkpt>
      <trkpt lat="19.200989" lon="-98.704224">
        <ele>3382.533</ele>
        <time>2024-08-04T23:08:11.013Z</time>
      </trkpt>
      <trkpt lat="19.201039" lon="-98.704227">
        <ele>3383.058</ele>
        <time>2024-08-04T23:08:16.013Z</time>
      </trkpt>
      <trkpt lat="19.201085" lon="-98.704237">
        <ele>3382.830</ele>
        <time>2024-08-04T23:08:23.013Z</time>
      </trkpt>
      <trkpt lat="19.201137" lon="-98.704249">
        <ele>3382.819</ele>
        <time>2024-08-04T23:08:28.013Z</time>
      </trkpt>
      <trkpt lat="19.201187" lon="-98.704275">
        <ele>3381.209</ele>
        <time>2024-08-04T23:08:33.013Z</time>
      </trkpt>
      <trkpt lat="19.201234" lon="-98.704310">
        <ele>3376.419</ele>
        <time>2024-08-04T23:08:38.013Z</time>
      </trkpt>
      <trkpt lat="19.201269" lon="-98.704344">
        <ele>3375.409</ele>
        <time>2024-08-04T23:08:42.013Z</time>
      </trkpt>
      <trkpt lat="19.201309" lon="-98.704375">
        <ele>3375.332</ele>
        <time>2024-08-04T23:08:47.013Z</time>
      </trkpt>
      <trkpt lat="19.201348" lon="-98.704410">
        <ele>3375.398</ele>
        <time>2024-08-04T23:08:52.013Z</time>
      </trkpt>
      <trkpt lat="19.201375" lon="-98.704459">
        <ele>3376.530</ele>
        <time>2024-08-04T23:08:57.013Z</time>
      </trkpt>
      <trkpt lat="19.201390" lon="-98.704504">
        <ele>3376.519</ele>
        <time>2024-08-04T23:09:01.013Z</time>
      </trkpt>
      <trkpt lat="19.201410" lon="-98.704556">
        <ele>3376.572</ele>
        <time>2024-08-04T23:09:06.013Z</time>
      </trkpt>
      <trkpt lat="19.201425" lon="-98.704603">
        <ele>3376.360</ele>
        <time>2024-08-04T23:09:10.013Z</time>
      </trkpt>
      <trkpt lat="19.201426" lon="-98.704660">
        <ele>3374.393</ele>
        <time>2024-08-04T23:09:15.013Z</time>
      </trkpt>
      <trkpt lat="19.201393" lon="-98.704706">
        <ele>3374.238</ele>
        <time>2024-08-04T23:09:19.013Z</time>
      </trkpt>
      <trkpt lat="19.201384" lon="-98.704756">
        <ele>3374.240</ele>
        <time>2024-08-04T23:09:23.013Z</time>
      </trkpt>
      <trkpt lat="19.201381" lon="-98.704811">
        <ele>3374.791</ele>
        <time>2024-08-04T23:09:27.013Z</time>
      </trkpt>
      <trkpt lat="19.201385" lon="-98.704861">
        <ele>3377.781</ele>
        <time>2024-08-04T23:09:31.013Z</time>
      </trkpt>
      <trkpt lat="19.201401" lon="-98.704909">
        <ele>3379.719</ele>
        <time>2024-08-04T23:09:36.013Z</time>
      </trkpt>
      <trkpt lat="19.201410" lon="-98.704959">
        <ele>3381.709</ele>
        <time>2024-08-04T23:09:40.013Z</time>
      </trkpt>
      <trkpt lat="19.201419" lon="-98.705006">
        <ele>3382.510</ele>
        <time>2024-08-04T23:09:44.013Z</time>
      </trkpt>
      <trkpt lat="19.201422" lon="-98.705062">
        <ele>3382.846</ele>
        <time>2024-08-04T23:09:49.013Z</time>
      </trkpt>
      <trkpt lat="19.201437" lon="-98.705112">
        <ele>3383.028</ele>
        <time>2024-08-04T23:09:53.013Z</time>
      </trkpt>
      <trkpt lat="19.201446" lon="-98.705161">
        <ele>3383.357</ele>
        <time>2024-08-04T23:09:57.013Z</time>
      </trkpt>
      <trkpt lat="19.201463" lon="-98.705210">
        <ele>3384.030</ele>
        <time>2024-08-04T23:10:01.013Z</time>
      </trkpt>
      <trkpt lat="19.201457" lon="-98.705268">
        <ele>3383.758</ele>
        <time>2024-08-04T23:10:06.013Z</time>
      </trkpt>
      <trkpt lat="19.201445" lon="-98.705318">
        <ele>3383.441</ele>
        <time>2024-08-04T23:10:10.013Z</time>
      </trkpt>
      <trkpt lat="19.201444" lon="-98.705370">
        <ele>3384.116</ele>
        <time>2024-08-04T23:10:14.013Z</time>
      </trkpt>
      <trkpt lat="19.201446" lon="-98.705423">
        <ele>3384.238</ele>
        <time>2024-08-04T23:10:18.013Z</time>
      </trkpt>
      <trkpt lat="19.201450" lon="-98.705473">
        <ele>3384.041</ele>
        <time>2024-08-04T23:10:22.013Z</time>
      </trkpt>
      <trkpt lat="19.201455" lon="-98.705533">
        <ele>3383.281</ele>
        <time>2024-08-04T23:10:26.013Z</time>
      </trkpt>
      <trkpt lat="19.201442" lon="-98.705588">
        <ele>3383.209</ele>
        <time>2024-08-04T23:10:30.013Z</time>
      </trkpt>
      <trkpt lat="19.201418" lon="-98.705636">
        <ele>3382.809</ele>
        <time>2024-08-04T23:10:33.013Z</time>
      </trkpt>
      <trkpt lat="19.201414" lon="-98.705687">
        <ele>3382.595</ele>
        <time>2024-08-04T23:10:36.013Z</time>
      </trkpt>
      <trkpt lat="19.201418" lon="-98.705748">
        <ele>3382.281</ele>
        <time>2024-08-04T23:10:40.013Z</time>
      </trkpt>
      <trkpt lat="19.201434" lon="-98.705801">
        <ele>3382.573</ele>
        <time>2024-08-04T23:10:44.013Z</time>
      </trkpt>
      <trkpt lat="19.201449" lon="-98.705855">
        <ele>3382.522</ele>
        <time>2024-08-04T23:10:48.013Z</time>
      </trkpt>
      <trkpt lat="19.201456" lon="-98.705912">
        <ele>3382.515</ele>
        <time>2024-08-04T23:10:52.013Z</time>
      </trkpt>
      <trkpt lat="19.201466" lon="-98.705967">
        <ele>3382.163</ele>
        <time>2024-08-04T23:10:56.013Z</time>
      </trkpt>
      <trkpt lat="19.201466" lon="-98.706027">
        <ele>3380.416</ele>
        <time>2024-08-04T23:11:00.013Z</time>
      </trkpt>
      <trkpt lat="19.201465" lon="-98.706083">
        <ele>3379.741</ele>
        <time>2024-08-04T23:11:04.013Z</time>
      </trkpt>
      <trkpt lat="19.201467" lon="-98.706145">
        <ele>3379.253</ele>
        <time>2024-08-04T23:11:08.013Z</time>
      </trkpt>
      <trkpt lat="19.201458" lon="-98.706192">
        <ele>3379.089</ele>
        <time>2024-08-04T23:11:11.013Z</time>
      </trkpt>
      <trkpt lat="19.201452" lon="-98.706239">
        <ele>3378.706</ele>
        <time>2024-08-04T23:11:14.013Z</time>
      </trkpt>
      <trkpt lat="19.201441" lon="-98.706295">
        <ele>3378.526</ele>
        <time>2024-08-04T23:11:18.013Z</time>
      </trkpt>
      <trkpt lat="19.201428" lon="-98.706353">
        <ele>3378.309</ele>
        <time>2024-08-04T23:11:22.013Z</time>
      </trkpt>
      <trkpt lat="19.201407" lon="-98.706400">
        <ele>3378.599</ele>
        <time>2024-08-04T23:11:25.013Z</time>
      </trkpt>
      <trkpt lat="19.201403" lon="-98.706450">
        <ele>3378.925</ele>
        <time>2024-08-04T23:11:29.013Z</time>
      </trkpt>
      <trkpt lat="19.201402" lon="-98.706500">
        <ele>3379.837</ele>
        <time>2024-08-04T23:11:33.013Z</time>
      </trkpt>
      <trkpt lat="19.201387" lon="-98.706555">
        <ele>3381.486</ele>
        <time>2024-08-04T23:11:37.013Z</time>
      </trkpt>
      <trkpt lat="19.201371" lon="-98.706613">
        <ele>3382.259</ele>
        <time>2024-08-04T23:11:41.013Z</time>
      </trkpt>
      <trkpt lat="19.201369" lon="-98.706668">
        <ele>3382.317</ele>
        <time>2024-08-04T23:11:45.013Z</time>
      </trkpt>
      <trkpt lat="19.201358" lon="-98.706717">
        <ele>3382.110</ele>
        <time>2024-08-04T23:11:49.013Z</time>
      </trkpt>
      <trkpt lat="19.201337" lon="-98.706769">
        <ele>3381.245</ele>
        <time>2024-08-04T23:11:54.013Z</time>
      </trkpt>
      <trkpt lat="19.201327" lon="-98.706818">
        <ele>3380.967</ele>
        <time>2024-08-04T23:12:13.013Z</time>
      </trkpt>
      <trkpt lat="19.201317" lon="-98.706871">
        <ele>3380.529</ele>
        <time>2024-08-04T23:12:18.013Z</time>
      </trkpt>
      <trkpt lat="19.201294" lon="-98.706917">
        <ele>3380.100</ele>
        <time>2024-08-04T23:12:23.013Z</time>
      </trkpt>
      <trkpt lat="19.201273" lon="-98.706960">
        <ele>3379.220</ele>
        <time>2024-08-04T23:12:27.013Z</time>
      </trkpt>
      <trkpt lat="19.201267" lon="-98.707017">
        <ele>3379.209</ele>
        <time>2024-08-04T23:12:31.013Z</time>
      </trkpt>
      <trkpt lat="19.201254" lon="-98.707067">
        <ele>3378.613</ele>
        <time>2024-08-04T23:12:35.013Z</time>
      </trkpt>
      <trkpt lat="19.201239" lon="-98.707117">
        <ele>3378.669</ele>
        <time>2024-08-04T23:12:39.013Z</time>
      </trkpt>
      <trkpt lat="19.201215" lon="-98.707170">
        <ele>3379.061</ele>
        <time>2024-08-04T23:12:43.013Z</time>
      </trkpt>
      <trkpt lat="19.201187" lon="-98.707213">
        <ele>3379.540</ele>
        <time>2024-08-04T23:12:47.013Z</time>
      </trkpt>
      <trkpt lat="19.201167" lon="-98.707258">
        <ele>3380.833</ele>
        <time>2024-08-04T23:12:51.013Z</time>
      </trkpt>
      <trkpt lat="19.201148" lon="-98.707304">
        <ele>3382.511</ele>
        <time>2024-08-04T23:12:55.013Z</time>
      </trkpt>
      <trkpt lat="19.201133" lon="-98.707362">
        <ele>3383.324</ele>
        <time>2024-08-04T23:13:00.013Z</time>
      </trkpt>
      <trkpt lat="19.201119" lon="-98.707409">
        <ele>3383.549</ele>
        <time>2024-08-04T23:13:04.013Z</time>
      </trkpt>
      <trkpt lat="19.201094" lon="-98.707458">
        <ele>3383.581</ele>
        <time>2024-08-04T23:13:09.013Z</time>
      </trkpt>
      <trkpt lat="19.201077" lon="-98.707506">
        <ele>3383.554</ele>
        <time>2024-08-04T23:13:13.013Z</time>
      </trkpt>
      <trkpt lat="19.201069" lon="-98.707563">
        <ele>3384.156</ele>
        <time>2024-08-04T23:13:18.013Z</time>
      </trkpt>
      <trkpt lat="19.201071" lon="-98.707622">
        <ele>3384.011</ele>
        <time>2024-08-04T23:13:23.013Z</time>
      </trkpt>
      <trkpt lat="19.201059" lon="-98.707680">
        <ele>3382.909</ele>
        <time>2024-08-04T23:13:28.013Z</time>
      </trkpt>
      <trkpt lat="19.201045" lon="-98.707733">
        <ele>3382.916</ele>
        <time>2024-08-04T23:13:32.013Z</time>
      </trkpt>
      <trkpt lat="19.201031" lon="-98.707783">
        <ele>3383.662</ele>
        <time>2024-08-04T23:13:36.013Z</time>
      </trkpt>
      <trkpt lat="19.201040" lon="-98.707832">
        <ele>3383.884</ele>
        <time>2024-08-04T23:13:40.013Z</time>
      </trkpt>
      <trkpt lat="19.201040" lon="-98.707884">
        <ele>3383.863</ele>
        <time>2024-08-04T23:13:44.013Z</time>
      </trkpt>
      <trkpt lat="19.201048" lon="-98.707936">
        <ele>3385.576</ele>
        <time>2024-08-04T23:13:48.013Z</time>
      </trkpt>
      <trkpt lat="19.201068" lon="-98.707986">
        <ele>3385.624</ele>
        <time>2024-08-04T23:13:52.013Z</time>
      </trkpt>
      <trkpt lat="19.201106" lon="-98.708028">
        <ele>3385.687</ele>
        <time>2024-08-04T23:13:56.013Z</time>
      </trkpt>
      <trkpt lat="19.201155" lon="-98.708058">
        <ele>3385.252</ele>
        <time>2024-08-04T23:14:00.013Z</time>
      </trkpt>
      <trkpt lat="19.201208" lon="-98.708082">
        <ele>3384.014</ele>
        <time>2024-08-04T23:14:04.013Z</time>
      </trkpt>
      <trkpt lat="19.201253" lon="-98.708122">
        <ele>3383.078</ele>
        <time>2024-08-04T23:14:08.013Z</time>
      </trkpt>
      <trkpt lat="19.201292" lon="-98.708164">
        <ele>3382.133</ele>
        <time>2024-08-04T23:14:12.013Z</time>
      </trkpt>
      <trkpt lat="19.201326" lon="-98.708205">
        <ele>3381.526</ele>
        <time>2024-08-04T23:14:16.013Z</time>
      </trkpt>
      <trkpt lat="19.201364" lon="-98.708246">
        <ele>3381.309</ele>
        <time>2024-08-04T23:14:20.013Z</time>
      </trkpt>
      <trkpt lat="19.201391" lon="-98.708295">
        <ele>3381.098</ele>
        <time>2024-08-04T23:14:24.013Z</time>
      </trkpt>
      <trkpt lat="19.201425" lon="-98.708343">
        <ele>3379.544</ele>
        <time>2024-08-04T23:14:28.013Z</time>
      </trkpt>
      <trkpt lat="19.201454" lon="-98.708390">
        <ele>3379.016</ele>
        <time>2024-08-04T23:14:32.013Z</time>
      </trkpt>
      <trkpt lat="19.201485" lon="-98.708436">
        <ele>3378.995</ele>
        <time>2024-08-04T23:14:36.013Z</time>
      </trkpt>
      <trkpt lat="19.201526" lon="-98.708472">
        <ele>3378.898</ele>
        <time>2024-08-04T23:14:40.013Z</time>
      </trkpt>
      <trkpt lat="19.201571" lon="-98.708502">
        <ele>3378.766</ele>
        <time>2024-08-04T23:14:44.013Z</time>
      </trkpt>
      <trkpt lat="19.201613" lon="-98.708537">
        <ele>3378.349</ele>
        <time>2024-08-04T23:14:48.013Z</time>
      </trkpt>
      <trkpt lat="19.201657" lon="-98.708567">
        <ele>3377.954</ele>
        <time>2024-08-04T23:14:52.013Z</time>
      </trkpt>
      <trkpt lat="19.201704" lon="-98.708597">
        <ele>3377.556</ele>
        <time>2024-08-04T23:14:56.013Z</time>
      </trkpt>
      <trkpt lat="19.201748" lon="-98.708630">
        <ele>3377.238</ele>
        <time>2024-08-04T23:15:00.013Z</time>
      </trkpt>
      <trkpt lat="19.201787" lon="-98.708670">
        <ele>3377.270</ele>
        <time>2024-08-04T23:15:04.013Z</time>
      </trkpt>
      <trkpt lat="19.201812" lon="-98.708711">
        <ele>3376.417</ele>
        <time>2024-08-04T23:15:08.013Z</time>
      </trkpt>
      <trkpt lat="19.201835" lon="-98.708754">
        <ele>3375.109</ele>
        <time>2024-08-04T23:15:12.013Z</time>
      </trkpt>
      <trkpt lat="19.201855" lon="-98.708801">
        <ele>3374.244</ele>
        <time>2024-08-04T23:15:16.013Z</time>
      </trkpt>
      <trkpt lat="19.201882" lon="-98.708855">
        <ele>3373.510</ele>
        <time>2024-08-04T23:15:20.013Z</time>
      </trkpt>
      <trkpt lat="19.201914" lon="-98.708900">
        <ele>3372.142</ele>
        <time>2024-08-04T23:15:24.013Z</time>
      </trkpt>
      <trkpt lat="19.201954" lon="-98.708936">
        <ele>3371.511</ele>
        <time>2024-08-04T23:15:28.013Z</time>
      </trkpt>
      <trkpt lat="19.201998" lon="-98.708971">
        <ele>3370.724</ele>
        <time>2024-08-04T23:15:32.013Z</time>
      </trkpt>
      <trkpt lat="19.202037" lon="-98.709006">
        <ele>3369.122</ele>
        <time>2024-08-04T23:15:36.013Z</time>
      </trkpt>
      <trkpt lat="19.202071" lon="-98.709045">
        <ele>3369.125</ele>
        <time>2024-08-04T23:15:40.013Z</time>
      </trkpt>
      <trkpt lat="19.202099" lon="-98.709086">
        <ele>3368.980</ele>
        <time>2024-08-04T23:15:44.013Z</time>
      </trkpt>
      <trkpt lat="19.202139" lon="-98.709118">
        <ele>3368.752</ele>
        <time>2024-08-04T23:15:48.013Z</time>
      </trkpt>
      <trkpt lat="19.202178" lon="-98.709156">
        <ele>3368.764</ele>
        <time>2024-08-04T23:15:52.013Z</time>
      </trkpt>
      <trkpt lat="19.202216" lon="-98.709194">
        <ele>3368.806</ele>
        <time>2024-08-04T23:15:56.013Z</time>
      </trkpt>
      <trkpt lat="19.202254" lon="-98.709229">
        <ele>3368.916</ele>
        <time>2024-08-04T23:16:00.013Z</time>
      </trkpt>
      <trkpt lat="19.202288" lon="-98.709262">
        <ele>3368.709</ele>
        <time>2024-08-04T23:16:04.013Z</time>
      </trkpt>
      <trkpt lat="19.202332" lon="-98.709295">
        <ele>3369.027</ele>
        <time>2024-08-04T23:16:09.013Z</time>
      </trkpt>
      <trkpt lat="19.202367" lon="-98.709328">
        <ele>3369.423</ele>
        <time>2024-08-04T23:16:13.013Z</time>
      </trkpt>
      <trkpt lat="19.202411" lon="-98.709348">
        <ele>3369.745</ele>
        <time>2024-08-04T23:16:17.013Z</time>
      </trkpt>
      <trkpt lat="19.202453" lon="-98.709380">
        <ele>3370.784</ele>
        <time>2024-08-04T23:16:21.013Z</time>
      </trkpt>
      <trkpt lat="19.202501" lon="-98.709400">
        <ele>3371.577</ele>
        <time>2024-08-04T23:16:25.013Z</time>
      </trkpt>
      <trkpt lat="19.202547" lon="-98.709423">
        <ele>3371.595</ele>
        <time>2024-08-04T23:16:29.013Z</time>
      </trkpt>
      <trkpt lat="19.202602" lon="-98.709448">
        <ele>3370.978</ele>
        <time>2024-08-04T23:16:33.013Z</time>
      </trkpt>
      <trkpt lat="19.202655" lon="-98.709470">
        <ele>3370.663</ele>
        <time>2024-08-04T23:16:37.013Z</time>
      </trkpt>
      <trkpt lat="19.202706" lon="-98.709480">
        <ele>3369.865</ele>
        <time>2024-08-04T23:16:41.013Z</time>
      </trkpt>
      <trkpt lat="19.202760" lon="-98.709483">
        <ele>3369.074</ele>
        <time>2024-08-04T23:16:45.013Z</time>
      </trkpt>
      <trkpt lat="19.202812" lon="-98.709486">
        <ele>3368.356</ele>
        <time>2024-08-04T23:16:49.013Z</time>
      </trkpt>
      <trkpt lat="19.202867" lon="-98.709494">
        <ele>3367.521</ele>
        <time>2024-08-04T23:16:53.013Z</time>
      </trkpt>
      <trkpt lat="19.202919" lon="-98.709498">
        <ele>3364.909</ele>
        <time>2024-08-04T23:16:57.013Z</time>
      </trkpt>
      <trkpt lat="19.202973" lon="-98.709505">
        <ele>3363.048</ele>
        <time>2024-08-04T23:17:01.013Z</time>
      </trkpt>
      <trkpt lat="19.203025" lon="-98.709500">
        <ele>3361.774</ele>
        <time>2024-08-04T23:17:05.013Z</time>
      </trkpt>
      <trkpt lat="19.203077" lon="-98.709490">
        <ele>3360.576</ele>
        <time>2024-08-04T23:17:09.013Z</time>
      </trkpt>
      <trkpt lat="19.203122" lon="-98.709480">
        <ele>3360.055</ele>
        <time>2024-08-04T23:17:13.013Z</time>
      </trkpt>
      <trkpt lat="19.203172" lon="-98.709485">
        <ele>3357.468</ele>
        <time>2024-08-04T23:17:18.013Z</time>
      </trkpt>
      <trkpt lat="19.203222" lon="-98.709484">
        <ele>3356.366</ele>
        <time>2024-08-04T23:17:22.013Z</time>
      </trkpt>
      <trkpt lat="19.203269" lon="-98.709469">
        <ele>3356.369</ele>
        <time>2024-08-04T23:17:26.013Z</time>
      </trkpt>
      <trkpt lat="19.203312" lon="-98.709444">
        <ele>3355.634</ele>
        <time>2024-08-04T23:17:30.013Z</time>
      </trkpt>
      <trkpt lat="19.203359" lon="-98.709425">
        <ele>3355.416</ele>
        <time>2024-08-04T23:17:34.013Z</time>
      </trkpt>
      <trkpt lat="19.203409" lon="-98.709414">
        <ele>3355.417</ele>
        <time>2024-08-04T23:17:38.013Z</time>
      </trkpt>
      <trkpt lat="19.203456" lon="-98.709395">
        <ele>3355.287</ele>
        <time>2024-08-04T23:17:42.013Z</time>
      </trkpt>
      <trkpt lat="19.203501" lon="-98.709371">
        <ele>3354.915</ele>
        <time>2024-08-04T23:17:46.013Z</time>
      </trkpt>
      <trkpt lat="19.203556" lon="-98.709361">
        <ele>3354.409</ele>
        <time>2024-08-04T23:17:50.013Z</time>
      </trkpt>
      <trkpt lat="19.203608" lon="-98.709346">
        <ele>3354.112</ele>
        <time>2024-08-04T23:17:54.013Z</time>
      </trkpt>
      <trkpt lat="19.203652" lon="-98.709317">
        <ele>3354.138</ele>
        <time>2024-08-04T23:17:58.013Z</time>
      </trkpt>
      <trkpt lat="19.203696" lon="-98.709291">
        <ele>3354.180</ele>
        <time>2024-08-04T23:18:02.013Z</time>
      </trkpt>
      <trkpt lat="19.203743" lon="-98.709265">
        <ele>3354.119</ele>
        <time>2024-08-04T23:18:06.013Z</time>
      </trkpt>
      <trkpt lat="19.203799" lon="-98.709259">
        <ele>3354.562</ele>
        <time>2024-08-04T23:18:10.013Z</time>
      </trkpt>
      <trkpt lat="19.203854" lon="-98.709266">
        <ele>3354.870</ele>
        <time>2024-08-04T23:18:14.013Z</time>
      </trkpt>
      <trkpt lat="19.203902" lon="-98.709280">
        <ele>3355.683</ele>
        <time>2024-08-04T23:18:18.013Z</time>
      </trkpt>
      <trkpt lat="19.203948" lon="-98.709291">
        <ele>3356.718</ele>
        <time>2024-08-04T23:18:22.013Z</time>
      </trkpt>
      <trkpt lat="19.203992" lon="-98.709305">
        <ele>3357.920</ele>
        <time>2024-08-04T23:18:26.013Z</time>
      </trkpt>
      <trkpt lat="19.204036" lon="-98.709332">
        <ele>3358.484</ele>
        <time>2024-08-04T23:18:30.013Z</time>
      </trkpt>
      <trkpt lat="19.204083" lon="-98.709343">
        <ele>3358.907</ele>
        <time>2024-08-04T23:18:34.013Z</time>
      </trkpt>
      <trkpt lat="19.204133" lon="-98.709358">
        <ele>3359.417</ele>
        <time>2024-08-04T23:18:38.013Z</time>
      </trkpt>
      <trkpt lat="19.204181" lon="-98.709375">
        <ele>3359.509</ele>
        <time>2024-08-04T23:18:42.013Z</time>
      </trkpt>
      <trkpt lat="19.204235" lon="-98.709389">
        <ele>3359.439</ele>
        <time>2024-08-04T23:18:47.013Z</time>
      </trkpt>
      <trkpt lat="19.204285" lon="-98.709407">
        <ele>3358.845</ele>
        <time>2024-08-04T23:18:51.013Z</time>
      </trkpt>
      <trkpt lat="19.204335" lon="-98.709432">
        <ele>3356.837</ele>
        <time>2024-08-04T23:18:55.013Z</time>
      </trkpt>
      <trkpt lat="19.204382" lon="-98.709460">
        <ele>3355.466</ele>
        <time>2024-08-04T23:18:59.013Z</time>
      </trkpt>
      <trkpt lat="19.204430" lon="-98.709490">
        <ele>3353.619</ele>
        <time>2024-08-04T23:19:03.013Z</time>
      </trkpt>
      <trkpt lat="19.204479" lon="-98.709516">
        <ele>3353.257</ele>
        <time>2024-08-04T23:19:07.013Z</time>
      </trkpt>
      <trkpt lat="19.204527" lon="-98.709530">
        <ele>3352.950</ele>
        <time>2024-08-04T23:19:11.013Z</time>
      </trkpt>
      <trkpt lat="19.204570" lon="-98.709549">
        <ele>3352.485</ele>
        <time>2024-08-04T23:19:15.013Z</time>
      </trkpt>
      <trkpt lat="19.204612" lon="-98.709576">
        <ele>3352.467</ele>
        <time>2024-08-04T23:19:19.013Z</time>
      </trkpt>
      <trkpt lat="19.204664" lon="-98.709587">
        <ele>3352.225</ele>
        <time>2024-08-04T23:19:23.013Z</time>
      </trkpt>
      <trkpt lat="19.204711" lon="-98.709604">
        <ele>3351.526</ele>
        <time>2024-08-04T23:19:27.013Z</time>
      </trkpt>
      <trkpt lat="19.204759" lon="-98.709626">
        <ele>3351.308</ele>
        <time>2024-08-04T23:19:31.013Z</time>
      </trkpt>
      <trkpt lat="19.204808" lon="-98.709651">
        <ele>3349.509</ele>
        <time>2024-08-04T23:19:35.013Z</time>
      </trkpt>
      <trkpt lat="19.204857" lon="-98.709680">
        <ele>3349.283</ele>
        <time>2024-08-04T23:19:39.013Z</time>
      </trkpt>
      <trkpt lat="19.204900" lon="-98.709696">
        <ele>3349.189</ele>
        <time>2024-08-04T23:19:42.013Z</time>
      </trkpt>
      <trkpt lat="19.204942" lon="-98.709716">
        <ele>3349.121</ele>
        <time>2024-08-04T23:19:45.013Z</time>
      </trkpt>
      <trkpt lat="19.204993" lon="-98.709732">
        <ele>3349.530</ele>
        <time>2024-08-04T23:19:49.013Z</time>
      </trkpt>
      <trkpt lat="19.205035" lon="-98.709756">
        <ele>3350.313</ele>
        <time>2024-08-04T23:19:53.013Z</time>
      </trkpt>
      <trkpt lat="19.205082" lon="-98.709786">
        <ele>3350.711</ele>
        <time>2024-08-04T23:19:57.013Z</time>
      </trkpt>
      <trkpt lat="19.205132" lon="-98.709808">
        <ele>3351.074</ele>
        <time>2024-08-04T23:20:01.013Z</time>
      </trkpt>
      <trkpt lat="19.205183" lon="-98.709839">
        <ele>3350.919</ele>
        <time>2024-08-04T23:20:05.013Z</time>
      </trkpt>
      <trkpt lat="19.205226" lon="-98.709854">
        <ele>3350.911</ele>
        <time>2024-08-04T23:20:08.013Z</time>
      </trkpt>
      <trkpt lat="19.205276" lon="-98.709869">
        <ele>3350.447</ele>
        <time>2024-08-04T23:20:12.013Z</time>
      </trkpt>
      <trkpt lat="19.205326" lon="-98.709877">
        <ele>3348.929</ele>
        <time>2024-08-04T23:20:16.013Z</time>
      </trkpt>
      <trkpt lat="19.205380" lon="-98.709888">
        <ele>3346.621</ele>
        <time>2024-08-04T23:20:20.013Z</time>
      </trkpt>
      <trkpt lat="19.205430" lon="-98.709902">
        <ele>3344.709</ele>
        <time>2024-08-04T23:20:24.013Z</time>
      </trkpt>
      <trkpt lat="19.205478" lon="-98.709913">
        <ele>3341.635</ele>
        <time>2024-08-04T23:20:28.013Z</time>
      </trkpt>
      <trkpt lat="19.205529" lon="-98.709918">
        <ele>3341.151</ele>
        <time>2024-08-04T23:20:32.013Z</time>
      </trkpt>
      <trkpt lat="19.205585" lon="-98.709931">
        <ele>3338.843</ele>
        <time>2024-08-04T23:20:36.013Z</time>
      </trkpt>
      <trkpt lat="19.205640" lon="-98.709946">
        <ele>3338.482</ele>
        <time>2024-08-04T23:20:40.013Z</time>
      </trkpt>
      <trkpt lat="19.205694" lon="-98.709961">
        <ele>3338.415</ele>
        <time>2024-08-04T23:20:44.013Z</time>
      </trkpt>
      <trkpt lat="19.205739" lon="-98.709971">
        <ele>3338.623</ele>
        <time>2024-08-04T23:20:47.013Z</time>
      </trkpt>
      <trkpt lat="19.205793" lon="-98.709976">
        <ele>3339.676</ele>
        <time>2024-08-04T23:20:51.013Z</time>
      </trkpt>
      <trkpt lat="19.205839" lon="-98.709971">
        <ele>3339.421</ele>
        <time>2024-08-04T23:20:55.013Z</time>
      </trkpt>
      <trkpt lat="19.205885" lon="-98.709963">
        <ele>3339.253</ele>
        <time>2024-08-04T23:20:59.013Z</time>
      </trkpt>
      <trkpt lat="19.205935" lon="-98.709962">
        <ele>3337.695</ele>
        <time>2024-08-04T23:21:04.013Z</time>
      </trkpt>
      <trkpt lat="19.205978" lon="-98.709999">
        <ele>3340.549</ele>
        <time>2024-08-04T23:22:21.013Z</time>
      </trkpt>
      <trkpt lat="19.206026" lon="-98.710017">
        <ele>3340.523</ele>
        <time>2024-08-04T23:22:25.013Z</time>
      </trkpt>
      <trkpt lat="19.206080" lon="-98.710036">
        <ele>3340.509</ele>
        <time>2024-08-04T23:22:29.013Z</time>
      </trkpt>
      <trkpt lat="19.206123" lon="-98.710052">
        <ele>3340.590</ele>
        <time>2024-08-04T23:22:32.013Z</time>
      </trkpt>
      <trkpt lat="19.206171" lon="-98.710067">
        <ele>3340.586</ele>
        <time>2024-08-04T23:22:36.013Z</time>
      </trkpt>
      <trkpt lat="19.206226" lon="-98.710071">
        <ele>3337.158</ele>
        <time>2024-08-04T23:22:40.013Z</time>
      </trkpt>
      <trkpt lat="19.206270" lon="-98.710082">
        <ele>3337.157</ele>
        <time>2024-08-04T23:22:43.013Z</time>
      </trkpt>
      <trkpt lat="19.206325" lon="-98.710103">
        <ele>3337.460</ele>
        <time>2024-08-04T23:22:47.013Z</time>
      </trkpt>
      <trkpt lat="19.206368" lon="-98.710120">
        <ele>3338.138</ele>
        <time>2024-08-04T23:22:50.013Z</time>
      </trkpt>
      <trkpt lat="19.206414" lon="-98.710121">
        <ele>3339.181</ele>
        <time>2024-08-04T23:22:53.013Z</time>
      </trkpt>
      <trkpt lat="19.206471" lon="-98.710137">
        <ele>3339.826</ele>
        <time>2024-08-04T23:22:57.013Z</time>
      </trkpt>
      <trkpt lat="19.206527" lon="-98.710156">
        <ele>3339.838</ele>
        <time>2024-08-04T23:23:01.013Z</time>
      </trkpt>
      <trkpt lat="19.206577" lon="-98.710182">
        <ele>3340.246</ele>
        <time>2024-08-04T23:23:05.013Z</time>
      </trkpt>
      <trkpt lat="19.206633" lon="-98.710194">
        <ele>3340.888</ele>
        <time>2024-08-04T23:23:09.013Z</time>
      </trkpt>
      <trkpt lat="19.206680" lon="-98.710215">
        <ele>3340.816</ele>
        <time>2024-08-04T23:23:13.013Z</time>
      </trkpt>
      <trkpt lat="19.206725" lon="-98.710227">
        <ele>3340.409</ele>
        <time>2024-08-04T23:23:16.013Z</time>
      </trkpt>
      <trkpt lat="19.206774" lon="-98.710245">
        <ele>3340.485</ele>
        <time>2024-08-04T23:23:20.013Z</time>
      </trkpt>
      <trkpt lat="19.206827" lon="-98.710242">
        <ele>3340.071</ele>
        <time>2024-08-04T23:23:24.013Z</time>
      </trkpt>
      <trkpt lat="19.206881" lon="-98.710254">
        <ele>3336.913</ele>
        <time>2024-08-04T23:23:28.013Z</time>
      </trkpt>
      <trkpt lat="19.206932" lon="-98.710245">
        <ele>3336.352</ele>
        <time>2024-08-04T23:23:32.013Z</time>
      </trkpt>
      <trkpt lat="19.206987" lon="-98.710245">
        <ele>3335.745</ele>
        <time>2024-08-04T23:23:36.013Z</time>
      </trkpt>
      <trkpt lat="19.207048" lon="-98.710244">
        <ele>3333.853</ele>
        <time>2024-08-04T23:23:40.013Z</time>
      </trkpt>
      <trkpt lat="19.207093" lon="-98.710244">
        <ele>3332.216</ele>
        <time>2024-08-04T23:23:43.013Z</time>
      </trkpt>
      <trkpt lat="19.207147" lon="-98.710249">
        <ele>3328.831</ele>
        <time>2024-08-04T23:23:47.013Z</time>
      </trkpt>
      <trkpt lat="19.207197" lon="-98.710269">
        <ele>3326.633</ele>
        <time>2024-08-04T23:23:51.013Z</time>
      </trkpt>
      <trkpt lat="19.207253" lon="-98.710283">
        <ele>3325.417</ele>
        <time>2024-08-04T23:23:55.013Z</time>
      </trkpt>
      <trkpt lat="19.207301" lon="-98.710306">
        <ele>3323.987</ele>
        <time>2024-08-04T23:23:59.013Z</time>
      </trkpt>
      <trkpt lat="19.207341" lon="-98.710330">
        <ele>3321.615</ele>
        <time>2024-08-04T23:24:04.013Z</time>
      </trkpt>
      <trkpt lat="19.207327" lon="-98.710391">
        <ele>3317.809</ele>
        <time>2024-08-04T23:24:08.013Z</time>
      </trkpt>
      <trkpt lat="19.207290" lon="-98.710430">
        <ele>3316.232</ele>
        <time>2024-08-04T23:24:11.013Z</time>
      </trkpt>
      <trkpt lat="19.207251" lon="-98.710457">
        <ele>3316.228</ele>
        <time>2024-08-04T23:24:14.013Z</time>
      </trkpt>
      <trkpt lat="19.207213" lon="-98.710501">
        <ele>3316.220</ele>
        <time>2024-08-04T23:24:18.013Z</time>
      </trkpt>
      <trkpt lat="19.207180" lon="-98.710549">
        <ele>3316.719</ele>
        <time>2024-08-04T23:24:22.013Z</time>
      </trkpt>
      <trkpt lat="19.207140" lon="-98.710587">
        <ele>3319.532</ele>
        <time>2024-08-04T23:24:26.013Z</time>
      </trkpt>
      <trkpt lat="19.207102" lon="-98.710620">
        <ele>3319.640</ele>
        <time>2024-08-04T23:24:29.013Z</time>
      </trkpt>
      <trkpt lat="19.207066" lon="-98.710652">
        <ele>3320.153</ele>
        <time>2024-08-04T23:24:32.013Z</time>
      </trkpt>
      <trkpt lat="19.207028" lon="-98.710682">
        <ele>3320.628</ele>
        <time>2024-08-04T23:24:35.013Z</time>
      </trkpt>
      <trkpt lat="19.206989" lon="-98.710709">
        <ele>3320.830</ele>
        <time>2024-08-04T23:24:38.013Z</time>
      </trkpt>
      <trkpt lat="19.206947" lon="-98.710737">
        <ele>3321.219</ele>
        <time>2024-08-04T23:24:41.013Z</time>
      </trkpt>
      <trkpt lat="19.206901" lon="-98.710774">
        <ele>3321.209</ele>
        <time>2024-08-04T23:24:45.013Z</time>
      </trkpt>
      <trkpt lat="19.206867" lon="-98.710822">
        <ele>3321.219</ele>
        <time>2024-08-04T23:24:49.013Z</time>
      </trkpt>
      <trkpt lat="19.206831" lon="-98.710865">
        <ele>3320.109</ele>
        <time>2024-08-04T23:24:53.013Z</time>
      </trkpt>
      <trkpt lat="19.206793" lon="-98.710893">
        <ele>3319.642</ele>
        <time>2024-08-04T23:24:56.013Z</time>
      </trkpt>
      <trkpt lat="19.206758" lon="-98.710936">
        <ele>3318.418</ele>
        <time>2024-08-04T23:25:00.013Z</time>
      </trkpt>
      <trkpt lat="19.206716" lon="-98.710975">
        <ele>3316.880</ele>
        <time>2024-08-04T23:25:04.013Z</time>
      </trkpt>
      <trkpt lat="19.206679" lon="-98.711020">
        <ele>3316.029</ele>
        <time>2024-08-04T23:25:08.013Z</time>
      </trkpt>
      <trkpt lat="19.206649" lon="-98.711065">
        <ele>3315.712</ele>
        <time>2024-08-04T23:25:12.013Z</time>
      </trkpt>
      <trkpt lat="19.206620" lon="-98.711110">
        <ele>3315.450</ele>
        <time>2024-08-04T23:25:16.013Z</time>
      </trkpt>
      <trkpt lat="19.206592" lon="-98.711156">
        <ele>3313.343</ele>
        <time>2024-08-04T23:25:20.013Z</time>
      </trkpt>
      <trkpt lat="19.206562" lon="-98.711205">
        <ele>3312.768</ele>
        <time>2024-08-04T23:25:24.013Z</time>
      </trkpt>
      <trkpt lat="19.206548" lon="-98.711254">
        <ele>3309.870</ele>
        <time>2024-08-04T23:25:28.013Z</time>
      </trkpt>
      <trkpt lat="19.206532" lon="-98.711305">
        <ele>3306.743</ele>
        <time>2024-08-04T23:25:32.013Z</time>
      </trkpt>
      <trkpt lat="19.206520" lon="-98.711360">
        <ele>3304.764</ele>
        <time>2024-08-04T23:25:36.013Z</time>
      </trkpt>
      <trkpt lat="19.206510" lon="-98.711418">
        <ele>3301.210</ele>
        <time>2024-08-04T23:25:40.013Z</time>
      </trkpt>
      <trkpt lat="19.206491" lon="-98.711466">
        <ele>3300.309</ele>
        <time>2024-08-04T23:25:44.013Z</time>
      </trkpt>
      <trkpt lat="19.206483" lon="-98.711515">
        <ele>3299.895</ele>
        <time>2024-08-04T23:25:48.013Z</time>
      </trkpt>
      <trkpt lat="19.206466" lon="-98.711564">
        <ele>3299.341</ele>
        <time>2024-08-04T23:25:52.013Z</time>
      </trkpt>
      <trkpt lat="19.206447" lon="-98.711607">
        <ele>3298.943</ele>
        <time>2024-08-04T23:25:55.013Z</time>
      </trkpt>
      <trkpt lat="19.206426" lon="-98.711666">
        <ele>3295.842</ele>
        <time>2024-08-04T23:25:59.013Z</time>
      </trkpt>
      <trkpt lat="19.206399" lon="-98.711717">
        <ele>3294.635</ele>
        <time>2024-08-04T23:26:03.013Z</time>
      </trkpt>
      <trkpt lat="19.206375" lon="-98.711772">
        <ele>3293.993</ele>
        <time>2024-08-04T23:26:07.013Z</time>
      </trkpt>
      <trkpt lat="19.206356" lon="-98.711825">
        <ele>3293.476</ele>
        <time>2024-08-04T23:26:11.013Z</time>
      </trkpt>
      <trkpt lat="19.206338" lon="-98.711869">
        <ele>3292.481</ele>
        <time>2024-08-04T23:26:14.013Z</time>
      </trkpt>
      <trkpt lat="19.206333" lon="-98.711922">
        <ele>3292.443</ele>
        <time>2024-08-04T23:26:18.013Z</time>
      </trkpt>
      <trkpt lat="19.206304" lon="-98.711964">
        <ele>3291.962</ele>
        <time>2024-08-04T23:26:22.013Z</time>
      </trkpt>
      <trkpt lat="19.206281" lon="-98.712015">
        <ele>3291.783</ele>
        <time>2024-08-04T23:26:26.013Z</time>
      </trkpt>
      <trkpt lat="19.206256" lon="-98.712065">
        <ele>3291.511</ele>
        <time>2024-08-04T23:26:30.013Z</time>
      </trkpt>
      <trkpt lat="19.206241" lon="-98.712117">
        <ele>3290.309</ele>
        <time>2024-08-04T23:26:34.013Z</time>
      </trkpt>
      <trkpt lat="19.206255" lon="-98.712170">
        <ele>3288.457</ele>
        <time>2024-08-04T23:26:38.013Z</time>
      </trkpt>
      <trkpt lat="19.206235" lon="-98.712225">
        <ele>3286.523</ele>
        <time>2024-08-04T23:26:43.013Z</time>
      </trkpt>
      <trkpt lat="19.206210" lon="-98.712271">
        <ele>3284.395</ele>
        <time>2024-08-04T23:26:47.013Z</time>
      </trkpt>
      <trkpt lat="19.206195" lon="-98.712319">
        <ele>3283.944</ele>
        <time>2024-08-04T23:26:51.013Z</time>
      </trkpt>
      <trkpt lat="19.206163" lon="-98.712371">
        <ele>3283.787</ele>
        <time>2024-08-04T23:26:55.013Z</time>
      </trkpt>
      <trkpt lat="19.206134" lon="-98.712418">
        <ele>3283.265</ele>
        <time>2024-08-04T23:26:59.013Z</time>
      </trkpt>
      <trkpt lat="19.206114" lon="-98.712467">
        <ele>3283.068</ele>
        <time>2024-08-04T23:27:03.013Z</time>
      </trkpt>
      <trkpt lat="19.206086" lon="-98.712512">
        <ele>3281.583</ele>
        <time>2024-08-04T23:27:07.013Z</time>
      </trkpt>
      <trkpt lat="19.206068" lon="-98.712568">
        <ele>3280.875</ele>
        <time>2024-08-04T23:27:11.013Z</time>
      </trkpt>
      <trkpt lat="19.206054" lon="-98.712622">
        <ele>3280.337</ele>
        <time>2024-08-04T23:27:15.013Z</time>
      </trkpt>
      <trkpt lat="19.206044" lon="-98.712676">
        <ele>3280.349</ele>
        <time>2024-08-04T23:27:19.013Z</time>
      </trkpt>
      <trkpt lat="19.206029" lon="-98.712730">
        <ele>3279.813</ele>
        <time>2024-08-04T23:27:23.013Z</time>
      </trkpt>
      <trkpt lat="19.206005" lon="-98.712786">
        <ele>3278.409</ele>
        <time>2024-08-04T23:27:27.013Z</time>
      </trkpt>
      <trkpt lat="19.205986" lon="-98.712836">
        <ele>3277.794</ele>
        <time>2024-08-04T23:27:31.013Z</time>
      </trkpt>
      <trkpt lat="19.205969" lon="-98.712889">
        <ele>3277.130</ele>
        <time>2024-08-04T23:27:35.013Z</time>
      </trkpt>
      <trkpt lat="19.205942" lon="-98.712929">
        <ele>3276.722</ele>
        <time>2024-08-04T23:27:38.013Z</time>
      </trkpt>
      <trkpt lat="19.205920" lon="-98.712977">
        <ele>3275.191</ele>
        <time>2024-08-04T23:27:42.013Z</time>
      </trkpt>
      <trkpt lat="19.205903" lon="-98.713027">
        <ele>3273.234</ele>
        <time>2024-08-04T23:27:46.013Z</time>
      </trkpt>
      <trkpt lat="19.205884" lon="-98.713076">
        <ele>3271.932</ele>
        <time>2024-08-04T23:27:50.013Z</time>
      </trkpt>
      <trkpt lat="19.205859" lon="-98.713120">
        <ele>3270.715</ele>
        <time>2024-08-04T23:27:54.013Z</time>
      </trkpt>
      <trkpt lat="19.205836" lon="-98.713170">
        <ele>3270.260</ele>
        <time>2024-08-04T23:27:58.013Z</time>
      </trkpt>
      <trkpt lat="19.205810" lon="-98.713217">
        <ele>3268.422</ele>
        <time>2024-08-04T23:28:02.013Z</time>
      </trkpt>
      <trkpt lat="19.205790" lon="-98.713267">
        <ele>3266.346</ele>
        <time>2024-08-04T23:28:06.013Z</time>
      </trkpt>
      <trkpt lat="19.205756" lon="-98.713309">
        <ele>3266.088</ele>
        <time>2024-08-04T23:28:10.013Z</time>
      </trkpt>
      <trkpt lat="19.205716" lon="-98.713350">
        <ele>3265.416</ele>
        <time>2024-08-04T23:28:14.013Z</time>
      </trkpt>
      <trkpt lat="19.205681" lon="-98.713395">
        <ele>3264.909</ele>
        <time>2024-08-04T23:28:18.013Z</time>
      </trkpt>
      <trkpt lat="19.205648" lon="-98.713438">
        <ele>3262.635</ele>
        <time>2024-08-04T23:28:22.013Z</time>
      </trkpt>
      <trkpt lat="19.205608" lon="-98.713471">
        <ele>3262.161</ele>
        <time>2024-08-04T23:28:26.013Z</time>
      </trkpt>
      <trkpt lat="19.205557" lon="-98.713495">
        <ele>3263.493</ele>
        <time>2024-08-04T23:28:55.013Z</time>
      </trkpt>
      <trkpt lat="19.205509" lon="-98.713521">
        <ele>3264.182</ele>
        <time>2024-08-04T23:28:59.013Z</time>
      </trkpt>
      <trkpt lat="19.205464" lon="-98.713542">
        <ele>3264.265</ele>
        <time>2024-08-04T23:29:04.013Z</time>
      </trkpt>
      <trkpt lat="19.205424" lon="-98.713571">
        <ele>3264.353</ele>
        <time>2024-08-04T23:29:08.013Z</time>
      </trkpt>
      <trkpt lat="19.205388" lon="-98.713608">
        <ele>3264.356</ele>
        <time>2024-08-04T23:29:12.013Z</time>
      </trkpt>
      <trkpt lat="19.205348" lon="-98.713640">
        <ele>3266.641</ele>
        <time>2024-08-04T23:29:16.013Z</time>
      </trkpt>
      <trkpt lat="19.205318" lon="-98.713678">
        <ele>3261.543</ele>
        <time>2024-08-04T23:29:20.013Z</time>
      </trkpt>
      <trkpt lat="19.205273" lon="-98.713707">
        <ele>3257.376</ele>
        <time>2024-08-04T23:29:24.013Z</time>
      </trkpt>
      <trkpt lat="19.205224" lon="-98.713737">
        <ele>3254.890</ele>
        <time>2024-08-04T23:29:28.013Z</time>
      </trkpt>
      <trkpt lat="19.205191" lon="-98.713779">
        <ele>3254.119</ele>
        <time>2024-08-04T23:29:32.013Z</time>
      </trkpt>
      <trkpt lat="19.205162" lon="-98.713819">
        <ele>3252.609</ele>
        <time>2024-08-04T23:29:36.013Z</time>
      </trkpt>
      <trkpt lat="19.205133" lon="-98.713862">
        <ele>3252.528</ele>
        <time>2024-08-04T23:29:40.013Z</time>
      </trkpt>
      <trkpt lat="19.205092" lon="-98.713896">
        <ele>3248.534</ele>
        <time>2024-08-04T23:29:44.013Z</time>
      </trkpt>
      <trkpt lat="19.205060" lon="-98.713942">
        <ele>3247.126</ele>
        <time>2024-08-04T23:29:48.013Z</time>
      </trkpt>
      <trkpt lat="19.205019" lon="-98.713976">
        <ele>3246.095</ele>
        <time>2024-08-04T23:29:52.013Z</time>
      </trkpt>
      <trkpt lat="19.204983" lon="-98.714013">
        <ele>3245.438</ele>
        <time>2024-08-04T23:29:56.013Z</time>
      </trkpt>
      <trkpt lat="19.204937" lon="-98.714042">
        <ele>3244.636</ele>
        <time>2024-08-04T23:30:00.013Z</time>
      </trkpt>
      <trkpt lat="19.204903" lon="-98.714078">
        <ele>3244.439</ele>
        <time>2024-08-04T23:30:04.013Z</time>
      </trkpt>
      <trkpt lat="19.204875" lon="-98.714120">
        <ele>3241.724</ele>
        <time>2024-08-04T23:30:08.013Z</time>
      </trkpt>
      <trkpt lat="19.204839" lon="-98.714155">
        <ele>3241.776</ele>
        <time>2024-08-04T23:30:12.013Z</time>
      </trkpt>
      <trkpt lat="19.204811" lon="-98.714197">
        <ele>3241.656</ele>
        <time>2024-08-04T23:30:16.013Z</time>
      </trkpt>
      <trkpt lat="19.204778" lon="-98.714243">
        <ele>3241.259</ele>
        <time>2024-08-04T23:30:20.013Z</time>
      </trkpt>
      <trkpt lat="19.204752" lon="-98.714291">
        <ele>3241.214</ele>
        <time>2024-08-04T23:30:24.013Z</time>
      </trkpt>
      <trkpt lat="19.204712" lon="-98.714327">
        <ele>3240.809</ele>
        <time>2024-08-04T23:30:28.013Z</time>
      </trkpt>
      <trkpt lat="19.204688" lon="-98.714372">
        <ele>3240.686</ele>
        <time>2024-08-04T23:30:32.013Z</time>
      </trkpt>
      <trkpt lat="19.204658" lon="-98.714418">
        <ele>3240.662</ele>
        <time>2024-08-04T23:30:36.013Z</time>
      </trkpt>
      <trkpt lat="19.204626" lon="-98.714457">
        <ele>3240.734</ele>
        <time>2024-08-04T23:30:40.013Z</time>
      </trkpt>
      <trkpt lat="19.204584" lon="-98.714490">
        <ele>3240.853</ele>
        <time>2024-08-04T23:30:44.013Z</time>
      </trkpt>
      <trkpt lat="19.204542" lon="-98.714518">
        <ele>3240.796</ele>
        <time>2024-08-04T23:30:48.013Z</time>
      </trkpt>
      <trkpt lat="19.204500" lon="-98.714554">
        <ele>3240.014</ele>
        <time>2024-08-04T23:30:53.013Z</time>
      </trkpt>
      <trkpt lat="19.204480" lon="-98.714606">
        <ele>3238.897</ele>
        <time>2024-08-04T23:30:58.013Z</time>
      </trkpt>
      <trkpt lat="19.204487" lon="-98.714662">
        <ele>3238.032</ele>
        <time>2024-08-04T23:31:03.013Z</time>
      </trkpt>
      <trkpt lat="19.204542" lon="-98.714686">
        <ele>3231.074</ele>
        <time>2024-08-04T23:32:10.013Z</time>
      </trkpt>
      <trkpt lat="19.204497" lon="-98.714711">
        <ele>3231.034</ele>
        <time>2024-08-04T23:32:13.013Z</time>
      </trkpt>
      <trkpt lat="19.204471" lon="-98.714750">
        <ele>3231.055</ele>
        <time>2024-08-04T23:32:16.013Z</time>
      </trkpt>
      <trkpt lat="19.204452" lon="-98.714798">
        <ele>3230.910</ele>
        <time>2024-08-04T23:32:20.013Z</time>
      </trkpt>
      <trkpt lat="19.204445" lon="-98.714848">
        <ele>3230.709</ele>
        <time>2024-08-04T23:32:24.013Z</time>
      </trkpt>
      <trkpt lat="19.204430" lon="-98.714904">
        <ele>3230.784</ele>
        <time>2024-08-04T23:32:28.013Z</time>
      </trkpt>
      <trkpt lat="19.204427" lon="-98.714966">
        <ele>3229.010</ele>
        <time>2024-08-04T23:32:32.013Z</time>
      </trkpt>
      <trkpt lat="19.204431" lon="-98.715022">
        <ele>3227.632</ele>
        <time>2024-08-04T23:32:36.013Z</time>
      </trkpt>
      <trkpt lat="19.204443" lon="-98.715074">
        <ele>3227.091</ele>
        <time>2024-08-04T23:32:40.013Z</time>
      </trkpt>
      <trkpt lat="19.204445" lon="-98.715123">
        <ele>3225.444</ele>
        <time>2024-08-04T23:32:43.013Z</time>
      </trkpt>
      <trkpt lat="19.204445" lon="-98.715180">
        <ele>3223.382</ele>
        <time>2024-08-04T23:32:47.013Z</time>
      </trkpt>
      <trkpt lat="19.204419" lon="-98.715229">
        <ele>3223.495</ele>
        <time>2024-08-04T23:32:52.013Z</time>
      </trkpt>
      <trkpt lat="19.204366" lon="-98.715244">
        <ele>3223.450</ele>
        <time>2024-08-04T23:32:57.013Z</time>
      </trkpt>
      <trkpt lat="19.204319" lon="-98.715268">
        <ele>3223.962</ele>
        <time>2024-08-04T23:33:19.013Z</time>
      </trkpt>
      <trkpt lat="19.204372" lon="-98.715286">
        <ele>3224.054</ele>
        <time>2024-08-04T23:33:24.013Z</time>
      </trkpt>
      <trkpt lat="19.204414" lon="-98.715324">
        <ele>3224.056</ele>
        <time>2024-08-04T23:33:29.013Z</time>
      </trkpt>
      <trkpt lat="19.204421" lon="-98.715378">
        <ele>3224.011</ele>
        <time>2024-08-04T23:33:34.013Z</time>
      </trkpt>
      <trkpt lat="19.204424" lon="-98.715431">
        <ele>3223.109</ele>
        <time>2024-08-04T23:33:38.013Z</time>
      </trkpt>
      <trkpt lat="19.204427" lon="-98.715481">
        <ele>3222.286</ele>
        <time>2024-08-04T23:33:42.013Z</time>
      </trkpt>
      <trkpt lat="19.204435" lon="-98.715532">
        <ele>3222.152</ele>
        <time>2024-08-04T23:33:48.013Z</time>
      </trkpt>
      <trkpt lat="19.204439" lon="-98.715581">
        <ele>3221.824</ele>
        <time>2024-08-04T23:33:52.013Z</time>
      </trkpt>
      <trkpt lat="19.204436" lon="-98.715635">
        <ele>3221.573</ele>
        <time>2024-08-04T23:33:55.013Z</time>
      </trkpt>
      <trkpt lat="19.204449" lon="-98.715693">
        <ele>3221.416</ele>
        <time>2024-08-04T23:33:58.013Z</time>
      </trkpt>
      <trkpt lat="19.204457" lon="-98.715751">
        <ele>3221.424</ele>
        <time>2024-08-04T23:34:02.013Z</time>
      </trkpt>
      <trkpt lat="19.204472" lon="-98.715806">
        <ele>3221.857</ele>
        <time>2024-08-04T23:34:06.013Z</time>
      </trkpt>
      <trkpt lat="19.204485" lon="-98.715869">
        <ele>3221.782</ele>
        <time>2024-08-04T23:34:10.013Z</time>
      </trkpt>
      <trkpt lat="19.204497" lon="-98.715924">
        <ele>3221.554</ele>
        <time>2024-08-04T23:34:14.013Z</time>
      </trkpt>
      <trkpt lat="19.204488" lon="-98.715979">
        <ele>3219.166</ele>
        <time>2024-08-04T23:34:19.013Z</time>
      </trkpt>
      <trkpt lat="19.204464" lon="-98.716028">
        <ele>3217.829</ele>
        <time>2024-08-04T23:34:23.013Z</time>
      </trkpt>
      <trkpt lat="19.204441" lon="-98.716083">
        <ele>3217.821</ele>
        <time>2024-08-04T23:34:27.013Z</time>
      </trkpt>
      <trkpt lat="19.204417" lon="-98.716131">
        <ele>3217.509</ele>
        <time>2024-08-04T23:34:31.013Z</time>
      </trkpt>
      <trkpt lat="19.204465" lon="-98.716113">
        <ele>3216.417</ele>
        <time>2024-08-04T23:34:35.013Z</time>
      </trkpt>
      <trkpt lat="19.204492" lon="-98.716156">
        <ele>3215.473</ele>
        <time>2024-08-04T23:34:43.013Z</time>
      </trkpt>
      <trkpt lat="19.204498" lon="-98.716208">
        <ele>3215.725</ele>
        <time>2024-08-04T23:34:48.013Z</time>
      </trkpt>
      <trkpt lat="19.204507" lon="-98.716256">
        <ele>3215.454</ele>
        <time>2024-08-04T23:34:52.013Z</time>
      </trkpt>
      <trkpt lat="19.204517" lon="-98.716311">
        <ele>3215.527</ele>
        <time>2024-08-04T23:34:57.013Z</time>
      </trkpt>
      <trkpt lat="19.204533" lon="-98.716357">
        <ele>3215.445</ele>
        <time>2024-08-04T23:35:01.013Z</time>
      </trkpt>
      <trkpt lat="19.204546" lon="-98.716414">
        <ele>3215.568</ele>
        <time>2024-08-04T23:35:05.013Z</time>
      </trkpt>
      <trkpt lat="19.204560" lon="-98.716467">
        <ele>3215.273</ele>
        <time>2024-08-04T23:35:09.013Z</time>
      </trkpt>
      <trkpt lat="19.204580" lon="-98.716519">
        <ele>3215.115</ele>
        <time>2024-08-04T23:35:13.013Z</time>
      </trkpt>
      <trkpt lat="19.204610" lon="-98.716568">
        <ele>3215.139</ele>
        <time>2024-08-04T23:35:17.013Z</time>
      </trkpt>
      <trkpt lat="19.204638" lon="-98.716614">
        <ele>3215.201</ele>
        <time>2024-08-04T23:35:20.013Z</time>
      </trkpt>
      <trkpt lat="19.204623" lon="-98.716661">
        <ele>3215.221</ele>
        <time>2024-08-04T23:35:23.013Z</time>
      </trkpt>
      <trkpt lat="19.204574" lon="-98.716659">
        <ele>3214.709</ele>
        <time>2024-08-04T23:35:30.013Z</time>
      </trkpt>
      <trkpt lat="19.204583" lon="-98.716717">
        <ele>3214.844</ele>
        <time>2024-08-04T23:35:34.013Z</time>
      </trkpt>
      <trkpt lat="19.204591" lon="-98.716767">
        <ele>3215.330</ele>
        <time>2024-08-04T23:35:37.013Z</time>
      </trkpt>
      <trkpt lat="19.204592" lon="-98.716820">
        <ele>3215.662</ele>
        <time>2024-08-04T23:35:41.013Z</time>
      </trkpt>
      <trkpt lat="19.204592" lon="-98.716869">
        <ele>3216.951</ele>
        <time>2024-08-04T23:35:44.013Z</time>
      </trkpt>
      <trkpt lat="19.204611" lon="-98.716929">
        <ele>3217.934</ele>
        <time>2024-08-04T23:35:48.013Z</time>
      </trkpt>
      <trkpt lat="19.204626" lon="-98.716981">
        <ele>3218.552</ele>
        <time>2024-08-04T23:35:51.013Z</time>
      </trkpt>
      <trkpt lat="19.204633" lon="-98.717035">
        <ele>3218.335</ele>
        <time>2024-08-04T23:35:54.013Z</time>
      </trkpt>
      <trkpt lat="19.204626" lon="-98.717088">
        <ele>3218.530</ele>
        <time>2024-08-04T23:35:57.013Z</time>
      </trkpt>
      <trkpt lat="19.204614" lon="-98.717148">
        <ele>3214.852</ele>
        <time>2024-08-04T23:36:01.013Z</time>
      </trkpt>
      <trkpt lat="19.204590" lon="-98.717200">
        <ele>3213.418</ele>
        <time>2024-08-04T23:36:04.013Z</time>
      </trkpt>
      <trkpt lat="19.204572" lon="-98.717261">
        <ele>3211.698</ele>
        <time>2024-08-04T23:36:08.013Z</time>
      </trkpt>
      <trkpt lat="19.204583" lon="-98.717308">
        <ele>3211.317</ele>
        <time>2024-08-04T23:36:11.013Z</time>
      </trkpt>
      <trkpt lat="19.204591" lon="-98.717358">
        <ele>3211.309</ele>
        <time>2024-08-04T23:36:14.013Z</time>
      </trkpt>
      <trkpt lat="19.204597" lon="-98.717418">
        <ele>3211.052</ele>
        <time>2024-08-04T23:36:18.013Z</time>
      </trkpt>
      <trkpt lat="19.204609" lon="-98.717471">
        <ele>3210.618</ele>
        <time>2024-08-04T23:36:22.013Z</time>
      </trkpt>
      <trkpt lat="19.204623" lon="-98.717524">
        <ele>3210.320</ele>
        <time>2024-08-04T23:36:26.013Z</time>
      </trkpt>
      <trkpt lat="19.204631" lon="-98.717582">
        <ele>3209.429</ele>
        <time>2024-08-04T23:36:30.013Z</time>
      </trkpt>
      <trkpt lat="19.204655" lon="-98.717630">
        <ele>3207.922</ele>
        <time>2024-08-04T23:36:34.013Z</time>
      </trkpt>
      <trkpt lat="19.204684" lon="-98.717680">
        <ele>3205.360</ele>
        <time>2024-08-04T23:36:38.013Z</time>
      </trkpt>
      <trkpt lat="19.204699" lon="-98.717726">
        <ele>3204.343</ele>
        <time>2024-08-04T23:36:42.013Z</time>
      </trkpt>
      <trkpt lat="19.204711" lon="-98.717777">
        <ele>3202.268</ele>
        <time>2024-08-04T23:36:46.013Z</time>
      </trkpt>
      <trkpt lat="19.204739" lon="-98.717825">
        <ele>3200.930</ele>
        <time>2024-08-04T23:36:50.013Z</time>
      </trkpt>
      <trkpt lat="19.204751" lon="-98.717871">
        <ele>3199.857</ele>
        <time>2024-08-04T23:36:53.013Z</time>
      </trkpt>
      <trkpt lat="19.204784" lon="-98.717913">
        <ele>3198.900</ele>
        <time>2024-08-04T23:36:57.013Z</time>
      </trkpt>
      <trkpt lat="19.204809" lon="-98.717967">
        <ele>3198.620</ele>
        <time>2024-08-04T23:37:01.013Z</time>
      </trkpt>
      <trkpt lat="19.204837" lon="-98.718009">
        <ele>3198.609</ele>
        <time>2024-08-04T23:37:05.013Z</time>
      </trkpt>
      <trkpt lat="19.204846" lon="-98.718067">
        <ele>3198.666</ele>
        <time>2024-08-04T23:37:09.013Z</time>
      </trkpt>
      <trkpt lat="19.204879" lon="-98.718118">
        <ele>3198.562</ele>
        <time>2024-08-04T23:37:13.013Z</time>
      </trkpt>
      <trkpt lat="19.204907" lon="-98.718168">
        <ele>3198.574</ele>
        <time>2024-08-04T23:37:17.013Z</time>
      </trkpt>
      <trkpt lat="19.204933" lon="-98.718212">
        <ele>3198.373</ele>
        <time>2024-08-04T23:37:21.013Z</time>
      </trkpt>
      <trkpt lat="19.204962" lon="-98.718255">
        <ele>3196.466</ele>
        <time>2024-08-04T23:37:25.013Z</time>
      </trkpt>
      <trkpt lat="19.204990" lon="-98.718299">
        <ele>3193.144</ele>
        <time>2024-08-04T23:37:29.013Z</time>
      </trkpt>
      <trkpt lat="19.205008" lon="-98.718352">
        <ele>3192.437</ele>
        <time>2024-08-04T23:37:33.013Z</time>
      </trkpt>
      <trkpt lat="19.205033" lon="-98.718407">
        <ele>3191.442</ele>
        <time>2024-08-04T23:37:37.013Z</time>
      </trkpt>
      <trkpt lat="19.205057" lon="-98.718462">
        <ele>3191.214</ele>
        <time>2024-08-04T23:37:41.013Z</time>
      </trkpt>
      <trkpt lat="19.205069" lon="-98.718521">
        <ele>3191.015</ele>
        <time>2024-08-04T23:37:45.013Z</time>
      </trkpt>
      <trkpt lat="19.205094" lon="-98.718565">
        <ele>3190.865</ele>
        <time>2024-08-04T23:37:49.013Z</time>
      </trkpt>
      <trkpt lat="19.205119" lon="-98.718610">
        <ele>3190.211</ele>
        <time>2024-08-04T23:37:53.013Z</time>
      </trkpt>
      <trkpt lat="19.205154" lon="-98.718645">
        <ele>3190.009</ele>
        <time>2024-08-04T23:37:57.013Z</time>
      </trkpt>
      <trkpt lat="19.205198" lon="-98.718686">
        <ele>3189.542</ele>
        <time>2024-08-04T23:38:01.013Z</time>
      </trkpt>
      <trkpt lat="19.205231" lon="-98.718724">
        <ele>3189.288</ele>
        <time>2024-08-04T23:38:06.013Z</time>
      </trkpt>
      <trkpt lat="19.205266" lon="-98.718772">
        <ele>3186.690</ele>
        <time>2024-08-04T23:38:10.013Z</time>
      </trkpt>
      <trkpt lat="19.205260" lon="-98.718828">
        <ele>3185.949</ele>
        <time>2024-08-04T23:38:13.013Z</time>
      </trkpt>
      <trkpt lat="19.205244" lon="-98.718874">
        <ele>3183.322</ele>
        <time>2024-08-04T23:38:16.013Z</time>
      </trkpt>
      <trkpt lat="19.205250" lon="-98.718933">
        <ele>3183.340</ele>
        <time>2024-08-04T23:38:20.013Z</time>
      </trkpt>
      <trkpt lat="19.205281" lon="-98.718980">
        <ele>3183.383</ele>
        <time>2024-08-04T23:38:24.013Z</time>
      </trkpt>
      <trkpt lat="19.205313" lon="-98.719017">
        <ele>3183.788</ele>
        <time>2024-08-04T23:38:29.013Z</time>
      </trkpt>
      <trkpt lat="19.205324" lon="-98.719072">
        <ele>3183.260</ele>
        <time>2024-08-04T23:38:34.013Z</time>
      </trkpt>
      <trkpt lat="19.205341" lon="-98.719121">
        <ele>3182.676</ele>
        <time>2024-08-04T23:38:38.013Z</time>
      </trkpt>
      <trkpt lat="19.205358" lon="-98.719169">
        <ele>3181.890</ele>
        <time>2024-08-04T23:38:41.013Z</time>
      </trkpt>
      <trkpt lat="19.205376" lon="-98.719223">
        <ele>3181.219</ele>
        <time>2024-08-04T23:38:45.013Z</time>
      </trkpt>
      <trkpt lat="19.205405" lon="-98.719275">
        <ele>3179.209</ele>
        <time>2024-08-04T23:38:49.013Z</time>
      </trkpt>
      <trkpt lat="19.205438" lon="-98.719323">
        <ele>3176.648</ele>
        <time>2024-08-04T23:38:52.013Z</time>
      </trkpt>
      <trkpt lat="19.205462" lon="-98.719366">
        <ele>3174.914</ele>
        <time>2024-08-04T23:38:55.013Z</time>
      </trkpt>
      <trkpt lat="19.205498" lon="-98.719411">
        <ele>3174.546</ele>
        <time>2024-08-04T23:38:58.013Z</time>
      </trkpt>
      <trkpt lat="19.205522" lon="-98.719458">
        <ele>3172.035</ele>
        <time>2024-08-04T23:39:02.013Z</time>
      </trkpt>
      <trkpt lat="19.205546" lon="-98.719504">
        <ele>3169.078</ele>
        <time>2024-08-04T23:39:05.013Z</time>
      </trkpt>
      <trkpt lat="19.205574" lon="-98.719554">
        <ele>3167.376</ele>
        <time>2024-08-04T23:39:09.013Z</time>
      </trkpt>
      <trkpt lat="19.205603" lon="-98.719592">
        <ele>3164.979</ele>
        <time>2024-08-04T23:39:12.013Z</time>
      </trkpt>
      <trkpt lat="19.205629" lon="-98.719646">
        <ele>3164.674</ele>
        <time>2024-08-04T23:39:16.013Z</time>
      </trkpt>
      <trkpt lat="19.205644" lon="-98.719703">
        <ele>3164.136</ele>
        <time>2024-08-04T23:39:20.013Z</time>
      </trkpt>
      <trkpt lat="19.205648" lon="-98.719752">
        <ele>3164.014</ele>
        <time>2024-08-04T23:39:23.013Z</time>
      </trkpt>
      <trkpt lat="19.205659" lon="-98.719804">
        <ele>3162.654</ele>
        <time>2024-08-04T23:39:26.013Z</time>
      </trkpt>
      <trkpt lat="19.205676" lon="-98.719848">
        <ele>3160.909</ele>
        <time>2024-08-04T23:39:29.013Z</time>
      </trkpt>
      <trkpt lat="19.205692" lon="-98.719893">
        <ele>3160.209</ele>
        <time>2024-08-04T23:39:32.013Z</time>
      </trkpt>
      <trkpt lat="19.205718" lon="-98.719932">
        <ele>3159.922</ele>
        <time>2024-08-04T23:39:35.013Z</time>
      </trkpt>
      <trkpt lat="19.205745" lon="-98.719978">
        <ele>3159.618</ele>
        <time>2024-08-04T23:39:38.013Z</time>
      </trkpt>
      <trkpt lat="19.205782" lon="-98.720022">
        <ele>3159.070</ele>
        <time>2024-08-04T23:39:42.013Z</time>
      </trkpt>
      <trkpt lat="19.205793" lon="-98.720082">
        <ele>3158.559</ele>
        <time>2024-08-04T23:39:46.013Z</time>
      </trkpt>
      <trkpt lat="19.205800" lon="-98.720139">
        <ele>3157.392</ele>
        <time>2024-08-04T23:39:50.013Z</time>
      </trkpt>
      <trkpt lat="19.205822" lon="-98.720198">
        <ele>3157.020</ele>
        <time>2024-08-04T23:39:54.013Z</time>
      </trkpt>
      <trkpt lat="19.205820" lon="-98.720253">
        <ele>3156.853</ele>
        <time>2024-08-04T23:39:57.013Z</time>
      </trkpt>
      <trkpt lat="19.205820" lon="-98.720316">
        <ele>3156.658</ele>
        <time>2024-08-04T23:40:01.013Z</time>
      </trkpt>
      <trkpt lat="19.205816" lon="-98.720369">
        <ele>3156.690</ele>
        <time>2024-08-04T23:40:04.013Z</time>
      </trkpt>
      <trkpt lat="19.205846" lon="-98.720406">
        <ele>3151.483</ele>
        <time>2024-08-04T23:40:07.013Z</time>
      </trkpt>
      <trkpt lat="19.205882" lon="-98.720438">
        <ele>3149.325</ele>
        <time>2024-08-04T23:40:10.013Z</time>
      </trkpt>
      <trkpt lat="19.205921" lon="-98.720475">
        <ele>3148.717</ele>
        <time>2024-08-04T23:40:14.013Z</time>
      </trkpt>
      <trkpt lat="19.205954" lon="-98.720533">
        <ele>3148.609</ele>
        <time>2024-08-04T23:40:18.013Z</time>
      </trkpt>
      <trkpt lat="19.205975" lon="-98.720587">
        <ele>3144.789</ele>
        <time>2024-08-04T23:40:23.013Z</time>
      </trkpt>
      <trkpt lat="19.206003" lon="-98.720625">
        <ele>3142.815</ele>
        <time>2024-08-04T23:40:26.013Z</time>
      </trkpt>
      <trkpt lat="19.206024" lon="-98.720674">
        <ele>3142.677</ele>
        <time>2024-08-04T23:40:29.013Z</time>
      </trkpt>
      <trkpt lat="19.206029" lon="-98.720730">
        <ele>3138.126</ele>
        <time>2024-08-04T23:40:32.013Z</time>
      </trkpt>
      <trkpt lat="19.206043" lon="-98.720793">
        <ele>3135.919</ele>
        <time>2024-08-04T23:40:35.013Z</time>
      </trkpt>
      <trkpt lat="19.206063" lon="-98.720846">
        <ele>3134.547</ele>
        <time>2024-08-04T23:40:39.013Z</time>
      </trkpt>
      <trkpt lat="19.206038" lon="-98.720887">
        <ele>3134.510</ele>
        <time>2024-08-04T23:40:43.013Z</time>
      </trkpt>
      <trkpt lat="19.206041" lon="-98.720954">
        <ele>3134.495</ele>
        <time>2024-08-04T23:40:47.013Z</time>
      </trkpt>
      <trkpt lat="19.206036" lon="-98.721009">
        <ele>3134.197</ele>
        <time>2024-08-04T23:40:51.013Z</time>
      </trkpt>
      <trkpt lat="19.206053" lon="-98.721058">
        <ele>3133.716</ele>
        <time>2024-08-04T23:40:55.013Z</time>
      </trkpt>
      <trkpt lat="19.206073" lon="-98.721109">
        <ele>3132.876</ele>
        <time>2024-08-04T23:40:59.013Z</time>
      </trkpt>
      <trkpt lat="19.206085" lon="-98.721163">
        <ele>3131.513</ele>
        <time>2024-08-04T23:41:02.013Z</time>
      </trkpt>
      <trkpt lat="19.206101" lon="-98.721208">
        <ele>3130.509</ele>
        <time>2024-08-04T23:41:06.013Z</time>
      </trkpt>
      <trkpt lat="19.206118" lon="-98.721264">
        <ele>3128.582</ele>
        <time>2024-08-04T23:41:10.013Z</time>
      </trkpt>
      <trkpt lat="19.206149" lon="-98.721306">
        <ele>3125.548</ele>
        <time>2024-08-04T23:41:14.013Z</time>
      </trkpt>
      <trkpt lat="19.206158" lon="-98.721358">
        <ele>3124.130</ele>
        <time>2024-08-04T23:41:20.013Z</time>
      </trkpt>
      <trkpt lat="19.206155" lon="-98.721409">
        <ele>3122.589</ele>
        <time>2024-08-04T23:41:27.013Z</time>
      </trkpt>
      <trkpt lat="19.206156" lon="-98.721459">
        <ele>3121.322</ele>
        <time>2024-08-04T23:41:36.013Z</time>
      </trkpt>
      <trkpt lat="19.206180" lon="-98.721504">
        <ele>3117.890</ele>
        <time>2024-08-04T23:41:41.013Z</time>
      </trkpt>
      <trkpt lat="19.206201" lon="-98.721553">
        <ele>3115.453</ele>
        <time>2024-08-04T23:41:45.013Z</time>
      </trkpt>
      <trkpt lat="19.206201" lon="-98.721612">
        <ele>3113.288</ele>
        <time>2024-08-04T23:41:49.013Z</time>
      </trkpt>
      <trkpt lat="19.206187" lon="-98.721662">
        <ele>3112.830</ele>
        <time>2024-08-04T23:41:53.013Z</time>
      </trkpt>
      <trkpt lat="19.206179" lon="-98.721717">
        <ele>3110.854</ele>
        <time>2024-08-04T23:41:57.013Z</time>
      </trkpt>
      <trkpt lat="19.206195" lon="-98.721772">
        <ele>3109.656</ele>
        <time>2024-08-04T23:42:01.013Z</time>
      </trkpt>
      <trkpt lat="19.206214" lon="-98.721826">
        <ele>3109.611</ele>
        <time>2024-08-04T23:42:05.013Z</time>
      </trkpt>
      <trkpt lat="19.206232" lon="-98.721872">
        <ele>3109.109</ele>
        <time>2024-08-04T23:42:08.013Z</time>
      </trkpt>
      <trkpt lat="19.206254" lon="-98.721916">
        <ele>3108.126</ele>
        <time>2024-08-04T23:42:11.013Z</time>
      </trkpt>
      <trkpt lat="19.206294" lon="-98.721946">
        <ele>3108.272</ele>
        <time>2024-08-04T23:42:14.013Z</time>
      </trkpt>
      <trkpt lat="19.206340" lon="-98.721977">
        <ele>3105.374</ele>
        <time>2024-08-04T23:42:18.013Z</time>
      </trkpt>
      <trkpt lat="19.206359" lon="-98.722026">
        <ele>3104.083</ele>
        <time>2024-08-04T23:42:22.013Z</time>
      </trkpt>
      <trkpt lat="19.206366" lon="-98.722084">
        <ele>3100.646</ele>
        <time>2024-08-04T23:42:26.013Z</time>
      </trkpt>
      <trkpt lat="19.206407" lon="-98.722112">
        <ele>3097.764</ele>
        <time>2024-08-04T23:42:30.013Z</time>
      </trkpt>
      <trkpt lat="19.206446" lon="-98.722148">
        <ele>3096.197</ele>
        <time>2024-08-04T23:42:34.013Z</time>
      </trkpt>
      <trkpt lat="19.206481" lon="-98.722192">
        <ele>3095.212</ele>
        <time>2024-08-04T23:42:38.013Z</time>
      </trkpt>
      <trkpt lat="19.206521" lon="-98.722220">
        <ele>3094.834</ele>
        <time>2024-08-04T23:42:41.013Z</time>
      </trkpt>
      <trkpt lat="19.206553" lon="-98.722260">
        <ele>3094.854</ele>
        <time>2024-08-04T23:42:45.013Z</time>
      </trkpt>
      <trkpt lat="19.206570" lon="-98.722305">
        <ele>3095.256</ele>
        <time>2024-08-04T23:42:49.013Z</time>
      </trkpt>
      <trkpt lat="19.206558" lon="-98.722358">
        <ele>3095.211</ele>
        <time>2024-08-04T23:42:54.013Z</time>
      </trkpt>
      <trkpt lat="19.206544" lon="-98.722410">
        <ele>3095.409</ele>
        <time>2024-08-04T23:42:58.013Z</time>
      </trkpt>
      <trkpt lat="19.206540" lon="-98.722469">
        <ele>3096.456</ele>
        <time>2024-08-04T23:43:03.013Z</time>
      </trkpt>
      <trkpt lat="19.206541" lon="-98.722528">
        <ele>3095.742</ele>
        <time>2024-08-04T23:43:08.013Z</time>
      </trkpt>
      <trkpt lat="19.206559" lon="-98.722586">
        <ele>3094.844</ele>
        <time>2024-08-04T23:43:12.013Z</time>
      </trkpt>
      <trkpt lat="19.206585" lon="-98.722640">
        <ele>3094.653</ele>
        <time>2024-08-04T23:43:16.013Z</time>
      </trkpt>
      <trkpt lat="19.206610" lon="-98.722685">
        <ele>3093.016</ele>
        <time>2024-08-04T23:43:20.013Z</time>
      </trkpt>
      <trkpt lat="19.206627" lon="-98.722739">
        <ele>3090.664</ele>
        <time>2024-08-04T23:43:24.013Z</time>
      </trkpt>
      <trkpt lat="19.206641" lon="-98.722786">
        <ele>3090.067</ele>
        <time>2024-08-04T23:43:28.013Z</time>
      </trkpt>
      <trkpt lat="19.206690" lon="-98.722835">
        <ele>3089.832</ele>
        <time>2024-08-04T23:43:32.013Z</time>
      </trkpt>
      <trkpt lat="19.206716" lon="-98.722879">
        <ele>3089.544</ele>
        <time>2024-08-04T23:43:36.013Z</time>
      </trkpt>
      <trkpt lat="19.206727" lon="-98.722932">
        <ele>3086.916</ele>
        <time>2024-08-04T23:43:40.013Z</time>
      </trkpt>
      <trkpt lat="19.206745" lon="-98.722987">
        <ele>3086.876</ele>
        <time>2024-08-04T23:43:44.013Z</time>
      </trkpt>
      <trkpt lat="19.206764" lon="-98.723036">
        <ele>3086.413</ele>
        <time>2024-08-04T23:43:48.013Z</time>
      </trkpt>
      <trkpt lat="19.206775" lon="-98.723084">
        <ele>3085.709</ele>
        <time>2024-08-04T23:43:52.013Z</time>
      </trkpt>
      <trkpt lat="19.206789" lon="-98.723129">
        <ele>3085.282</ele>
        <time>2024-08-04T23:43:55.013Z</time>
      </trkpt>
      <trkpt lat="19.206815" lon="-98.723184">
        <ele>3084.878</ele>
        <time>2024-08-04T23:43:59.013Z</time>
      </trkpt>
      <trkpt lat="19.206829" lon="-98.723233">
        <ele>3083.960</ele>
        <time>2024-08-04T23:44:03.013Z</time>
      </trkpt>
      <trkpt lat="19.206853" lon="-98.723282">
        <ele>3081.769</ele>
        <time>2024-08-04T23:44:07.013Z</time>
      </trkpt>
      <trkpt lat="19.206877" lon="-98.723330">
        <ele>3081.222</ele>
        <time>2024-08-04T23:44:11.013Z</time>
      </trkpt>
      <trkpt lat="19.206889" lon="-98.723383">
        <ele>3080.970</ele>
        <time>2024-08-04T23:44:15.013Z</time>
      </trkpt>
      <trkpt lat="19.206902" lon="-98.723432">
        <ele>3080.583</ele>
        <time>2024-08-04T23:44:19.013Z</time>
      </trkpt>
      <trkpt lat="19.206916" lon="-98.723480">
        <ele>3080.438</ele>
        <time>2024-08-04T23:44:22.013Z</time>
      </trkpt>
      <trkpt lat="19.206920" lon="-98.723535">
        <ele>3080.160</ele>
        <time>2024-08-04T23:44:25.013Z</time>
      </trkpt>
      <trkpt lat="19.206938" lon="-98.723581">
        <ele>3080.174</ele>
        <time>2024-08-04T23:44:29.013Z</time>
      </trkpt>
      <trkpt lat="19.206946" lon="-98.723634">
        <ele>3081.356</ele>
        <time>2024-08-04T23:44:33.013Z</time>
      </trkpt>
      <trkpt lat="19.206946" lon="-98.723695">
        <ele>3081.721</ele>
        <time>2024-08-04T23:44:37.013Z</time>
      </trkpt>
      <trkpt lat="19.206934" lon="-98.723744">
        <ele>3082.009</ele>
        <time>2024-08-04T23:44:40.013Z</time>
      </trkpt>
      <trkpt lat="19.206921" lon="-98.723797">
        <ele>3080.968</ele>
        <time>2024-08-04T23:44:44.013Z</time>
      </trkpt>
      <trkpt lat="19.206900" lon="-98.723849">
        <ele>3077.934</ele>
        <time>2024-08-04T23:44:49.013Z</time>
      </trkpt>
      <trkpt lat="19.206883" lon="-98.723909">
        <ele>3076.116</ele>
        <time>2024-08-04T23:44:53.013Z</time>
      </trkpt>
      <trkpt lat="19.206867" lon="-98.723963">
        <ele>3076.075</ele>
        <time>2024-08-04T23:44:57.013Z</time>
      </trkpt>
      <trkpt lat="19.206848" lon="-98.724020">
        <ele>3075.538</ele>
        <time>2024-08-04T23:45:01.013Z</time>
      </trkpt>
      <trkpt lat="19.206803" lon="-98.724052">
        <ele>3075.466</ele>
        <time>2024-08-04T23:45:04.013Z</time>
      </trkpt>
      <trkpt lat="19.206775" lon="-98.724090">
        <ele>3075.379</ele>
        <time>2024-08-04T23:45:07.013Z</time>
      </trkpt>
      <trkpt lat="19.206744" lon="-98.724139">
        <ele>3074.914</ele>
        <time>2024-08-04T23:45:10.013Z</time>
      </trkpt>
      <trkpt lat="19.206712" lon="-98.724184">
        <ele>3074.946</ele>
        <time>2024-08-04T23:45:14.013Z</time>
      </trkpt>
      <trkpt lat="19.206685" lon="-98.724226">
        <ele>3074.592</ele>
        <time>2024-08-04T23:45:17.013Z</time>
      </trkpt>
      <trkpt lat="19.206660" lon="-98.724265">
        <ele>3073.973</ele>
        <time>2024-08-04T23:45:20.013Z</time>
      </trkpt>
      <trkpt lat="19.206631" lon="-98.724312">
        <ele>3073.520</ele>
        <time>2024-08-04T23:45:24.013Z</time>
      </trkpt>
      <trkpt lat="19.206612" lon="-98.724367">
        <ele>3072.709</ele>
        <time>2024-08-04T23:45:28.013Z</time>
      </trkpt>
      <trkpt lat="19.206583" lon="-98.724418">
        <ele>3070.590</ele>
        <time>2024-08-04T23:45:33.013Z</time>
      </trkpt>
      <trkpt lat="19.206570" lon="-98.724477">
        <ele>3070.586</ele>
        <time>2024-08-04T23:45:37.013Z</time>
      </trkpt>
      <trkpt lat="19.206564" lon="-98.724533">
        <ele>3070.698</ele>
        <time>2024-08-04T23:45:41.013Z</time>
      </trkpt>
      <trkpt lat="19.206571" lon="-98.724590">
        <ele>3070.577</ele>
        <time>2024-08-04T23:45:45.013Z</time>
      </trkpt>
      <trkpt lat="19.206572" lon="-98.724648">
        <ele>3070.530</ele>
        <time>2024-08-04T23:45:49.013Z</time>
      </trkpt>
      <trkpt lat="19.206544" lon="-98.724702">
        <ele>3070.578</ele>
        <time>2024-08-04T23:45:53.013Z</time>
      </trkpt>
      <trkpt lat="19.206526" lon="-98.724759">
        <ele>3067.931</ele>
        <time>2024-08-04T23:45:57.013Z</time>
      </trkpt>
      <trkpt lat="19.206492" lon="-98.724804">
        <ele>3064.056</ele>
        <time>2024-08-04T23:46:01.013Z</time>
      </trkpt>
      <trkpt lat="19.206472" lon="-98.724852">
        <ele>3062.418</ele>
        <time>2024-08-04T23:46:05.013Z</time>
      </trkpt>
      <trkpt lat="19.206453" lon="-98.724908">
        <ele>3060.955</ele>
        <time>2024-08-04T23:46:10.013Z</time>
      </trkpt>
      <trkpt lat="19.206419" lon="-98.724946">
        <ele>3059.807</ele>
        <time>2024-08-04T23:46:14.013Z</time>
      </trkpt>
      <trkpt lat="19.206399" lon="-98.724990">
        <ele>3059.217</ele>
        <time>2024-08-04T23:46:18.013Z</time>
      </trkpt>
      <trkpt lat="19.206396" lon="-98.725041">
        <ele>3058.709</ele>
        <time>2024-08-04T23:46:22.013Z</time>
      </trkpt>
      <trkpt lat="19.206381" lon="-98.725089">
        <ele>3058.796</ele>
        <time>2024-08-04T23:46:25.013Z</time>
      </trkpt>
      <trkpt lat="19.206361" lon="-98.725146">
        <ele>3058.312</ele>
        <time>2024-08-04T23:46:29.013Z</time>
      </trkpt>
      <trkpt lat="19.206347" lon="-98.725199">
        <ele>3057.974</ele>
        <time>2024-08-04T23:46:33.013Z</time>
      </trkpt>
      <trkpt lat="19.206328" lon="-98.725259">
        <ele>3057.423</ele>
        <time>2024-08-04T23:46:37.013Z</time>
      </trkpt>
      <trkpt lat="19.206316" lon="-98.725319">
        <ele>3055.396</ele>
        <time>2024-08-04T23:46:41.013Z</time>
      </trkpt>
      <trkpt lat="19.206292" lon="-98.725370">
        <ele>3055.094</ele>
        <time>2024-08-04T23:46:45.013Z</time>
      </trkpt>
      <trkpt lat="19.206266" lon="-98.725423">
        <ele>3055.037</ele>
        <time>2024-08-04T23:46:49.013Z</time>
      </trkpt>
      <trkpt lat="19.206249" lon="-98.725481">
        <ele>3054.922</ele>
        <time>2024-08-04T23:46:53.013Z</time>
      </trkpt>
      <trkpt lat="19.206234" lon="-98.725539">
        <ele>3054.794</ele>
        <time>2024-08-04T23:46:57.013Z</time>
      </trkpt>
      <trkpt lat="19.206209" lon="-98.725597">
        <ele>3054.684</ele>
        <time>2024-08-04T23:47:02.013Z</time>
      </trkpt>
      <trkpt lat="19.206179" lon="-98.725633">
        <ele>3054.907</ele>
        <time>2024-08-04T23:47:05.013Z</time>
      </trkpt>
      <trkpt lat="19.206153" lon="-98.725685">
        <ele>3055.617</ele>
        <time>2024-08-04T23:47:09.013Z</time>
      </trkpt>
      <trkpt lat="19.206143" lon="-98.725735">
        <ele>3056.509</ele>
        <time>2024-08-04T23:47:20.013Z</time>
      </trkpt>
      <trkpt lat="19.206156" lon="-98.725785">
        <ele>3056.459</ele>
        <time>2024-08-04T23:47:24.013Z</time>
      </trkpt>
      <trkpt lat="19.206199" lon="-98.725829">
        <ele>3056.255</ele>
        <time>2024-08-04T23:47:29.013Z</time>
      </trkpt>
      <trkpt lat="19.206235" lon="-98.725863">
        <ele>3055.677</ele>
        <time>2024-08-04T23:47:32.013Z</time>
      </trkpt>
      <trkpt lat="19.206262" lon="-98.725914">
        <ele>3054.946</ele>
        <time>2024-08-04T23:47:35.013Z</time>
      </trkpt>
      <trkpt lat="19.206291" lon="-98.725963">
        <ele>3053.059</ele>
        <time>2024-08-04T23:47:39.013Z</time>
      </trkpt>
      <trkpt lat="19.206327" lon="-98.725993">
        <ele>3052.497</ele>
        <time>2024-08-04T23:47:42.013Z</time>
      </trkpt>
      <trkpt lat="19.206368" lon="-98.726032">
        <ele>3051.450</ele>
        <time>2024-08-04T23:47:46.013Z</time>
      </trkpt>
      <trkpt lat="19.206409" lon="-98.726071">
        <ele>3050.925</ele>
        <time>2024-08-04T23:47:50.013Z</time>
      </trkpt>
      <trkpt lat="19.206442" lon="-98.726106">
        <ele>3049.617</ele>
        <time>2024-08-04T23:47:54.013Z</time>
      </trkpt>
      <trkpt lat="19.206483" lon="-98.726133">
        <ele>3048.483</ele>
        <time>2024-08-04T23:47:58.013Z</time>
      </trkpt>
      <trkpt lat="19.206529" lon="-98.726165">
        <ele>3047.925</ele>
        <time>2024-08-04T23:48:03.013Z</time>
      </trkpt>
      <trkpt lat="19.206567" lon="-98.726193">
        <ele>3047.717</ele>
        <time>2024-08-04T23:48:07.013Z</time>
      </trkpt>
      <trkpt lat="19.206609" lon="-98.726228">
        <ele>3047.609</ele>
        <time>2024-08-04T23:48:12.013Z</time>
      </trkpt>
      <trkpt lat="19.206641" lon="-98.726262">
        <ele>3047.179</ele>
        <time>2024-08-04T23:48:16.013Z</time>
      </trkpt>
      <trkpt lat="19.206664" lon="-98.726304">
        <ele>3047.065</ele>
        <time>2024-08-04T23:48:20.013Z</time>
      </trkpt>
      <trkpt lat="19.206679" lon="-98.726353">
        <ele>3046.727</ele>
        <time>2024-08-04T23:48:24.013Z</time>
      </trkpt>
      <trkpt lat="19.206697" lon="-98.726402">
        <ele>3046.426</ele>
        <time>2024-08-04T23:48:28.013Z</time>
      </trkpt>
      <trkpt lat="19.206720" lon="-98.726454">
        <ele>3046.459</ele>
        <time>2024-08-04T23:48:33.013Z</time>
      </trkpt>
      <trkpt lat="19.206743" lon="-98.726507">
        <ele>3046.457</ele>
        <time>2024-08-04T23:48:38.013Z</time>
      </trkpt>
      <trkpt lat="19.206768" lon="-98.726548">
        <ele>3046.250</ele>
        <time>2024-08-04T23:48:42.013Z</time>
      </trkpt>
      <trkpt lat="19.206794" lon="-98.726597">
        <ele>3046.115</ele>
        <time>2024-08-04T23:48:46.013Z</time>
      </trkpt>
      <trkpt lat="19.206817" lon="-98.726648">
        <ele>3046.047</ele>
        <time>2024-08-04T23:48:50.013Z</time>
      </trkpt>
      <trkpt lat="19.206838" lon="-98.726704">
        <ele>3045.864</ele>
        <time>2024-08-04T23:48:54.013Z</time>
      </trkpt>
      <trkpt lat="19.206862" lon="-98.726755">
        <ele>3045.206</ele>
        <time>2024-08-04T23:48:58.013Z</time>
      </trkpt>
      <trkpt lat="19.206873" lon="-98.726812">
        <ele>3043.816</ele>
        <time>2024-08-04T23:49:02.013Z</time>
      </trkpt>
      <trkpt lat="19.206833" lon="-98.726854">
        <ele>3042.009</ele>
        <time>2024-08-04T23:49:06.013Z</time>
      </trkpt>
      <trkpt lat="19.206794" lon="-98.726892">
        <ele>3041.687</ele>
        <time>2024-08-04T23:49:10.013Z</time>
      </trkpt>
      <trkpt lat="19.206808" lon="-98.726942">
        <ele>3041.353</ele>
        <time>2024-08-04T23:49:14.013Z</time>
      </trkpt>
      <trkpt lat="19.206764" lon="-98.726962">
        <ele>3041.795</ele>
        <time>2024-08-04T23:49:23.013Z</time>
      </trkpt>
      <trkpt lat="19.206716" lon="-98.726974">
        <ele>3042.644</ele>
        <time>2024-08-04T23:49:27.013Z</time>
      </trkpt>
      <trkpt lat="19.206665" lon="-98.726999">
        <ele>3042.637</ele>
        <time>2024-08-04T23:49:32.013Z</time>
      </trkpt>
      <trkpt lat="19.206634" lon="-98.727039">
        <ele>3043.585</ele>
        <time>2024-08-04T23:49:37.013Z</time>
      </trkpt>
      <trkpt lat="19.206612" lon="-98.727087">
        <ele>3043.588</ele>
        <time>2024-08-04T23:49:42.013Z</time>
      </trkpt>
      <trkpt lat="19.206573" lon="-98.727121">
        <ele>3043.543</ele>
        <time>2024-08-04T23:49:46.013Z</time>
      </trkpt>
      <trkpt lat="19.206535" lon="-98.727147">
        <ele>3044.555</ele>
        <time>2024-08-04T23:49:50.013Z</time>
      </trkpt>
      <trkpt lat="19.206484" lon="-98.727140">
        <ele>3044.793</ele>
        <time>2024-08-04T23:49:54.013Z</time>
      </trkpt>
      <trkpt lat="19.206426" lon="-98.727143">
        <ele>3045.465</ele>
        <time>2024-08-04T23:49:59.013Z</time>
      </trkpt>
      <trkpt lat="19.206380" lon="-98.727143">
        <ele>3046.421</ele>
        <time>2024-08-04T23:50:02.013Z</time>
      </trkpt>
      <trkpt lat="19.206335" lon="-98.727147">
        <ele>3048.209</ele>
        <time>2024-08-04T23:50:05.013Z</time>
      </trkpt>
      <trkpt lat="19.206289" lon="-98.727179">
        <ele>3049.140</ele>
        <time>2024-08-04T23:50:09.013Z</time>
      </trkpt>
      <trkpt lat="19.206246" lon="-98.727197">
        <ele>3049.266</ele>
        <time>2024-08-04T23:50:12.013Z</time>
      </trkpt>
      <trkpt lat="19.206205" lon="-98.727217">
        <ele>3049.218</ele>
        <time>2024-08-04T23:50:15.013Z</time>
      </trkpt>
      <trkpt lat="19.206162" lon="-98.727258">
        <ele>3049.137</ele>
        <time>2024-08-04T23:50:19.013Z</time>
      </trkpt>
      <trkpt lat="19.206110" lon="-98.727289">
        <ele>3047.910</ele>
        <time>2024-08-04T23:50:23.013Z</time>
      </trkpt>
      <trkpt lat="19.206062" lon="-98.727311">
        <ele>3045.538</ele>
        <time>2024-08-04T23:50:27.013Z</time>
      </trkpt>
      <trkpt lat="19.206026" lon="-98.727343">
        <ele>3042.431</ele>
        <time>2024-08-04T23:50:31.013Z</time>
      </trkpt>
      <trkpt lat="19.206030" lon="-98.727400">
        <ele>3040.636</ele>
        <time>2024-08-04T23:50:35.013Z</time>
      </trkpt>
      <trkpt lat="19.206058" lon="-98.727449">
        <ele>3040.398</ele>
        <time>2024-08-04T23:50:39.013Z</time>
      </trkpt>
      <trkpt lat="19.206080" lon="-98.727499">
        <ele>3039.795</ele>
        <time>2024-08-04T23:50:43.013Z</time>
      </trkpt>
      <trkpt lat="19.206113" lon="-98.727547">
        <ele>3038.349</ele>
        <time>2024-08-04T23:50:47.013Z</time>
      </trkpt>
      <trkpt lat="19.206128" lon="-98.727597">
        <ele>3037.323</ele>
        <time>2024-08-04T23:50:51.013Z</time>
      </trkpt>
      <trkpt lat="19.206144" lon="-98.727646">
        <ele>3035.109</ele>
        <time>2024-08-04T23:50:55.013Z</time>
      </trkpt>
      <trkpt lat="19.206170" lon="-98.727692">
        <ele>3034.710</ele>
        <time>2024-08-04T23:50:59.013Z</time>
      </trkpt>
      <trkpt lat="19.206198" lon="-98.727742">
        <ele>3034.036</ele>
        <time>2024-08-04T23:51:03.013Z</time>
      </trkpt>
      <trkpt lat="19.206222" lon="-98.727791">
        <ele>3033.698</ele>
        <time>2024-08-04T23:51:07.013Z</time>
      </trkpt>
      <trkpt lat="19.206247" lon="-98.727845">
        <ele>3031.917</ele>
        <time>2024-08-04T23:51:19.013Z</time>
      </trkpt>
      <trkpt lat="19.206275" lon="-98.727889">
        <ele>3031.950</ele>
        <time>2024-08-04T23:51:23.013Z</time>
      </trkpt>
      <trkpt lat="19.206299" lon="-98.727940">
        <ele>3032.278</ele>
        <time>2024-08-04T23:51:28.013Z</time>
      </trkpt>
      <trkpt lat="19.206299" lon="-98.727999">
        <ele>3035.361</ele>
        <time>2024-08-04T23:51:33.013Z</time>
      </trkpt>
      <trkpt lat="19.206290" lon="-98.728050">
        <ele>3036.146</ele>
        <time>2024-08-04T23:51:37.013Z</time>
      </trkpt>
      <trkpt lat="19.206300" lon="-98.728108">
        <ele>3035.788</ele>
        <time>2024-08-04T23:51:43.013Z</time>
      </trkpt>
      <trkpt lat="19.206317" lon="-98.728160">
        <ele>3033.269</ele>
        <time>2024-08-04T23:52:16.013Z</time>
      </trkpt>
      <trkpt lat="19.206350" lon="-98.728195">
        <ele>3033.104</ele>
        <time>2024-08-04T23:52:20.013Z</time>
      </trkpt>
      <trkpt lat="19.206355" lon="-98.728248">
        <ele>3033.024</ele>
        <time>2024-08-04T23:52:25.013Z</time>
      </trkpt>
      <trkpt lat="19.206347" lon="-98.728304">
        <ele>3033.009</ele>
        <time>2024-08-04T23:52:30.013Z</time>
      </trkpt>
      <trkpt lat="19.206352" lon="-98.728358">
        <ele>3033.017</ele>
        <time>2024-08-04T23:52:34.013Z</time>
      </trkpt>
      <trkpt lat="19.206359" lon="-98.728408">
        <ele>3032.453</ele>
        <time>2024-08-04T23:52:39.013Z</time>
      </trkpt>
      <trkpt lat="19.206355" lon="-98.728467">
        <ele>3031.555</ele>
        <time>2024-08-04T23:52:49.013Z</time>
      </trkpt>
      <trkpt lat="19.206350" lon="-98.728526">
        <ele>3031.244</ele>
        <time>2024-08-04T23:52:53.013Z</time>
      </trkpt>
      <trkpt lat="19.206351" lon="-98.728579">
        <ele>3030.217</ele>
        <time>2024-08-04T23:52:57.013Z</time>
      </trkpt>
      <trkpt lat="19.206358" lon="-98.728635">
        <ele>3029.965</ele>
        <time>2024-08-04T23:53:01.013Z</time>
      </trkpt>
      <trkpt lat="19.206345" lon="-98.728692">
        <ele>3029.768</ele>
        <time>2024-08-04T23:53:05.013Z</time>
      </trkpt>
      <trkpt lat="19.206330" lon="-98.728742">
        <ele>3029.493</ele>
        <time>2024-08-04T23:53:09.013Z</time>
      </trkpt>
      <trkpt lat="19.206314" lon="-98.728789">
        <ele>3028.925</ele>
        <time>2024-08-04T23:53:13.013Z</time>
      </trkpt>
      <trkpt lat="19.206284" lon="-98.728838">
        <ele>3027.787</ele>
        <time>2024-08-04T23:53:18.013Z</time>
      </trkpt>
      <trkpt lat="19.206272" lon="-98.728894">
        <ele>3026.242</ele>
        <time>2024-08-04T23:53:23.013Z</time>
      </trkpt>
      <trkpt lat="19.206253" lon="-98.728942">
        <ele>3026.026</ele>
        <time>2024-08-04T23:53:27.013Z</time>
      </trkpt>
      <trkpt lat="19.206234" lon="-98.728993">
        <ele>3024.409</ele>
        <time>2024-08-04T23:53:31.013Z</time>
      </trkpt>
      <trkpt lat="19.206218" lon="-98.729045">
        <ele>3024.069</ele>
        <time>2024-08-04T23:53:35.013Z</time>
      </trkpt>
      <trkpt lat="19.206244" lon="-98.729093">
        <ele>3023.245</ele>
        <time>2024-08-04T23:53:40.013Z</time>
      </trkpt>
      <trkpt lat="19.206260" lon="-98.729150">
        <ele>3023.227</ele>
        <time>2024-08-04T23:53:45.013Z</time>
      </trkpt>
      <trkpt lat="19.206278" lon="-98.729200">
        <ele>3023.976</ele>
        <time>2024-08-04T23:53:50.013Z</time>
      </trkpt>
      <trkpt lat="19.206330" lon="-98.729214">
        <ele>3023.979</ele>
        <time>2024-08-04T23:53:54.013Z</time>
      </trkpt>
      <trkpt lat="19.206367" lon="-98.729170">
        <ele>3023.997</ele>
        <time>2024-08-04T23:53:58.013Z</time>
      </trkpt>
      <trkpt lat="19.206395" lon="-98.729120">
        <ele>3022.980</ele>
        <time>2024-08-04T23:54:02.013Z</time>
      </trkpt>
      <trkpt lat="19.206421" lon="-98.729072">
        <ele>3021.625</ele>
        <time>2024-08-04T23:54:07.013Z</time>
      </trkpt>
      <trkpt lat="19.206464" lon="-98.729039">
        <ele>3019.367</ele>
        <time>2024-08-04T23:54:12.013Z</time>
      </trkpt>
      <trkpt lat="19.206505" lon="-98.728999">
        <ele>3017.951</ele>
        <time>2024-08-04T23:54:16.013Z</time>
      </trkpt>
      <trkpt lat="19.206546" lon="-98.728966">
        <ele>3016.001</ele>
        <time>2024-08-04T23:54:21.013Z</time>
      </trkpt>
      <trkpt lat="19.206584" lon="-98.728939">
        <ele>3014.811</ele>
        <time>2024-08-04T23:54:25.013Z</time>
      </trkpt>
      <trkpt lat="19.206616" lon="-98.728905">
        <ele>3013.909</ele>
        <time>2024-08-04T23:54:29.013Z</time>
      </trkpt>
      <trkpt lat="19.206644" lon="-98.728866">
        <ele>3012.986</ele>
        <time>2024-08-04T23:54:34.013Z</time>
      </trkpt>
      <trkpt lat="19.206673" lon="-98.728820">
        <ele>3011.822</ele>
        <time>2024-08-04T23:54:39.013Z</time>
      </trkpt>
      <trkpt lat="19.206710" lon="-98.728776">
        <ele>3010.254</ele>
        <time>2024-08-04T23:54:44.013Z</time>
      </trkpt>
      <trkpt lat="19.206739" lon="-98.728736">
        <ele>3009.613</ele>
        <time>2024-08-04T23:54:48.013Z</time>
      </trkpt>
      <trkpt lat="19.206775" lon="-98.728702">
        <ele>3007.856</ele>
        <time>2024-08-04T23:54:52.013Z</time>
      </trkpt>
      <trkpt lat="19.206813" lon="-98.728666">
        <ele>3006.054</ele>
        <time>2024-08-04T23:54:56.013Z</time>
      </trkpt>
      <trkpt lat="19.206859" lon="-98.728640">
        <ele>3005.067</ele>
        <time>2024-08-04T23:55:00.013Z</time>
      </trkpt>
      <trkpt lat="19.206913" lon="-98.728617">
        <ele>3004.722</ele>
        <time>2024-08-04T23:55:04.013Z</time>
      </trkpt>
      <trkpt lat="19.206959" lon="-98.728590">
        <ele>3004.074</ele>
        <time>2024-08-04T23:55:08.013Z</time>
      </trkpt>
      <trkpt lat="19.207006" lon="-98.728563">
        <ele>3003.297</ele>
        <time>2024-08-04T23:55:12.013Z</time>
      </trkpt>
      <trkpt lat="19.207051" lon="-98.728532">
        <ele>3003.023</ele>
        <time>2024-08-04T23:55:17.013Z</time>
      </trkpt>
      <trkpt lat="19.207091" lon="-98.728496">
        <ele>3002.525</ele>
        <time>2024-08-04T23:55:21.013Z</time>
      </trkpt>
      <trkpt lat="19.207134" lon="-98.728462">
        <ele>3001.809</ele>
        <time>2024-08-04T23:55:25.013Z</time>
      </trkpt>
      <trkpt lat="19.207173" lon="-98.728430">
        <ele>3001.320</ele>
        <time>2024-08-04T23:55:29.013Z</time>
      </trkpt>
      <trkpt lat="19.207197" lon="-98.728389">
        <ele>3000.976</ele>
        <time>2024-08-04T23:55:33.013Z</time>
      </trkpt>
      <trkpt lat="19.207232" lon="-98.728358">
        <ele>3000.858</ele>
        <time>2024-08-04T23:55:37.013Z</time>
      </trkpt>
      <trkpt lat="19.207271" lon="-98.728315">
        <ele>3000.557</ele>
        <time>2024-08-04T23:55:41.013Z</time>
      </trkpt>
      <trkpt lat="19.207305" lon="-98.728272">
        <ele>2999.220</ele>
        <time>2024-08-04T23:55:46.013Z</time>
      </trkpt>
      <trkpt lat="19.207328" lon="-98.728220">
        <ele>2998.038</ele>
        <time>2024-08-04T23:55:51.013Z</time>
      </trkpt>
      <trkpt lat="19.207346" lon="-98.728173">
        <ele>2997.481</ele>
        <time>2024-08-04T23:55:55.013Z</time>
      </trkpt>
      <trkpt lat="19.207362" lon="-98.728124">
        <ele>2996.566</ele>
        <time>2024-08-04T23:56:01.013Z</time>
      </trkpt>
      <trkpt lat="19.207375" lon="-98.728069">
        <ele>2995.338</ele>
        <time>2024-08-04T23:56:06.013Z</time>
      </trkpt>
      <trkpt lat="19.207388" lon="-98.728015">
        <ele>2993.417</ele>
        <time>2024-08-04T23:56:11.013Z</time>
      </trkpt>
      <trkpt lat="19.207388" lon="-98.727957">
        <ele>2991.387</ele>
        <time>2024-08-04T23:56:16.013Z</time>
      </trkpt>
      <trkpt lat="19.207397" lon="-98.727910">
        <ele>2989.915</ele>
        <time>2024-08-04T23:56:20.013Z</time>
      </trkpt>
      <trkpt lat="19.207426" lon="-98.727857">
        <ele>2988.609</ele>
        <time>2024-08-04T23:56:28.013Z</time>
      </trkpt>
      <trkpt lat="19.207453" lon="-98.727808">
        <ele>2988.542</ele>
        <time>2024-08-04T23:56:32.013Z</time>
      </trkpt>
      <trkpt lat="19.207474" lon="-98.727762">
        <ele>2986.698</ele>
        <time>2024-08-04T23:56:36.013Z</time>
      </trkpt>
      <trkpt lat="19.207492" lon="-98.727718">
        <ele>2986.450</ele>
        <time>2024-08-04T23:56:40.013Z</time>
      </trkpt>
      <trkpt lat="19.207513" lon="-98.727674">
        <ele>2985.529</ele>
        <time>2024-08-04T23:56:46.013Z</time>
      </trkpt>
      <trkpt lat="19.207538" lon="-98.727630">
        <ele>2985.362</ele>
        <time>2024-08-04T23:56:50.013Z</time>
      </trkpt>
      <trkpt lat="19.207579" lon="-98.727592">
        <ele>2984.950</ele>
        <time>2024-08-04T23:56:55.013Z</time>
      </trkpt>
      <trkpt lat="19.207625" lon="-98.727583">
        <ele>2984.253</ele>
        <time>2024-08-04T23:57:00.013Z</time>
      </trkpt>
      <trkpt lat="19.207674" lon="-98.727555">
        <ele>2980.778</ele>
        <time>2024-08-04T23:57:12.013Z</time>
      </trkpt>
      <trkpt lat="19.207693" lon="-98.727511">
        <ele>2980.240</ele>
        <time>2024-08-04T23:57:15.013Z</time>
      </trkpt>
      <trkpt lat="19.207728" lon="-98.727474">
        <ele>2980.192</ele>
        <time>2024-08-04T23:57:19.013Z</time>
      </trkpt>
      <trkpt lat="19.207775" lon="-98.727482">
        <ele>2980.673</ele>
        <time>2024-08-04T23:57:28.013Z</time>
      </trkpt>
      <trkpt lat="19.207825" lon="-98.727462">
        <ele>2980.720</ele>
        <time>2024-08-04T23:57:33.013Z</time>
      </trkpt>
      <trkpt lat="19.207861" lon="-98.727421">
        <ele>2982.309</ele>
        <time>2024-08-04T23:57:38.013Z</time>
      </trkpt>
      <trkpt lat="19.207909" lon="-98.727400">
        <ele>2982.320</ele>
        <time>2024-08-04T23:57:42.013Z</time>
      </trkpt>
      <trkpt lat="19.207954" lon="-98.727381">
        <ele>2982.376</ele>
        <time>2024-08-04T23:57:46.013Z</time>
      </trkpt>
      <trkpt lat="19.208005" lon="-98.727365">
        <ele>2980.658</ele>
        <time>2024-08-04T23:57:53.013Z</time>
      </trkpt>
      <trkpt lat="19.208049" lon="-98.727353">
        <ele>2979.357</ele>
        <time>2024-08-04T23:57:57.013Z</time>
      </trkpt>
      <trkpt lat="19.208099" lon="-98.727357">
        <ele>2978.250</ele>
        <time>2024-08-04T23:58:01.013Z</time>
      </trkpt>
      <trkpt lat="19.208150" lon="-98.727354">
        <ele>2977.768</ele>
        <time>2024-08-04T23:58:05.013Z</time>
      </trkpt>
      <trkpt lat="19.208203" lon="-98.727359">
        <ele>2975.761</ele>
        <time>2024-08-04T23:58:09.013Z</time>
      </trkpt>
      <trkpt lat="19.208246" lon="-98.727385">
        <ele>2975.246</ele>
        <time>2024-08-04T23:58:13.013Z</time>
      </trkpt>
      <trkpt lat="19.208278" lon="-98.727425">
        <ele>2975.238</ele>
        <time>2024-08-04T23:58:18.013Z</time>
      </trkpt>
      <trkpt lat="19.208330" lon="-98.727414">
        <ele>2976.017</ele>
        <time>2024-08-04T23:58:23.013Z</time>
      </trkpt>
      <trkpt lat="19.208355" lon="-98.727373">
        <ele>2976.187</ele>
        <time>2024-08-04T23:58:27.013Z</time>
      </trkpt>
      <trkpt lat="19.208403" lon="-98.727351">
        <ele>2976.115</ele>
        <time>2024-08-04T23:58:32.013Z</time>
      </trkpt>
      <trkpt lat="19.208418" lon="-98.727398">
        <ele>2974.809</ele>
        <time>2024-08-04T23:58:36.013Z</time>
      </trkpt>
      <trkpt lat="19.208388" lon="-98.727440">
        <ele>2971.242</ele>
        <time>2024-08-04T23:58:40.013Z</time>
      </trkpt>
      <trkpt lat="19.208441" lon="-98.727440">
        <ele>2971.058</ele>
        <time>2024-08-04T23:58:46.013Z</time>
      </trkpt>
      <trkpt lat="19.208463" lon="-98.727485">
        <ele>2971.220</ele>
        <time>2024-08-04T23:58:53.013Z</time>
      </trkpt>
      <trkpt lat="19.208494" lon="-98.727446">
        <ele>2971.859</ele>
        <time>2024-08-04T23:58:58.013Z</time>
      </trkpt>
      <trkpt lat="19.208457" lon="-98.727406">
        <ele>2971.832</ele>
        <time>2024-08-04T23:59:01.013Z</time>
      </trkpt>
      <trkpt lat="19.208410" lon="-98.727394">
        <ele>2971.970</ele>
        <time>2024-08-04T23:59:05.013Z</time>
      </trkpt>
      <trkpt lat="19.208467" lon="-98.727419">
        <ele>2970.043</ele>
        <time>2024-08-04T23:59:08.013Z</time>
      </trkpt>
      <trkpt lat="19.208478" lon="-98.727471">
        <ele>2959.038</ele>
        <time>2024-08-04T23:59:14.013Z</time>
      </trkpt>
      <trkpt lat="19.208486" lon="-98.727522">
        <ele>2956.780</ele>
        <time>2024-08-04T23:59:22.013Z</time>
      </trkpt>
      <trkpt lat="19.208530" lon="-98.727546">
        <ele>2956.361</ele>
        <time>2024-08-04T23:59:26.013Z</time>
      </trkpt>
      <trkpt lat="19.208526" lon="-98.727604">
        <ele>2955.721</ele>
        <time>2024-08-04T23:59:32.013Z</time>
      </trkpt>
      <trkpt lat="19.208533" lon="-98.727658">
        <ele>2955.613</ele>
        <time>2024-08-04T23:59:40.013Z</time>
      </trkpt>
      <trkpt lat="19.208533" lon="-98.727708">
        <ele>2955.409</ele>
        <time>2024-08-04T23:59:52.013Z</time>
      </trkpt>
      <trkpt lat="19.208539" lon="-98.727758">
        <ele>2953.537</ele>
        <time>2024-08-05T00:00:10.013Z</time>
      </trkpt>
      <trkpt lat="19.208587" lon="-98.727772">
        <ele>2951.263</ele>
        <time>2024-08-05T00:00:32.013Z</time>
      </trkpt>
      <trkpt lat="19.208635" lon="-98.727754">
        <ele>2951.065</ele>
        <time>2024-08-05T00:00:36.013Z</time>
      </trkpt>
      <trkpt lat="19.208686" lon="-98.727754">
        <ele>2946.484</ele>
        <time>2024-08-05T00:00:42.013Z</time>
      </trkpt>
      <trkpt lat="19.208721" lon="-98.727790">
        <ele>2943.317</ele>
        <time>2024-08-05T00:00:48.013Z</time>
      </trkpt>
      <trkpt lat="19.208766" lon="-98.727764">
        <ele>2940.855</ele>
        <time>2024-08-05T00:00:54.013Z</time>
      </trkpt>
      <trkpt lat="19.208793" lon="-98.727715">
        <ele>2938.968</ele>
        <time>2024-08-05T00:00:58.013Z</time>
      </trkpt>
      <trkpt lat="19.208811" lon="-98.727663">
        <ele>2934.783</ele>
        <time>2024-08-05T00:01:17.013Z</time>
      </trkpt>
      <trkpt lat="19.208832" lon="-98.727619">
        <ele>2934.275</ele>
        <time>2024-08-05T00:01:21.013Z</time>
      </trkpt>
      <trkpt lat="19.208873" lon="-98.727596">
        <ele>2934.244</ele>
        <time>2024-08-05T00:01:24.013Z</time>
      </trkpt>
      <trkpt lat="19.208924" lon="-98.727570">
        <ele>2932.805</ele>
        <time>2024-08-05T00:01:28.013Z</time>
      </trkpt>
      <trkpt lat="19.208975" lon="-98.727561">
        <ele>2932.715</ele>
        <time>2024-08-05T00:01:31.013Z</time>
      </trkpt>
      <trkpt lat="19.209029" lon="-98.727556">
        <ele>2930.209</ele>
        <time>2024-08-05T00:01:36.013Z</time>
      </trkpt>
      <trkpt lat="19.209077" lon="-98.727562">
        <ele>2930.065</ele>
        <time>2024-08-05T00:01:40.013Z</time>
      </trkpt>
      <trkpt lat="19.209118" lon="-98.727592">
        <ele>2929.851</ele>
        <time>2024-08-05T00:01:45.013Z</time>
      </trkpt>
      <trkpt lat="19.209156" lon="-98.727624">
        <ele>2929.313</ele>
        <time>2024-08-05T00:01:51.013Z</time>
      </trkpt>
      <trkpt lat="19.209201" lon="-98.727619">
        <ele>2929.532</ele>
        <time>2024-08-05T00:01:57.013Z</time>
      </trkpt>
      <trkpt lat="19.209188" lon="-98.727554">
        <ele>2929.055</ele>
        <time>2024-08-05T00:02:04.013Z</time>
      </trkpt>
      <trkpt lat="19.209187" lon="-98.727495">
        <ele>2928.723</ele>
        <time>2024-08-05T00:02:07.013Z</time>
      </trkpt>
      <trkpt lat="19.209231" lon="-98.727539">
        <ele>2928.576</ele>
        <time>2024-08-05T00:02:10.013Z</time>
      </trkpt>
      <trkpt lat="19.209241" lon="-98.727594">
        <ele>2927.941</ele>
        <time>2024-08-05T00:02:12.013Z</time>
      </trkpt>
      <trkpt lat="19.209223" lon="-98.727638">
        <ele>2926.943</ele>
        <time>2024-08-05T00:02:15.013Z</time>
      </trkpt>
      <trkpt lat="19.209271" lon="-98.727622">
        <ele>2940.184</ele>
        <time>2024-08-05T00:02:42.013Z</time>
      </trkpt>
      <trkpt lat="19.209327" lon="-98.727612">
        <ele>2938.107</ele>
        <time>2024-08-05T00:02:49.013Z</time>
      </trkpt>
      <trkpt lat="19.209366" lon="-98.727583">
        <ele>2934.317</ele>
        <time>2024-08-05T00:02:55.013Z</time>
      </trkpt>
      <trkpt lat="19.209387" lon="-98.727537">
        <ele>2932.609</ele>
        <time>2024-08-05T00:03:02.013Z</time>
      </trkpt>
      <trkpt lat="19.209438" lon="-98.727516">
        <ele>2931.389</ele>
        <time>2024-08-05T00:03:11.013Z</time>
      </trkpt>
      <trkpt lat="19.209454" lon="-98.727572">
        <ele>2930.095</ele>
        <time>2024-08-05T00:03:15.013Z</time>
      </trkpt>
      <trkpt lat="19.209483" lon="-98.727612">
        <ele>2924.787</ele>
        <time>2024-08-05T00:03:20.013Z</time>
      </trkpt>
      <trkpt lat="19.209499" lon="-98.727663">
        <ele>2921.866</ele>
        <time>2024-08-05T00:03:25.013Z</time>
      </trkpt>
      <trkpt lat="19.209533" lon="-98.727706">
        <ele>2921.479</ele>
        <time>2024-08-05T00:03:30.013Z</time>
      </trkpt>
      <trkpt lat="19.209574" lon="-98.727744">
        <ele>2920.677</ele>
        <time>2024-08-05T00:03:37.013Z</time>
      </trkpt>
      <trkpt lat="19.209596" lon="-98.727794">
        <ele>2918.110</ele>
        <time>2024-08-05T00:03:44.013Z</time>
      </trkpt>
      <trkpt lat="19.209558" lon="-98.727758">
        <ele>2915.835</ele>
        <time>2024-08-05T00:03:53.013Z</time>
      </trkpt>
      <trkpt lat="19.209514" lon="-98.727737">
        <ele>2914.757</ele>
        <time>2024-08-05T00:03:58.013Z</time>
      </trkpt>
      <trkpt lat="19.209465" lon="-98.727722">
        <ele>2913.368</ele>
        <time>2024-08-05T00:04:02.013Z</time>
      </trkpt>
      <trkpt lat="19.209417" lon="-98.727704">
        <ele>2910.342</ele>
        <time>2024-08-05T00:04:06.013Z</time>
      </trkpt>
      <trkpt lat="19.209377" lon="-98.727663">
        <ele>2909.426</ele>
        <time>2024-08-05T00:04:27.013Z</time>
      </trkpt>
      <trkpt lat="19.209326" lon="-98.727642">
        <ele>2909.009</ele>
        <time>2024-08-05T00:04:31.013Z</time>
      </trkpt>
      <trkpt lat="19.209297" lon="-98.727679">
        <ele>2908.617</ele>
        <time>2024-08-05T00:04:35.013Z</time>
      </trkpt>
      <trkpt lat="19.209283" lon="-98.727726">
        <ele>2908.583</ele>
        <time>2024-08-05T00:04:39.013Z</time>
      </trkpt>
      <trkpt lat="19.209239" lon="-98.727707">
        <ele>2904.015</ele>
        <time>2024-08-05T00:04:55.013Z</time>
      </trkpt>
      <trkpt lat="19.209285" lon="-98.727690">
        <ele>2902.934</ele>
        <time>2024-08-05T00:05:07.013Z</time>
      </trkpt>
      <trkpt lat="19.209346" lon="-98.727730">
        <ele>2902.697</ele>
        <time>2024-08-05T00:05:09.013Z</time>
      </trkpt>
      <trkpt lat="19.209385" lon="-98.727760">
        <ele>2900.815</ele>
        <time>2024-08-05T00:05:13.013Z</time>
      </trkpt>
      <trkpt lat="19.209393" lon="-98.727807">
        <ele>2897.898</ele>
        <time>2024-08-05T00:05:16.013Z</time>
      </trkpt>
      <trkpt lat="19.209436" lon="-98.727788">
        <ele>2897.693</ele>
        <time>2024-08-05T00:05:22.013Z</time>
      </trkpt>
      <trkpt lat="19.209404" lon="-98.727835">
        <ele>2898.995</ele>
        <time>2024-08-05T00:05:26.013Z</time>
      </trkpt>
      <trkpt lat="19.209429" lon="-98.727877">
        <ele>2899.398</ele>
        <time>2024-08-05T00:05:29.013Z</time>
      </trkpt>
      <trkpt lat="19.209472" lon="-98.727918">
        <ele>2899.615</ele>
        <time>2024-08-05T00:05:33.013Z</time>
      </trkpt>
      <trkpt lat="19.209516" lon="-98.727957">
        <ele>2900.726</ele>
        <time>2024-08-05T00:05:38.013Z</time>
      </trkpt>
      <trkpt lat="19.209556" lon="-98.727982">
        <ele>2900.909</ele>
        <time>2024-08-05T00:05:43.013Z</time>
      </trkpt>
      <trkpt lat="19.209601" lon="-98.728011">
        <ele>2900.760</ele>
        <time>2024-08-05T00:05:48.013Z</time>
      </trkpt>
      <trkpt lat="19.209639" lon="-98.728048">
        <ele>2899.866</ele>
        <time>2024-08-05T00:05:53.013Z</time>
      </trkpt>
      <trkpt lat="19.209681" lon="-98.728066">
        <ele>2898.928</ele>
        <time>2024-08-05T00:05:57.013Z</time>
      </trkpt>
      <trkpt lat="19.209723" lon="-98.728094">
        <ele>2897.357</ele>
        <time>2024-08-05T00:06:03.013Z</time>
      </trkpt>
      <trkpt lat="19.209770" lon="-98.728104">
        <ele>2895.540</ele>
        <time>2024-08-05T00:06:07.013Z</time>
      </trkpt>
      <trkpt lat="19.209816" lon="-98.728149">
        <ele>2894.978</ele>
        <time>2024-08-05T00:06:11.013Z</time>
      </trkpt>
      <trkpt lat="19.209853" lon="-98.728185">
        <ele>2894.761</ele>
        <time>2024-08-05T00:06:15.013Z</time>
      </trkpt>
      <trkpt lat="19.209896" lon="-98.728203">
        <ele>2894.446</ele>
        <time>2024-08-05T00:06:19.013Z</time>
      </trkpt>
      <trkpt lat="19.209945" lon="-98.728188">
        <ele>2894.098</ele>
        <time>2024-08-05T00:06:23.013Z</time>
      </trkpt>
      <trkpt lat="19.209997" lon="-98.728202">
        <ele>2893.436</ele>
        <time>2024-08-05T00:06:28.013Z</time>
      </trkpt>
      <trkpt lat="19.210045" lon="-98.728230">
        <ele>2891.717</ele>
        <time>2024-08-05T00:06:33.013Z</time>
      </trkpt>
      <trkpt lat="19.210099" lon="-98.728249">
        <ele>2890.418</ele>
        <time>2024-08-05T00:06:38.013Z</time>
      </trkpt>
      <trkpt lat="19.210152" lon="-98.728231">
        <ele>2887.809</ele>
        <time>2024-08-05T00:06:42.013Z</time>
      </trkpt>
      <trkpt lat="19.210194" lon="-98.728190">
        <ele>2886.514</ele>
        <time>2024-08-05T00:06:46.013Z</time>
      </trkpt>
      <trkpt lat="19.210250" lon="-98.728191">
        <ele>2885.510</ele>
        <time>2024-08-05T00:06:50.013Z</time>
      </trkpt>
      <trkpt lat="19.210281" lon="-98.728228">
        <ele>2885.172</ele>
        <time>2024-08-05T00:06:54.013Z</time>
      </trkpt>
      <trkpt lat="19.210231" lon="-98.728253">
        <ele>2882.441</ele>
        <time>2024-08-05T00:07:09.013Z</time>
      </trkpt>
      <trkpt lat="19.210252" lon="-98.728296">
        <ele>2882.384</ele>
        <time>2024-08-05T00:07:14.013Z</time>
      </trkpt>
      <trkpt lat="19.210208" lon="-98.728327">
        <ele>2884.412</ele>
        <time>2024-08-05T00:07:46.013Z</time>
      </trkpt>
      <trkpt lat="19.210159" lon="-98.728323">
        <ele>2884.445</ele>
        <time>2024-08-05T00:07:50.013Z</time>
      </trkpt>
      <trkpt lat="19.210111" lon="-98.728304">
        <ele>2872.740</ele>
        <time>2024-08-05T00:08:04.013Z</time>
      </trkpt>
      <trkpt lat="19.210055" lon="-98.728290">
        <ele>2868.982</ele>
        <time>2024-08-05T00:08:08.013Z</time>
      </trkpt>
      <trkpt lat="19.210007" lon="-98.728307">
        <ele>2868.946</ele>
        <time>2024-08-05T00:08:13.013Z</time>
      </trkpt>
      <trkpt lat="19.209954" lon="-98.728295">
        <ele>2868.588</ele>
        <time>2024-08-05T00:08:18.013Z</time>
      </trkpt>
      <trkpt lat="19.209901" lon="-98.728288">
        <ele>2868.016</ele>
        <time>2024-08-05T00:08:23.013Z</time>
      </trkpt>
      <trkpt lat="19.209858" lon="-98.728263">
        <ele>2867.709</ele>
        <time>2024-08-05T00:08:27.013Z</time>
      </trkpt>
      <trkpt lat="19.209824" lon="-98.728226">
        <ele>2867.845</ele>
        <time>2024-08-05T00:08:31.013Z</time>
      </trkpt>
      <trkpt lat="19.209786" lon="-98.728187">
        <ele>2867.951</ele>
        <time>2024-08-05T00:08:35.013Z</time>
      </trkpt>
      <trkpt lat="19.209738" lon="-98.728191">
        <ele>2862.883</ele>
        <time>2024-08-05T00:08:47.013Z</time>
      </trkpt>
      <trkpt lat="19.209692" lon="-98.728205">
        <ele>2861.892</ele>
        <time>2024-08-05T00:08:55.013Z</time>
      </trkpt>
      <trkpt lat="19.209663" lon="-98.728166">
        <ele>2862.215</ele>
        <time>2024-08-05T00:09:00.013Z</time>
      </trkpt>
      <trkpt lat="19.209616" lon="-98.728153">
        <ele>2861.813</ele>
        <time>2024-08-05T00:09:04.013Z</time>
      </trkpt>
      <trkpt lat="19.209569" lon="-98.728157">
        <ele>2861.826</ele>
        <time>2024-08-05T00:09:07.013Z</time>
      </trkpt>
      <trkpt lat="19.209513" lon="-98.728139">
        <ele>2862.091</ele>
        <time>2024-08-05T00:09:11.013Z</time>
      </trkpt>
      <trkpt lat="19.209468" lon="-98.728135">
        <ele>2862.273</ele>
        <time>2024-08-05T00:09:14.013Z</time>
      </trkpt>
      <trkpt lat="19.209424" lon="-98.728120">
        <ele>2861.729</ele>
        <time>2024-08-05T00:09:17.013Z</time>
      </trkpt>
      <trkpt lat="19.209368" lon="-98.728139">
        <ele>2858.300</ele>
        <time>2024-08-05T00:09:20.013Z</time>
      </trkpt>
      <trkpt lat="19.209323" lon="-98.728152">
        <ele>2852.920</ele>
        <time>2024-08-05T00:09:23.013Z</time>
      </trkpt>
      <trkpt lat="19.209275" lon="-98.728192">
        <ele>2852.209</ele>
        <time>2024-08-05T00:09:26.013Z</time>
      </trkpt>
      <trkpt lat="19.209262" lon="-98.728248">
        <ele>2852.143</ele>
        <time>2024-08-05T00:09:29.013Z</time>
      </trkpt>
      <trkpt lat="19.209239" lon="-98.728294">
        <ele>2852.039</ele>
        <time>2024-08-05T00:09:31.013Z</time>
      </trkpt>
      <trkpt lat="19.209206" lon="-98.728341">
        <ele>2854.171</ele>
        <time>2024-08-05T00:09:34.013Z</time>
      </trkpt>
      <trkpt lat="19.209159" lon="-98.728369">
        <ele>2858.150</ele>
        <time>2024-08-05T00:09:37.013Z</time>
      </trkpt>
      <trkpt lat="19.209133" lon="-98.728419">
        <ele>2859.473</ele>
        <time>2024-08-05T00:09:40.013Z</time>
      </trkpt>
      <trkpt lat="19.209155" lon="-98.728481">
        <ele>2859.421</ele>
        <time>2024-08-05T00:09:43.013Z</time>
      </trkpt>
      <trkpt lat="19.209181" lon="-98.728526">
        <ele>2858.764</ele>
        <time>2024-08-05T00:09:46.013Z</time>
      </trkpt>
      <trkpt lat="19.209202" lon="-98.728587">
        <ele>2858.779</ele>
        <time>2024-08-05T00:09:50.013Z</time>
      </trkpt>
      <trkpt lat="19.209215" lon="-98.728645">
        <ele>2858.651</ele>
        <time>2024-08-05T00:09:54.013Z</time>
      </trkpt>
      <trkpt lat="19.209222" lon="-98.728708">
        <ele>2858.897</ele>
        <time>2024-08-05T00:09:58.013Z</time>
      </trkpt>
      <trkpt lat="19.209220" lon="-98.728766">
        <ele>2859.423</ele>
        <time>2024-08-05T00:10:02.013Z</time>
      </trkpt>
      <trkpt lat="19.209218" lon="-98.728823">
        <ele>2859.725</ele>
        <time>2024-08-05T00:10:07.013Z</time>
      </trkpt>
      <trkpt lat="19.209217" lon="-98.728880">
        <ele>2859.509</ele>
        <time>2024-08-05T00:10:14.013Z</time>
      </trkpt>
      <trkpt lat="19.209238" lon="-98.728926">
        <ele>2853.190</ele>
        <time>2024-08-05T00:10:32.013Z</time>
      </trkpt>
      <trkpt lat="19.209269" lon="-98.728963">
        <ele>2851.836</ele>
        <time>2024-08-05T00:11:02.013Z</time>
      </trkpt>
      <trkpt lat="19.209278" lon="-98.729014">
        <ele>2851.818</ele>
        <time>2024-08-05T00:11:19.013Z</time>
      </trkpt>
      <trkpt lat="19.209268" lon="-98.729074">
        <ele>2851.967</ele>
        <time>2024-08-05T00:11:22.013Z</time>
      </trkpt>
      <trkpt lat="19.209268" lon="-98.729133">
        <ele>2851.650</ele>
        <time>2024-08-05T00:11:26.013Z</time>
      </trkpt>
      <trkpt lat="19.209255" lon="-98.729183">
        <ele>2851.868</ele>
        <time>2024-08-05T00:11:30.013Z</time>
      </trkpt>
      <trkpt lat="19.209257" lon="-98.729233">
        <ele>2851.761</ele>
        <time>2024-08-05T00:11:33.013Z</time>
      </trkpt>
      <trkpt lat="19.209234" lon="-98.729274">
        <ele>2849.076</ele>
        <time>2024-08-05T00:11:37.013Z</time>
      </trkpt>
      <trkpt lat="19.209215" lon="-98.729319">
        <ele>2848.658</ele>
        <time>2024-08-05T00:11:41.013Z</time>
      </trkpt>
      <trkpt lat="19.209199" lon="-98.729370">
        <ele>2848.338</ele>
        <time>2024-08-05T00:11:45.013Z</time>
      </trkpt>
      <trkpt lat="19.209185" lon="-98.729421">
        <ele>2845.670</ele>
        <time>2024-08-05T00:11:49.013Z</time>
      </trkpt>
      <trkpt lat="19.209186" lon="-98.729472">
        <ele>2843.817</ele>
        <time>2024-08-05T00:11:53.013Z</time>
      </trkpt>
      <trkpt lat="19.209193" lon="-98.729529">
        <ele>2842.209</ele>
        <time>2024-08-05T00:11:57.013Z</time>
      </trkpt>
      <trkpt lat="19.209218" lon="-98.729585">
        <ele>2839.534</ele>
        <time>2024-08-05T00:12:01.013Z</time>
      </trkpt>
      <trkpt lat="19.209219" lon="-98.729643">
        <ele>2836.510</ele>
        <time>2024-08-05T00:12:06.013Z</time>
      </trkpt>
      <trkpt lat="19.209215" lon="-98.729701">
        <ele>2836.162</ele>
        <time>2024-08-05T00:12:09.013Z</time>
      </trkpt>
      <trkpt lat="19.209244" lon="-98.729757">
        <ele>2833.771</ele>
        <time>2024-08-05T00:12:12.013Z</time>
      </trkpt>
      <trkpt lat="19.209280" lon="-98.729794">
        <ele>2832.824</ele>
        <time>2024-08-05T00:12:15.013Z</time>
      </trkpt>
      <trkpt lat="19.209327" lon="-98.729785">
        <ele>2832.072</ele>
        <time>2024-08-05T00:12:18.013Z</time>
      </trkpt>
      <trkpt lat="19.209360" lon="-98.729746">
        <ele>2830.135</ele>
        <time>2024-08-05T00:12:21.013Z</time>
      </trkpt>
      <trkpt lat="19.209377" lon="-98.729690">
        <ele>2828.560</ele>
        <time>2024-08-05T00:12:25.013Z</time>
      </trkpt>
      <trkpt lat="19.209361" lon="-98.729633">
        <ele>2826.882</ele>
        <time>2024-08-05T00:12:29.013Z</time>
      </trkpt>
      <trkpt lat="19.209351" lon="-98.729578">
        <ele>2826.617</ele>
        <time>2024-08-05T00:12:33.013Z</time>
      </trkpt>
      <trkpt lat="19.209339" lon="-98.729520">
        <ele>2826.687</ele>
        <time>2024-08-05T00:12:37.013Z</time>
      </trkpt>
      <trkpt lat="19.209348" lon="-98.729458">
        <ele>2826.515</ele>
        <time>2024-08-05T00:12:41.013Z</time>
      </trkpt>
      <trkpt lat="19.209369" lon="-98.729401">
        <ele>2826.509</ele>
        <time>2024-08-05T00:12:45.013Z</time>
      </trkpt>
      <trkpt lat="19.209389" lon="-98.729349">
        <ele>2826.292</ele>
        <time>2024-08-05T00:12:49.013Z</time>
      </trkpt>
      <trkpt lat="19.209413" lon="-98.729308">
        <ele>2825.968</ele>
        <time>2024-08-05T00:12:52.013Z</time>
      </trkpt>
      <trkpt lat="19.209434" lon="-98.729264">
        <ele>2825.910</ele>
        <time>2024-08-05T00:12:55.013Z</time>
      </trkpt>
      <trkpt lat="19.209435" lon="-98.729214">
        <ele>2825.949</ele>
        <time>2024-08-05T00:12:58.013Z</time>
      </trkpt>
      <trkpt lat="19.209436" lon="-98.729156">
        <ele>2826.052</ele>
        <time>2024-08-05T00:13:02.013Z</time>
      </trkpt>
      <trkpt lat="19.209443" lon="-98.729097">
        <ele>2826.770</ele>
        <time>2024-08-05T00:13:07.013Z</time>
      </trkpt>
      <trkpt lat="19.209454" lon="-98.729044">
        <ele>2827.443</ele>
        <time>2024-08-05T00:13:11.013Z</time>
      </trkpt>
      <trkpt lat="19.209475" lon="-98.728991">
        <ele>2828.378</ele>
        <time>2024-08-05T00:13:15.013Z</time>
      </trkpt>
      <trkpt lat="19.209485" lon="-98.728938">
        <ele>2828.650</ele>
        <time>2024-08-05T00:13:20.013Z</time>
      </trkpt>
      <trkpt lat="19.209495" lon="-98.728882">
        <ele>2829.119</ele>
        <time>2024-08-05T00:13:27.013Z</time>
      </trkpt>
      <trkpt lat="19.209511" lon="-98.728827">
        <ele>2829.309</ele>
        <time>2024-08-05T00:13:31.013Z</time>
      </trkpt>
      <trkpt lat="19.209544" lon="-98.728782">
        <ele>2829.019</ele>
        <time>2024-08-05T00:13:35.013Z</time>
      </trkpt>
      <trkpt lat="19.209584" lon="-98.728740">
        <ele>2828.709</ele>
        <time>2024-08-05T00:13:39.013Z</time>
      </trkpt>
      <trkpt lat="19.209633" lon="-98.728721">
        <ele>2828.482</ele>
        <time>2024-08-05T00:13:43.013Z</time>
      </trkpt>
      <trkpt lat="19.209693" lon="-98.728725">
        <ele>2827.938</ele>
        <time>2024-08-05T00:13:47.013Z</time>
      </trkpt>
      <trkpt lat="19.209743" lon="-98.728747">
        <ele>2827.590</ele>
        <time>2024-08-05T00:13:51.013Z</time>
      </trkpt>
      <trkpt lat="19.209784" lon="-98.728775">
        <ele>2826.899</ele>
        <time>2024-08-05T00:13:54.013Z</time>
      </trkpt>
      <trkpt lat="19.209824" lon="-98.728802">
        <ele>2826.442</ele>
        <time>2024-08-05T00:13:57.013Z</time>
      </trkpt>
      <trkpt lat="19.209875" lon="-98.728824">
        <ele>2825.960</ele>
        <time>2024-08-05T00:14:01.013Z</time>
      </trkpt>
      <trkpt lat="19.209922" lon="-98.728861">
        <ele>2825.413</ele>
        <time>2024-08-05T00:14:05.013Z</time>
      </trkpt>
      <trkpt lat="19.209953" lon="-98.728899">
        <ele>2824.948</ele>
        <time>2024-08-05T00:14:08.013Z</time>
      </trkpt>
      <trkpt lat="19.209971" lon="-98.728951">
        <ele>2824.440</ele>
        <time>2024-08-05T00:14:12.013Z</time>
      </trkpt>
      <trkpt lat="19.210001" lon="-98.728988">
        <ele>2824.491</ele>
        <time>2024-08-05T00:14:17.013Z</time>
      </trkpt>
      <trkpt lat="19.210049" lon="-98.729005">
        <ele>2824.981</ele>
        <time>2024-08-05T00:14:21.013Z</time>
      </trkpt>
      <trkpt lat="19.210099" lon="-98.729017">
        <ele>2829.419</ele>
        <time>2024-08-05T00:14:25.013Z</time>
      </trkpt>
      <trkpt lat="19.210152" lon="-98.729023">
        <ele>2829.409</ele>
        <time>2024-08-05T00:14:29.013Z</time>
      </trkpt>
      <trkpt lat="19.210200" lon="-98.729043">
        <ele>2829.470</ele>
        <time>2024-08-05T00:14:33.013Z</time>
      </trkpt>
      <trkpt lat="19.210251" lon="-98.729055">
        <ele>2828.466</ele>
        <time>2024-08-05T00:14:37.013Z</time>
      </trkpt>
      <trkpt lat="19.210310" lon="-98.729066">
        <ele>2827.098</ele>
        <time>2024-08-05T00:14:41.013Z</time>
      </trkpt>
      <trkpt lat="19.210356" lon="-98.729086">
        <ele>2826.927</ele>
        <time>2024-08-05T00:14:44.013Z</time>
      </trkpt>
      <trkpt lat="19.210402" lon="-98.729089">
        <ele>2826.560</ele>
        <time>2024-08-05T00:14:47.013Z</time>
      </trkpt>
      <trkpt lat="19.210456" lon="-98.729086">
        <ele>2826.168</ele>
        <time>2024-08-05T00:14:51.013Z</time>
      </trkpt>
      <trkpt lat="19.210512" lon="-98.729076">
        <ele>2825.411</ele>
        <time>2024-08-05T00:14:55.013Z</time>
      </trkpt>
      <trkpt lat="19.210553" lon="-98.729055">
        <ele>2825.316</ele>
        <time>2024-08-05T00:14:58.013Z</time>
      </trkpt>
      <trkpt lat="19.210601" lon="-98.729060">
        <ele>2825.258</ele>
        <time>2024-08-05T00:15:02.013Z</time>
      </trkpt>
      <trkpt lat="19.210643" lon="-98.729037">
        <ele>2822.485</ele>
        <time>2024-08-05T00:15:14.013Z</time>
      </trkpt>
      <trkpt lat="19.210693" lon="-98.729039">
        <ele>2821.389</ele>
        <time>2024-08-05T00:15:18.013Z</time>
      </trkpt>
      <trkpt lat="19.210742" lon="-98.729014">
        <ele>2821.117</ele>
        <time>2024-08-05T00:15:22.013Z</time>
      </trkpt>
      <trkpt lat="19.210797" lon="-98.729015">
        <ele>2818.709</ele>
        <time>2024-08-05T00:15:27.013Z</time>
      </trkpt>
      <trkpt lat="19.210845" lon="-98.729020">
        <ele>2817.679</ele>
        <time>2024-08-05T00:15:31.013Z</time>
      </trkpt>
      <trkpt lat="19.210894" lon="-98.729041">
        <ele>2815.535</ele>
        <time>2024-08-05T00:15:35.013Z</time>
      </trkpt>
      <trkpt lat="19.210951" lon="-98.729051">
        <ele>2814.087</ele>
        <time>2024-08-05T00:15:39.013Z</time>
      </trkpt>
      <trkpt lat="19.211007" lon="-98.729053">
        <ele>2813.826</ele>
        <time>2024-08-05T00:15:43.013Z</time>
      </trkpt>
      <trkpt lat="19.211050" lon="-98.729019">
        <ele>2813.559</ele>
        <time>2024-08-05T00:15:47.013Z</time>
      </trkpt>
      <trkpt lat="19.211083" lon="-98.728973">
        <ele>2812.277</ele>
        <time>2024-08-05T00:15:51.013Z</time>
      </trkpt>
      <trkpt lat="19.211111" lon="-98.728922">
        <ele>2810.410</ele>
        <time>2024-08-05T00:15:55.013Z</time>
      </trkpt>
      <trkpt lat="19.211146" lon="-98.728873">
        <ele>2807.915</ele>
        <time>2024-08-05T00:15:59.013Z</time>
      </trkpt>
      <trkpt lat="19.211180" lon="-98.728827">
        <ele>2806.357</ele>
        <time>2024-08-05T00:16:03.013Z</time>
      </trkpt>
      <trkpt lat="19.211224" lon="-98.728790">
        <ele>2805.297</ele>
        <time>2024-08-05T00:16:07.013Z</time>
      </trkpt>
      <trkpt lat="19.211268" lon="-98.728751">
        <ele>2804.423</ele>
        <time>2024-08-05T00:16:11.013Z</time>
      </trkpt>
      <trkpt lat="19.211309" lon="-98.728713">
        <ele>2803.425</ele>
        <time>2024-08-05T00:16:15.013Z</time>
      </trkpt>
      <trkpt lat="19.211346" lon="-98.728666">
        <ele>2801.509</ele>
        <time>2024-08-05T00:16:19.013Z</time>
      </trkpt>
      <trkpt lat="19.211380" lon="-98.728618">
        <ele>2799.650</ele>
        <time>2024-08-05T00:16:23.013Z</time>
      </trkpt>
      <trkpt lat="19.211412" lon="-98.728567">
        <ele>2799.096</ele>
        <time>2024-08-05T00:16:27.013Z</time>
      </trkpt>
      <trkpt lat="19.211434" lon="-98.728511">
        <ele>2797.648</ele>
        <time>2024-08-05T00:16:31.013Z</time>
      </trkpt>
      <trkpt lat="19.211448" lon="-98.728451">
        <ele>2796.847</ele>
        <time>2024-08-05T00:16:35.013Z</time>
      </trkpt>
      <trkpt lat="19.211476" lon="-98.728398">
        <ele>2796.860</ele>
        <time>2024-08-05T00:16:39.013Z</time>
      </trkpt>
      <trkpt lat="19.211520" lon="-98.728358">
        <ele>2797.018</ele>
        <time>2024-08-05T00:16:43.013Z</time>
      </trkpt>
      <trkpt lat="19.211557" lon="-98.728331">
        <ele>2797.891</ele>
        <time>2024-08-05T00:16:46.013Z</time>
      </trkpt>
      <trkpt lat="19.211615" lon="-98.728319">
        <ele>2797.876</ele>
        <time>2024-08-05T00:16:50.013Z</time>
      </trkpt>
      <trkpt lat="19.211667" lon="-98.728309">
        <ele>2797.838</ele>
        <time>2024-08-05T00:16:54.013Z</time>
      </trkpt>
      <trkpt lat="19.211719" lon="-98.728286">
        <ele>2796.339</ele>
        <time>2024-08-05T00:16:58.013Z</time>
      </trkpt>
      <trkpt lat="19.211764" lon="-98.728272">
        <ele>2795.901</ele>
        <time>2024-08-05T00:17:02.013Z</time>
      </trkpt>
      <trkpt lat="19.211804" lon="-98.728250">
        <ele>2795.521</ele>
        <time>2024-08-05T00:17:06.013Z</time>
      </trkpt>
      <trkpt lat="19.211849" lon="-98.728216">
        <ele>2791.209</ele>
        <time>2024-08-05T00:17:15.013Z</time>
      </trkpt>
      <trkpt lat="19.211894" lon="-98.728180">
        <ele>2790.614</ele>
        <time>2024-08-05T00:17:20.013Z</time>
      </trkpt>
      <trkpt lat="19.211937" lon="-98.728149">
        <ele>2788.520</ele>
        <time>2024-08-05T00:17:24.013Z</time>
      </trkpt>
      <trkpt lat="19.211984" lon="-98.728115">
        <ele>2787.822</ele>
        <time>2024-08-05T00:17:28.013Z</time>
      </trkpt>
      <trkpt lat="19.212031" lon="-98.728079">
        <ele>2786.261</ele>
        <time>2024-08-05T00:17:32.013Z</time>
      </trkpt>
      <trkpt lat="19.212051" lon="-98.728034">
        <ele>2785.564</ele>
        <time>2024-08-05T00:17:35.013Z</time>
      </trkpt>
      <trkpt lat="19.212070" lon="-98.727988">
        <ele>2783.952</ele>
        <time>2024-08-05T00:17:38.013Z</time>
      </trkpt>
      <trkpt lat="19.212087" lon="-98.727942">
        <ele>2782.325</ele>
        <time>2024-08-05T00:17:41.013Z</time>
      </trkpt>
      <trkpt lat="19.212100" lon="-98.727896">
        <ele>2781.080</ele>
        <time>2024-08-05T00:17:44.013Z</time>
      </trkpt>
      <trkpt lat="19.212101" lon="-98.727835">
        <ele>2780.472</ele>
        <time>2024-08-05T00:17:48.013Z</time>
      </trkpt>
      <trkpt lat="19.212092" lon="-98.727774">
        <ele>2780.089</ele>
        <time>2024-08-05T00:17:52.013Z</time>
      </trkpt>
      <trkpt lat="19.212090" lon="-98.727725">
        <ele>2779.906</ele>
        <time>2024-08-05T00:17:55.013Z</time>
      </trkpt>
      <trkpt lat="19.212110" lon="-98.727677">
        <ele>2779.926</ele>
        <time>2024-08-05T00:17:58.013Z</time>
      </trkpt>
      <trkpt lat="19.212135" lon="-98.727632">
        <ele>2779.209</ele>
        <time>2024-08-05T00:18:01.019Z</time>
      </trkpt>
      <trkpt lat="19.212154" lon="-98.727585">
        <ele>2776.969</ele>
        <time>2024-08-05T00:18:04.015Z</time>
      </trkpt>
      <trkpt lat="19.212176" lon="-98.727542">
        <ele>2776.725</ele>
        <time>2024-08-05T00:18:07.018Z</time>
      </trkpt>
      <trkpt lat="19.212199" lon="-98.727500">
        <ele>2776.667</ele>
        <time>2024-08-05T00:18:10.018Z</time>
      </trkpt>
      <trkpt lat="19.212236" lon="-98.727463">
        <ele>2776.486</ele>
        <time>2024-08-05T00:18:13.018Z</time>
      </trkpt>
      <trkpt lat="19.212277" lon="-98.727431">
        <ele>2776.049</ele>
        <time>2024-08-05T00:18:16.018Z</time>
      </trkpt>
      <trkpt lat="19.212315" lon="-98.727398">
        <ele>2775.727</ele>
        <time>2024-08-05T00:18:19.018Z</time>
      </trkpt>
      <trkpt lat="19.212352" lon="-98.727352">
        <ele>2775.310</ele>
        <time>2024-08-05T00:18:23.013Z</time>
      </trkpt>
      <trkpt lat="19.212393" lon="-98.727312">
        <ele>2775.255</ele>
        <time>2024-08-05T00:18:27.015Z</time>
      </trkpt>
      <trkpt lat="19.212437" lon="-98.727339">
        <ele>2775.147</ele>
        <time>2024-08-05T00:18:30.013Z</time>
      </trkpt>
      <trkpt lat="19.212445" lon="-98.727396">
        <ele>2775.189</ele>
        <time>2024-08-05T00:18:34.013Z</time>
      </trkpt>
      <trkpt lat="19.212433" lon="-98.727455">
        <ele>2774.906</ele>
        <time>2024-08-05T00:18:38.013Z</time>
      </trkpt>
      <trkpt lat="19.212407" lon="-98.727505">
        <ele>2772.026</ele>
        <time>2024-08-05T00:18:41.013Z</time>
      </trkpt>
      <trkpt lat="19.212424" lon="-98.727562">
        <ele>2770.909</ele>
        <time>2024-08-05T00:18:45.013Z</time>
      </trkpt>
      <trkpt lat="19.212459" lon="-98.727599">
        <ele>2770.859</ele>
        <time>2024-08-05T00:18:48.013Z</time>
      </trkpt>
      <trkpt lat="19.212462" lon="-98.727657">
        <ele>2770.955</ele>
        <time>2024-08-05T00:18:53.013Z</time>
      </trkpt>
      <trkpt lat="19.212453" lon="-98.727709">
        <ele>2771.697</ele>
        <time>2024-08-05T00:18:57.013Z</time>
      </trkpt>
      <trkpt lat="19.212462" lon="-98.727761">
        <ele>2772.566</ele>
        <time>2024-08-05T00:19:01.013Z</time>
      </trkpt>
      <trkpt lat="19.212473" lon="-98.727809">
        <ele>2773.759</ele>
        <time>2024-08-05T00:19:05.013Z</time>
      </trkpt>
      <trkpt lat="19.212472" lon="-98.727864">
        <ele>2773.977</ele>
        <time>2024-08-05T00:19:10.013Z</time>
      </trkpt>
      <trkpt lat="19.212524" lon="-98.727878">
        <ele>2775.130</ele>
        <time>2024-08-05T00:19:14.013Z</time>
      </trkpt>
      <trkpt lat="19.212560" lon="-98.727910">
        <ele>2775.795</ele>
        <time>2024-08-05T00:19:20.013Z</time>
      </trkpt>
      <trkpt lat="19.212605" lon="-98.727947">
        <ele>2775.817</ele>
        <time>2024-08-05T00:19:25.013Z</time>
      </trkpt>
      <trkpt lat="19.212630" lon="-98.727996">
        <ele>2775.233</ele>
        <time>2024-08-05T00:19:29.013Z</time>
      </trkpt>
      <trkpt lat="19.212666" lon="-98.728032">
        <ele>2775.023</ele>
        <time>2024-08-05T00:19:34.013Z</time>
      </trkpt>
      <trkpt lat="19.212711" lon="-98.728053">
        <ele>2775.515</ele>
        <time>2024-08-05T00:19:40.013Z</time>
      </trkpt>
      <trkpt lat="19.212722" lon="-98.728107">
        <ele>2774.909</ele>
        <time>2024-08-05T00:19:46.013Z</time>
      </trkpt>
      <trkpt lat="19.212700" lon="-98.728152">
        <ele>2774.554</ele>
        <time>2024-08-05T00:19:50.013Z</time>
      </trkpt>
      <trkpt lat="19.212684" lon="-98.728205">
        <ele>2774.580</ele>
        <time>2024-08-05T00:19:55.013Z</time>
      </trkpt>
      <trkpt lat="19.212662" lon="-98.728263">
        <ele>2772.222</ele>
        <time>2024-08-05T00:19:59.013Z</time>
      </trkpt>
      <trkpt lat="19.212651" lon="-98.728314">
        <ele>2767.791</ele>
        <time>2024-08-05T00:20:03.013Z</time>
      </trkpt>
      <trkpt lat="19.212628" lon="-98.728366">
        <ele>2765.044</ele>
        <time>2024-08-05T00:20:07.013Z</time>
      </trkpt>
      <trkpt lat="19.212597" lon="-98.728414">
        <ele>2764.722</ele>
        <time>2024-08-05T00:20:11.013Z</time>
      </trkpt>
      <trkpt lat="19.212561" lon="-98.728464">
        <ele>2764.515</ele>
        <time>2024-08-05T00:20:15.013Z</time>
      </trkpt>
      <trkpt lat="19.212515" lon="-98.728498">
        <ele>2764.210</ele>
        <time>2024-08-05T00:20:19.013Z</time>
      </trkpt>
      <trkpt lat="19.212475" lon="-98.728526">
        <ele>2764.092</ele>
        <time>2024-08-05T00:20:22.013Z</time>
      </trkpt>
      <trkpt lat="19.212432" lon="-98.728565">
        <ele>2762.772</ele>
        <time>2024-08-05T00:20:25.013Z</time>
      </trkpt>
      <trkpt lat="19.212428" lon="-98.728614">
        <ele>2762.713</ele>
        <time>2024-08-05T00:20:28.013Z</time>
      </trkpt>
      <trkpt lat="19.212453" lon="-98.728660">
        <ele>2762.214</ele>
        <time>2024-08-05T00:20:31.013Z</time>
      </trkpt>
      <trkpt lat="19.212440" lon="-98.728719">
        <ele>2763.809</ele>
        <time>2024-08-05T00:20:35.013Z</time>
      </trkpt>
      <trkpt lat="19.212428" lon="-98.728767">
        <ele>2763.828</ele>
        <time>2024-08-05T00:20:38.013Z</time>
      </trkpt>
      <trkpt lat="19.212421" lon="-98.728828">
        <ele>2764.794</ele>
        <time>2024-08-05T00:20:42.013Z</time>
      </trkpt>
      <trkpt lat="19.212419" lon="-98.728889">
        <ele>2764.846</ele>
        <time>2024-08-05T00:20:46.013Z</time>
      </trkpt>
      <trkpt lat="19.212412" lon="-98.728937">
        <ele>2765.195</ele>
        <time>2024-08-05T00:20:49.013Z</time>
      </trkpt>
      <trkpt lat="19.212401" lon="-98.728995">
        <ele>2764.978</ele>
        <time>2024-08-05T00:20:53.013Z</time>
      </trkpt>
      <trkpt lat="19.212384" lon="-98.729054">
        <ele>2764.896</ele>
        <time>2024-08-05T00:20:57.013Z</time>
      </trkpt>
      <trkpt lat="19.212387" lon="-98.729109">
        <ele>2764.489</ele>
        <time>2024-08-05T00:21:01.013Z</time>
      </trkpt>
      <trkpt lat="19.212386" lon="-98.729169">
        <ele>2763.914</ele>
        <time>2024-08-05T00:21:05.013Z</time>
      </trkpt>
      <trkpt lat="19.212369" lon="-98.729217">
        <ele>2763.576</ele>
        <time>2024-08-05T00:21:08.013Z</time>
      </trkpt>
      <trkpt lat="19.212362" lon="-98.729271">
        <ele>2763.297</ele>
        <time>2024-08-05T00:21:12.013Z</time>
      </trkpt>
      <trkpt lat="19.212347" lon="-98.729328">
        <ele>2762.823</ele>
        <time>2024-08-05T00:21:16.013Z</time>
      </trkpt>
      <trkpt lat="19.212320" lon="-98.729378">
        <ele>2761.925</ele>
        <time>2024-08-05T00:21:20.013Z</time>
      </trkpt>
      <trkpt lat="19.212290" lon="-98.729427">
        <ele>2759.109</ele>
        <time>2024-08-05T00:21:24.013Z</time>
      </trkpt>
      <trkpt lat="19.212262" lon="-98.729466">
        <ele>2758.220</ele>
        <time>2024-08-05T00:21:28.013Z</time>
      </trkpt>
      <trkpt lat="19.212242" lon="-98.729510">
        <ele>2757.866</ele>
        <time>2024-08-05T00:21:32.013Z</time>
      </trkpt>
      <trkpt lat="19.212223" lon="-98.729561">
        <ele>2757.138</ele>
        <time>2024-08-05T00:21:36.013Z</time>
      </trkpt>
      <trkpt lat="19.212186" lon="-98.729606">
        <ele>2754.697</ele>
        <time>2024-08-05T00:21:40.013Z</time>
      </trkpt>
      <trkpt lat="19.212159" lon="-98.729648">
        <ele>2753.930</ele>
        <time>2024-08-05T00:21:44.013Z</time>
      </trkpt>
      <trkpt lat="19.212130" lon="-98.729691">
        <ele>2753.148</ele>
        <time>2024-08-05T00:21:48.013Z</time>
      </trkpt>
      <trkpt lat="19.212105" lon="-98.729732">
        <ele>2753.091</ele>
        <time>2024-08-05T00:21:52.013Z</time>
      </trkpt>
      <trkpt lat="19.212079" lon="-98.729780">
        <ele>2753.046</ele>
        <time>2024-08-05T00:21:56.013Z</time>
      </trkpt>
      <trkpt lat="19.212058" lon="-98.729826">
        <ele>2752.748</ele>
        <time>2024-08-05T00:22:00.013Z</time>
      </trkpt>
      <trkpt lat="19.212031" lon="-98.729884">
        <ele>2752.652</ele>
        <time>2024-08-05T00:22:04.013Z</time>
      </trkpt>
      <trkpt lat="19.212008" lon="-98.729937">
        <ele>2753.053</ele>
        <time>2024-08-05T00:22:09.013Z</time>
      </trkpt>
      <trkpt lat="19.212001" lon="-98.729997">
        <ele>2753.608</ele>
        <time>2024-08-05T00:22:13.013Z</time>
      </trkpt>
      <trkpt lat="19.211991" lon="-98.730057">
        <ele>2753.809</ele>
        <time>2024-08-05T00:22:17.013Z</time>
      </trkpt>
      <trkpt lat="19.211971" lon="-98.730113">
        <ele>2754.096</ele>
        <time>2024-08-05T00:22:21.013Z</time>
      </trkpt>
      <trkpt lat="19.211960" lon="-98.730169">
        <ele>2754.252</ele>
        <time>2024-08-05T00:22:25.013Z</time>
      </trkpt>
      <trkpt lat="19.211958" lon="-98.730224">
        <ele>2753.724</ele>
        <time>2024-08-05T00:22:29.013Z</time>
      </trkpt>
      <trkpt lat="19.211952" lon="-98.730280">
        <ele>2753.473</ele>
        <time>2024-08-05T00:22:33.013Z</time>
      </trkpt>
      <trkpt lat="19.211949" lon="-98.730342">
        <ele>2753.396</ele>
        <time>2024-08-05T00:22:37.013Z</time>
      </trkpt>
      <trkpt lat="19.211946" lon="-98.730398">
        <ele>2753.384</ele>
        <time>2024-08-05T00:22:41.013Z</time>
      </trkpt>
      <trkpt lat="19.211953" lon="-98.730453">
        <ele>2753.237</ele>
        <time>2024-08-05T00:22:45.013Z</time>
      </trkpt>
      <trkpt lat="19.211961" lon="-98.730514">
        <ele>2753.022</ele>
        <time>2024-08-05T00:22:49.013Z</time>
      </trkpt>
      <trkpt lat="19.211952" lon="-98.730566">
        <ele>2752.874</ele>
        <time>2024-08-05T00:22:52.013Z</time>
      </trkpt>
      <trkpt lat="19.211932" lon="-98.730615">
        <ele>2752.214</ele>
        <time>2024-08-05T00:22:55.013Z</time>
      </trkpt>
      <trkpt lat="19.211940" lon="-98.730671">
        <ele>2751.654</ele>
        <time>2024-08-05T00:22:59.013Z</time>
      </trkpt>
      <trkpt lat="19.211953" lon="-98.730729">
        <ele>2751.409</ele>
        <time>2024-08-05T00:23:03.013Z</time>
      </trkpt>
      <trkpt lat="19.211964" lon="-98.730787">
        <ele>2751.009</ele>
        <time>2024-08-05T00:23:07.013Z</time>
      </trkpt>
      <trkpt lat="19.211974" lon="-98.730843">
        <ele>2749.522</ele>
        <time>2024-08-05T00:23:11.013Z</time>
      </trkpt>
      <trkpt lat="19.211969" lon="-98.730902">
        <ele>2748.228</ele>
        <time>2024-08-05T00:23:15.013Z</time>
      </trkpt>
      <trkpt lat="19.211933" lon="-98.730950">
        <ele>2746.850</ele>
        <time>2024-08-05T00:23:19.013Z</time>
      </trkpt>
      <trkpt lat="19.211908" lon="-98.730992">
        <ele>2743.769</ele>
        <time>2024-08-05T00:23:22.014Z</time>
      </trkpt>
      <trkpt lat="19.211879" lon="-98.731032">
        <ele>2741.832</ele>
        <time>2024-08-05T00:23:25.013Z</time>
      </trkpt>
      <trkpt lat="19.211872" lon="-98.731083">
        <ele>2741.860</ele>
        <time>2024-08-05T00:23:29.013Z</time>
      </trkpt>
      <trkpt lat="19.211848" lon="-98.731125">
        <ele>2741.853</ele>
        <time>2024-08-05T00:23:32.013Z</time>
      </trkpt>
      <trkpt lat="19.211824" lon="-98.731169">
        <ele>2744.768</ele>
        <time>2024-08-05T00:23:36.013Z</time>
      </trkpt>
      <trkpt lat="19.211803" lon="-98.731227">
        <ele>2750.470</ele>
        <time>2024-08-05T00:23:41.013Z</time>
      </trkpt>
      <trkpt lat="19.211807" lon="-98.731283">
        <ele>2751.918</ele>
        <time>2024-08-05T00:23:45.013Z</time>
      </trkpt>
      <trkpt lat="19.211828" lon="-98.731333">
        <ele>2751.998</ele>
        <time>2024-08-05T00:23:49.013Z</time>
      </trkpt>
      <trkpt lat="19.211845" lon="-98.731387">
        <ele>2751.917</ele>
        <time>2024-08-05T00:23:54.013Z</time>
      </trkpt>
      <trkpt lat="19.211848" lon="-98.731436">
        <ele>2751.409</ele>
        <time>2024-08-05T00:23:58.013Z</time>
      </trkpt>
      <trkpt lat="19.211846" lon="-98.731488">
        <ele>2749.762</ele>
        <time>2024-08-05T00:24:02.013Z</time>
      </trkpt>
      <trkpt lat="19.211832" lon="-98.731542">
        <ele>2749.188</ele>
        <time>2024-08-05T00:24:06.013Z</time>
      </trkpt>
      <trkpt lat="19.211810" lon="-98.731597">
        <ele>2747.580</ele>
        <time>2024-08-05T00:24:10.013Z</time>
      </trkpt>
      <trkpt lat="19.211813" lon="-98.731646">
        <ele>2746.919</ele>
        <time>2024-08-05T00:24:14.013Z</time>
      </trkpt>
      <trkpt lat="19.211816" lon="-98.731703">
        <ele>2746.592</ele>
        <time>2024-08-05T00:24:18.013Z</time>
      </trkpt>
      <trkpt lat="19.211807" lon="-98.731759">
        <ele>2745.990</ele>
        <time>2024-08-05T00:24:22.013Z</time>
      </trkpt>
      <trkpt lat="19.211802" lon="-98.731813">
        <ele>2744.793</ele>
        <time>2024-08-05T00:24:27.013Z</time>
      </trkpt>
      <trkpt lat="19.211794" lon="-98.731871">
        <ele>2743.598</ele>
        <time>2024-08-05T00:24:32.013Z</time>
      </trkpt>
      <trkpt lat="19.211791" lon="-98.731931">
        <ele>2739.980</ele>
        <time>2024-08-05T00:24:37.013Z</time>
      </trkpt>
      <trkpt lat="19.211778" lon="-98.731982">
        <ele>2736.538</ele>
        <time>2024-08-05T00:24:41.013Z</time>
      </trkpt>
      <trkpt lat="19.211780" lon="-98.732033">
        <ele>2734.170</ele>
        <time>2024-08-05T00:24:45.013Z</time>
      </trkpt>
      <trkpt lat="19.211779" lon="-98.732089">
        <ele>2731.717</ele>
        <time>2024-08-05T00:24:49.013Z</time>
      </trkpt>
      <trkpt lat="19.211776" lon="-98.732148">
        <ele>2729.909</ele>
        <time>2024-08-05T00:24:53.013Z</time>
      </trkpt>
      <trkpt lat="19.211766" lon="-98.732204">
        <ele>2729.354</ele>
        <time>2024-08-05T00:24:57.013Z</time>
      </trkpt>
      <trkpt lat="19.211757" lon="-98.732260">
        <ele>2729.330</ele>
        <time>2024-08-05T00:25:01.013Z</time>
      </trkpt>
      <trkpt lat="19.211752" lon="-98.732316">
        <ele>2728.962</ele>
        <time>2024-08-05T00:25:05.013Z</time>
      </trkpt>
      <trkpt lat="19.211740" lon="-98.732369">
        <ele>2728.741</ele>
        <time>2024-08-05T00:25:09.013Z</time>
      </trkpt>
      <trkpt lat="19.211727" lon="-98.732423">
        <ele>2728.464</ele>
        <time>2024-08-05T00:25:13.013Z</time>
      </trkpt>
      <trkpt lat="19.211717" lon="-98.732476">
        <ele>2728.152</ele>
        <time>2024-08-05T00:25:17.013Z</time>
      </trkpt>
      <trkpt lat="19.211706" lon="-98.732529">
        <ele>2725.015</ele>
        <time>2024-08-05T00:25:21.013Z</time>
      </trkpt>
      <trkpt lat="19.211689" lon="-98.732584">
        <ele>2724.690</ele>
        <time>2024-08-05T00:25:25.013Z</time>
      </trkpt>
      <trkpt lat="19.211664" lon="-98.732632">
        <ele>2723.832</ele>
        <time>2024-08-05T00:25:29.013Z</time>
      </trkpt>
      <trkpt lat="19.211651" lon="-98.732680">
        <ele>2722.524</ele>
        <time>2024-08-05T00:25:33.013Z</time>
      </trkpt>
      <trkpt lat="19.211653" lon="-98.732730">
        <ele>2720.404</ele>
        <time>2024-08-05T00:25:37.013Z</time>
      </trkpt>
      <trkpt lat="19.211654" lon="-98.732781">
        <ele>2719.814</ele>
        <time>2024-08-05T00:25:41.013Z</time>
      </trkpt>
      <trkpt lat="19.211642" lon="-98.732835">
        <ele>2719.709</ele>
        <time>2024-08-05T00:25:45.013Z</time>
      </trkpt>
      <trkpt lat="19.211631" lon="-98.732889">
        <ele>2719.363</ele>
        <time>2024-08-05T00:25:49.013Z</time>
      </trkpt>
      <trkpt lat="19.211622" lon="-98.732946">
        <ele>2718.629</ele>
        <time>2024-08-05T00:25:53.013Z</time>
      </trkpt>
      <trkpt lat="19.211611" lon="-98.733002">
        <ele>2718.741</ele>
        <time>2024-08-05T00:25:57.013Z</time>
      </trkpt>
      <trkpt lat="19.211611" lon="-98.733056">
        <ele>2718.390</ele>
        <time>2024-08-05T00:26:01.013Z</time>
      </trkpt>
      <trkpt lat="19.211600" lon="-98.733103">
        <ele>2718.183</ele>
        <time>2024-08-05T00:26:05.013Z</time>
      </trkpt>
      <trkpt lat="19.211586" lon="-98.733153">
        <ele>2717.791</ele>
        <time>2024-08-05T00:26:09.013Z</time>
      </trkpt>
      <trkpt lat="19.211560" lon="-98.733201">
        <ele>2716.454</ele>
        <time>2024-08-05T00:26:13.013Z</time>
      </trkpt>
      <trkpt lat="19.211549" lon="-98.733253">
        <ele>2716.059</ele>
        <time>2024-08-05T00:26:17.013Z</time>
      </trkpt>
      <trkpt lat="19.211532" lon="-98.733308">
        <ele>2714.921</ele>
        <time>2024-08-05T00:26:21.013Z</time>
      </trkpt>
      <trkpt lat="19.211509" lon="-98.733364">
        <ele>2714.363</ele>
        <time>2024-08-05T00:26:25.013Z</time>
      </trkpt>
      <trkpt lat="19.211491" lon="-98.733417">
        <ele>2713.744</ele>
        <time>2024-08-05T00:26:29.013Z</time>
      </trkpt>
      <trkpt lat="19.211473" lon="-98.733470">
        <ele>2712.018</ele>
        <time>2024-08-05T00:26:33.013Z</time>
      </trkpt>
      <trkpt lat="19.211456" lon="-98.733530">
        <ele>2711.509</ele>
        <time>2024-08-05T00:26:37.013Z</time>
      </trkpt>
      <trkpt lat="19.211430" lon="-98.733583">
        <ele>2712.317</ele>
        <time>2024-08-05T00:26:41.013Z</time>
      </trkpt>
      <trkpt lat="19.211403" lon="-98.733628">
        <ele>2713.283</ele>
        <time>2024-08-05T00:26:45.013Z</time>
      </trkpt>
      <trkpt lat="19.211380" lon="-98.733675">
        <ele>2713.225</ele>
        <time>2024-08-05T00:26:49.013Z</time>
      </trkpt>
      <trkpt lat="19.211351" lon="-98.733718">
        <ele>2713.054</ele>
        <time>2024-08-05T00:26:53.013Z</time>
      </trkpt>
      <trkpt lat="19.211322" lon="-98.733765">
        <ele>2712.077</ele>
        <time>2024-08-05T00:26:57.013Z</time>
      </trkpt>
      <trkpt lat="19.211290" lon="-98.733809">
        <ele>2711.735</ele>
        <time>2024-08-05T00:27:01.013Z</time>
      </trkpt>
      <trkpt lat="19.211265" lon="-98.733854">
        <ele>2709.998</ele>
        <time>2024-08-05T00:27:05.013Z</time>
      </trkpt>
      <trkpt lat="19.211236" lon="-98.733901">
        <ele>2709.933</ele>
        <time>2024-08-05T00:27:09.013Z</time>
      </trkpt>
      <trkpt lat="19.211214" lon="-98.733955">
        <ele>2709.975</ele>
        <time>2024-08-05T00:27:13.013Z</time>
      </trkpt>
      <trkpt lat="19.211184" lon="-98.734003">
        <ele>2709.541</ele>
        <time>2024-08-05T00:27:17.013Z</time>
      </trkpt>
      <trkpt lat="19.211171" lon="-98.734061">
        <ele>2710.181</ele>
        <time>2024-08-05T00:27:21.013Z</time>
      </trkpt>
      <trkpt lat="19.211153" lon="-98.734121">
        <ele>2710.309</ele>
        <time>2024-08-05T00:27:25.013Z</time>
      </trkpt>
      <trkpt lat="19.211135" lon="-98.734179">
        <ele>2710.309</ele>
        <time>2024-08-05T00:27:29.013Z</time>
      </trkpt>
      <trkpt lat="19.211125" lon="-98.734233">
        <ele>2711.135</ele>
        <time>2024-08-05T00:27:33.013Z</time>
      </trkpt>
      <trkpt lat="19.211133" lon="-98.734291">
        <ele>2713.611</ele>
        <time>2024-08-05T00:27:37.013Z</time>
      </trkpt>
      <trkpt lat="19.211123" lon="-98.734351">
        <ele>2713.613</ele>
        <time>2024-08-05T00:27:41.013Z</time>
      </trkpt>
      <trkpt lat="19.211119" lon="-98.734405">
        <ele>2713.612</ele>
        <time>2024-08-05T00:27:45.013Z</time>
      </trkpt>
      <trkpt lat="19.211105" lon="-98.734454">
        <ele>2712.885</ele>
        <time>2024-08-05T00:27:49.013Z</time>
      </trkpt>
      <trkpt lat="19.211090" lon="-98.734502">
        <ele>2711.733</ele>
        <time>2024-08-05T00:27:53.013Z</time>
      </trkpt>
      <trkpt lat="19.211066" lon="-98.734555">
        <ele>2711.626</ele>
        <time>2024-08-05T00:27:57.013Z</time>
      </trkpt>
      <trkpt lat="19.211048" lon="-98.734599">
        <ele>2711.691</ele>
        <time>2024-08-05T00:28:00.013Z</time>
      </trkpt>
      <trkpt lat="19.211031" lon="-98.734644">
        <ele>2711.653</ele>
        <time>2024-08-05T00:28:03.013Z</time>
      </trkpt>
      <trkpt lat="19.211028" lon="-98.734704">
        <ele>2711.755</ele>
        <time>2024-08-05T00:28:07.013Z</time>
      </trkpt>
      <trkpt lat="19.211015" lon="-98.734760">
        <ele>2711.707</ele>
        <time>2024-08-05T00:28:11.013Z</time>
      </trkpt>
      <trkpt lat="19.211005" lon="-98.734815">
        <ele>2711.317</ele>
        <time>2024-08-05T00:28:15.013Z</time>
      </trkpt>
      <trkpt lat="19.210988" lon="-98.734863">
        <ele>2709.109</ele>
        <time>2024-08-05T00:28:19.013Z</time>
      </trkpt>
      <trkpt lat="19.210961" lon="-98.734906">
        <ele>2708.756</ele>
        <time>2024-08-05T00:28:23.013Z</time>
      </trkpt>
      <trkpt lat="19.210941" lon="-98.734949">
        <ele>2708.792</ele>
        <time>2024-08-05T00:28:27.013Z</time>
      </trkpt>
      <trkpt lat="19.210923" lon="-98.735005">
        <ele>2708.494</ele>
        <time>2024-08-05T00:28:32.013Z</time>
      </trkpt>
      <trkpt lat="19.210913" lon="-98.735053">
        <ele>2708.463</ele>
        <time>2024-08-05T00:28:36.013Z</time>
      </trkpt>
      <trkpt lat="19.210905" lon="-98.735103">
        <ele>2708.066</ele>
        <time>2024-08-05T00:28:40.013Z</time>
      </trkpt>
      <trkpt lat="19.210894" lon="-98.735151">
        <ele>2707.914</ele>
        <time>2024-08-05T00:28:44.013Z</time>
      </trkpt>
      <trkpt lat="19.210884" lon="-98.735200">
        <ele>2705.917</ele>
        <time>2024-08-05T00:28:48.013Z</time>
      </trkpt>
      <trkpt lat="19.210876" lon="-98.735248">
        <ele>2705.062</ele>
        <time>2024-08-05T00:28:52.013Z</time>
      </trkpt>
      <trkpt lat="19.210858" lon="-98.735297">
        <ele>2702.164</ele>
        <time>2024-08-05T00:28:56.013Z</time>
      </trkpt>
      <trkpt lat="19.210840" lon="-98.735348">
        <ele>2698.672</ele>
        <time>2024-08-05T00:29:00.013Z</time>
      </trkpt>
      <trkpt lat="19.210824" lon="-98.735398">
        <ele>2697.313</ele>
        <time>2024-08-05T00:29:04.013Z</time>
      </trkpt>
      <trkpt lat="19.210800" lon="-98.735443">
        <ele>2697.014</ele>
        <time>2024-08-05T00:29:08.013Z</time>
      </trkpt>
      <trkpt lat="19.210782" lon="-98.735493">
        <ele>2696.409</ele>
        <time>2024-08-05T00:29:12.013Z</time>
      </trkpt>
      <trkpt lat="19.210769" lon="-98.735545">
        <ele>2696.038</ele>
        <time>2024-08-05T00:29:16.013Z</time>
      </trkpt>
      <trkpt lat="19.210756" lon="-98.735598">
        <ele>2695.324</ele>
        <time>2024-08-05T00:29:20.013Z</time>
      </trkpt>
      <trkpt lat="19.210746" lon="-98.735655">
        <ele>2694.836</ele>
        <time>2024-08-05T00:29:24.013Z</time>
      </trkpt>
      <trkpt lat="19.210732" lon="-98.735712">
        <ele>2693.865</ele>
        <time>2024-08-05T00:29:28.013Z</time>
      </trkpt>
      <trkpt lat="19.210721" lon="-98.735768">
        <ele>2693.828</ele>
        <time>2024-08-05T00:29:32.013Z</time>
      </trkpt>
      <trkpt lat="19.210705" lon="-98.735825">
        <ele>2693.876</ele>
        <time>2024-08-05T00:29:36.013Z</time>
      </trkpt>
      <trkpt lat="19.210696" lon="-98.735883">
        <ele>2694.959</ele>
        <time>2024-08-05T00:29:40.013Z</time>
      </trkpt>
      <trkpt lat="19.210683" lon="-98.735938">
        <ele>2695.694</ele>
        <time>2024-08-05T00:29:44.013Z</time>
      </trkpt>
      <trkpt lat="19.210667" lon="-98.735995">
        <ele>2696.616</ele>
        <time>2024-08-05T00:29:48.013Z</time>
      </trkpt>
      <trkpt lat="19.210651" lon="-98.736047">
        <ele>2696.643</ele>
        <time>2024-08-05T00:29:52.013Z</time>
      </trkpt>
      <trkpt lat="19.210632" lon="-98.736102">
        <ele>2696.664</ele>
        <time>2024-08-05T00:29:56.013Z</time>
      </trkpt>
      <trkpt lat="19.210613" lon="-98.736155">
        <ele>2696.110</ele>
        <time>2024-08-05T00:30:00.013Z</time>
      </trkpt>
      <trkpt lat="19.210596" lon="-98.736208">
        <ele>2695.209</ele>
        <time>2024-08-05T00:30:04.013Z</time>
      </trkpt>
      <trkpt lat="19.210579" lon="-98.736260">
        <ele>2694.845</ele>
        <time>2024-08-05T00:30:09.013Z</time>
      </trkpt>
      <trkpt lat="19.210555" lon="-98.736311">
        <ele>2694.051</ele>
        <time>2024-08-05T00:30:14.013Z</time>
      </trkpt>
      <trkpt lat="19.210534" lon="-98.736367">
        <ele>2691.023</ele>
        <time>2024-08-05T00:30:19.013Z</time>
      </trkpt>
      <trkpt lat="19.210535" lon="-98.736420">
        <ele>2689.592</ele>
        <time>2024-08-05T00:30:23.013Z</time>
      </trkpt>
      <trkpt lat="19.210532" lon="-98.736471">
        <ele>2688.115</ele>
        <time>2024-08-05T00:30:27.013Z</time>
      </trkpt>
      <trkpt lat="19.210521" lon="-98.736519">
        <ele>2687.083</ele>
        <time>2024-08-05T00:30:31.013Z</time>
      </trkpt>
      <trkpt lat="19.210501" lon="-98.736574">
        <ele>2685.876</ele>
        <time>2024-08-05T00:30:36.013Z</time>
      </trkpt>
      <trkpt lat="19.210475" lon="-98.736616">
        <ele>2685.751</ele>
        <time>2024-08-05T00:30:41.013Z</time>
      </trkpt>
      <trkpt lat="19.210476" lon="-98.736665">
        <ele>2685.943</ele>
        <time>2024-08-05T00:30:45.013Z</time>
      </trkpt>
      <trkpt lat="19.210475" lon="-98.736716">
        <ele>2686.185</ele>
        <time>2024-08-05T00:30:49.013Z</time>
      </trkpt>
      <trkpt lat="19.210472" lon="-98.736770">
        <ele>2686.389</ele>
        <time>2024-08-05T00:30:53.013Z</time>
      </trkpt>
      <trkpt lat="19.210473" lon="-98.736825">
        <ele>2686.317</ele>
        <time>2024-08-05T00:30:57.013Z</time>
      </trkpt>
      <trkpt lat="19.210487" lon="-98.736877">
        <ele>2686.109</ele>
        <time>2024-08-05T00:31:01.013Z</time>
      </trkpt>
      <trkpt lat="19.210482" lon="-98.736930">
        <ele>2684.819</ele>
        <time>2024-08-05T00:31:05.013Z</time>
      </trkpt>
      <trkpt lat="19.210477" lon="-98.736984">
        <ele>2684.115</ele>
        <time>2024-08-05T00:31:09.013Z</time>
      </trkpt>
      <trkpt lat="19.210476" lon="-98.737038">
        <ele>2684.127</ele>
        <time>2024-08-05T00:31:13.013Z</time>
      </trkpt>
      <trkpt lat="19.210468" lon="-98.737086">
        <ele>2684.266</ele>
        <time>2024-08-05T00:31:17.013Z</time>
      </trkpt>
      <trkpt lat="19.210461" lon="-98.737135">
        <ele>2683.349</ele>
        <time>2024-08-05T00:31:21.013Z</time>
      </trkpt>
      <trkpt lat="19.210454" lon="-98.737187">
        <ele>2683.357</ele>
        <time>2024-08-05T00:31:25.013Z</time>
      </trkpt>
      <trkpt lat="19.210447" lon="-98.737238">
        <ele>2683.170</ele>
        <time>2024-08-05T00:31:29.013Z</time>
      </trkpt>
      <trkpt lat="19.210438" lon="-98.737292">
        <ele>2682.665</ele>
        <time>2024-08-05T00:31:33.013Z</time>
      </trkpt>
      <trkpt lat="19.210436" lon="-98.737347">
        <ele>2682.327</ele>
        <time>2024-08-05T00:31:37.013Z</time>
      </trkpt>
      <trkpt lat="19.210420" lon="-98.737398">
        <ele>2681.755</ele>
        <time>2024-08-05T00:31:41.013Z</time>
      </trkpt>
      <trkpt lat="19.210402" lon="-98.737449">
        <ele>2681.407</ele>
        <time>2024-08-05T00:31:45.013Z</time>
      </trkpt>
      <trkpt lat="19.210392" lon="-98.737501">
        <ele>2681.017</ele>
        <time>2024-08-05T00:31:49.013Z</time>
      </trkpt>
      <trkpt lat="19.210382" lon="-98.737556">
        <ele>2680.509</ele>
        <time>2024-08-05T00:31:53.013Z</time>
      </trkpt>
      <trkpt lat="19.210379" lon="-98.737608">
        <ele>2679.226</ele>
        <time>2024-08-05T00:31:57.013Z</time>
      </trkpt>
      <trkpt lat="19.210377" lon="-98.737659">
        <ele>2678.072</ele>
        <time>2024-08-05T00:32:01.013Z</time>
      </trkpt>
      <trkpt lat="19.210383" lon="-98.737715">
        <ele>2676.824</ele>
        <time>2024-08-05T00:32:05.013Z</time>
      </trkpt>
      <trkpt lat="19.210386" lon="-98.737770">
        <ele>2676.113</ele>
        <time>2024-08-05T00:32:09.013Z</time>
      </trkpt>
      <trkpt lat="19.210399" lon="-98.737824">
        <ele>2675.646</ele>
        <time>2024-08-05T00:32:13.013Z</time>
      </trkpt>
      <trkpt lat="19.210403" lon="-98.737879">
        <ele>2675.144</ele>
        <time>2024-08-05T00:32:17.013Z</time>
      </trkpt>
      <trkpt lat="19.210416" lon="-98.737932">
        <ele>2673.857</ele>
        <time>2024-08-05T00:32:21.013Z</time>
      </trkpt>
      <trkpt lat="19.210419" lon="-98.737987">
        <ele>2673.232</ele>
        <time>2024-08-05T00:32:25.013Z</time>
      </trkpt>
      <trkpt lat="19.210423" lon="-98.738038">
        <ele>2672.384</ele>
        <time>2024-08-05T00:32:29.013Z</time>
      </trkpt>
      <trkpt lat="19.210436" lon="-98.738089">
        <ele>2671.973</ele>
        <time>2024-08-05T00:32:33.013Z</time>
      </trkpt>
      <trkpt lat="19.210432" lon="-98.738138">
        <ele>2671.785</ele>
        <time>2024-08-05T00:32:37.013Z</time>
      </trkpt>
      <trkpt lat="19.210433" lon="-98.738190">
        <ele>2671.613</ele>
        <time>2024-08-05T00:32:41.013Z</time>
      </trkpt>
      <trkpt lat="19.210435" lon="-98.738241">
        <ele>2671.509</ele>
        <time>2024-08-05T00:32:45.013Z</time>
      </trkpt>
      <trkpt lat="19.210437" lon="-98.738292">
        <ele>2671.448</ele>
        <time>2024-08-05T00:32:49.013Z</time>
      </trkpt>
      <trkpt lat="19.210441" lon="-98.738344">
        <ele>2671.294</ele>
        <time>2024-08-05T00:32:53.005Z</time>
      </trkpt>
      <trkpt lat="19.210452" lon="-98.738396">
        <ele>2670.996</ele>
        <time>2024-08-05T00:32:57.013Z</time>
      </trkpt>
      <trkpt lat="19.210470" lon="-98.738446">
        <ele>2670.275</ele>
        <time>2024-08-05T00:33:01.016Z</time>
      </trkpt>
      <trkpt lat="19.210478" lon="-98.738499">
        <ele>2669.848</ele>
        <time>2024-08-05T00:33:05.021Z</time>
      </trkpt>
      <trkpt lat="19.210489" lon="-98.738555">
        <ele>2669.586</ele>
        <time>2024-08-05T00:33:09.013Z</time>
      </trkpt>
      <trkpt lat="19.210503" lon="-98.738608">
        <ele>2669.469</ele>
        <time>2024-08-05T00:33:13.018Z</time>
      </trkpt>
      <trkpt lat="19.210517" lon="-98.738659">
        <ele>2669.374</ele>
        <time>2024-08-05T00:33:17.013Z</time>
      </trkpt>
      <trkpt lat="19.210527" lon="-98.738709">
        <ele>2669.396</ele>
        <time>2024-08-05T00:33:21.013Z</time>
      </trkpt>
      <trkpt lat="19.210552" lon="-98.738753">
        <ele>2669.354</ele>
        <time>2024-08-05T00:33:25.013Z</time>
      </trkpt>
      <trkpt lat="19.210580" lon="-98.738799">
        <ele>2668.956</ele>
        <time>2024-08-05T00:33:29.013Z</time>
      </trkpt>
      <trkpt lat="19.210603" lon="-98.738842">
        <ele>2668.711</ele>
        <time>2024-08-05T00:33:33.018Z</time>
      </trkpt>
      <trkpt lat="19.210622" lon="-98.738888">
        <ele>2668.609</ele>
        <time>2024-08-05T00:33:37.023Z</time>
      </trkpt>
      <trkpt lat="19.210644" lon="-98.738938">
        <ele>2668.376</ele>
        <time>2024-08-05T00:33:41.013Z</time>
      </trkpt>
      <trkpt lat="19.210678" lon="-98.738981">
        <ele>2668.282</ele>
        <time>2024-08-05T00:33:45.013Z</time>
      </trkpt>
      <trkpt lat="19.210711" lon="-98.739023">
        <ele>2667.644</ele>
        <time>2024-08-05T00:33:49.013Z</time>
      </trkpt>
      <trkpt lat="19.210736" lon="-98.739072">
        <ele>2666.693</ele>
        <time>2024-08-05T00:33:53.013Z</time>
      </trkpt>
      <trkpt lat="19.210758" lon="-98.739128">
        <ele>2666.486</ele>
        <time>2024-08-05T00:33:57.013Z</time>
      </trkpt>
      <trkpt lat="19.210783" lon="-98.739177">
        <ele>2665.614</ele>
        <time>2024-08-05T00:34:01.013Z</time>
      </trkpt>
      <trkpt lat="19.210808" lon="-98.739230">
        <ele>2665.487</ele>
        <time>2024-08-05T00:34:05.013Z</time>
      </trkpt>
      <trkpt lat="19.210839" lon="-98.739275">
        <ele>2664.882</ele>
        <time>2024-08-05T00:34:09.013Z</time>
      </trkpt>
      <trkpt lat="19.210864" lon="-98.739330">
        <ele>2664.574</ele>
        <time>2024-08-05T00:34:13.013Z</time>
      </trkpt>
      <trkpt lat="19.210893" lon="-98.739377">
        <ele>2664.065</ele>
        <time>2024-08-05T00:34:17.013Z</time>
      </trkpt>
      <trkpt lat="19.210926" lon="-98.739422">
        <ele>2663.668</ele>
        <time>2024-08-05T00:34:21.013Z</time>
      </trkpt>
      <trkpt lat="19.210957" lon="-98.739468">
        <ele>2663.514</ele>
        <time>2024-08-05T00:34:25.013Z</time>
      </trkpt>
      <trkpt lat="19.210978" lon="-98.739510">
        <ele>2663.509</ele>
        <time>2024-08-05T00:34:28.013Z</time>
      </trkpt>
      <trkpt lat="19.211005" lon="-98.739561">
        <ele>2663.547</ele>
        <time>2024-08-05T00:34:32.013Z</time>
      </trkpt>
      <trkpt lat="19.211032" lon="-98.739612">
        <ele>2663.523</ele>
        <time>2024-08-05T00:34:36.013Z</time>
      </trkpt>
      <trkpt lat="19.211065" lon="-98.739655">
        <ele>2663.725</ele>
        <time>2024-08-05T00:34:40.013Z</time>
      </trkpt>
      <trkpt lat="19.211096" lon="-98.739699">
        <ele>2663.754</ele>
        <time>2024-08-05T00:34:44.013Z</time>
      </trkpt>
      <trkpt lat="19.211122" lon="-98.739749">
        <ele>2663.757</ele>
        <time>2024-08-05T00:34:48.013Z</time>
      </trkpt>
      <trkpt lat="19.211137" lon="-98.739799">
        <ele>2663.345</ele>
        <time>2024-08-05T00:34:52.013Z</time>
      </trkpt>
      <trkpt lat="19.211147" lon="-98.739853">
        <ele>2662.748</ele>
        <time>2024-08-05T00:34:56.013Z</time>
      </trkpt>
      <trkpt lat="19.211159" lon="-98.739904">
        <ele>2661.483</ele>
        <time>2024-08-05T00:35:00.013Z</time>
      </trkpt>
      <trkpt lat="19.211166" lon="-98.739955">
        <ele>2660.875</ele>
        <time>2024-08-05T00:35:04.013Z</time>
      </trkpt>
      <trkpt lat="19.211159" lon="-98.740008">
        <ele>2660.462</ele>
        <time>2024-08-05T00:35:08.013Z</time>
      </trkpt>
      <trkpt lat="19.211160" lon="-98.740062">
        <ele>2659.883</ele>
        <time>2024-08-05T00:35:12.019Z</time>
      </trkpt>
      <trkpt lat="19.211164" lon="-98.740120">
        <ele>2658.511</ele>
        <time>2024-08-05T00:35:16.013Z</time>
      </trkpt>
      <trkpt lat="19.211166" lon="-98.740176">
        <ele>2657.409</ele>
        <time>2024-08-05T00:35:20.013Z</time>
      </trkpt>
      <trkpt lat="19.211166" lon="-98.740233">
        <ele>2655.757</ele>
        <time>2024-08-05T00:35:24.013Z</time>
      </trkpt>
      <trkpt lat="19.211169" lon="-98.740289">
        <ele>2655.083</ele>
        <time>2024-08-05T00:35:28.013Z</time>
      </trkpt>
      <trkpt lat="19.211178" lon="-98.740345">
        <ele>2654.425</ele>
        <time>2024-08-05T00:35:32.013Z</time>
      </trkpt>
      <trkpt lat="19.211186" lon="-98.740401">
        <ele>2652.724</ele>
        <time>2024-08-05T00:35:36.013Z</time>
      </trkpt>
      <trkpt lat="19.211188" lon="-98.740457">
        <ele>2652.287</ele>
        <time>2024-08-05T00:35:40.013Z</time>
      </trkpt>
      <trkpt lat="19.211187" lon="-98.740511">
        <ele>2651.825</ele>
        <time>2024-08-05T00:35:44.013Z</time>
      </trkpt>
      <trkpt lat="19.211184" lon="-98.740562">
        <ele>2651.818</ele>
        <time>2024-08-05T00:35:48.013Z</time>
      </trkpt>
      <trkpt lat="19.211192" lon="-98.740617">
        <ele>2651.653</ele>
        <time>2024-08-05T00:35:52.013Z</time>
      </trkpt>
      <trkpt lat="19.211199" lon="-98.740671">
        <ele>2651.345</ele>
        <time>2024-08-05T00:35:56.013Z</time>
      </trkpt>
      <trkpt lat="19.211194" lon="-98.740724">
        <ele>2651.383</ele>
        <time>2024-08-05T00:36:00.013Z</time>
      </trkpt>
      <trkpt lat="19.211195" lon="-98.740778">
        <ele>2650.825</ele>
        <time>2024-08-05T00:36:04.013Z</time>
      </trkpt>
      <trkpt lat="19.211198" lon="-98.740836">
        <ele>2649.317</ele>
        <time>2024-08-05T00:36:08.013Z</time>
      </trkpt>
      <trkpt lat="19.211197" lon="-98.740894">
        <ele>2648.009</ele>
        <time>2024-08-05T00:36:12.013Z</time>
      </trkpt>
      <trkpt lat="19.211196" lon="-98.740954">
        <ele>2646.669</ele>
        <time>2024-08-05T00:36:16.013Z</time>
      </trkpt>
      <trkpt lat="19.211193" lon="-98.741013">
        <ele>2646.345</ele>
        <time>2024-08-05T00:36:19.013Z</time>
      </trkpt>
      <trkpt lat="19.211193" lon="-98.741072">
        <ele>2646.267</ele>
        <time>2024-08-05T00:36:22.013Z</time>
      </trkpt>
      <trkpt lat="19.211192" lon="-98.741124">
        <ele>2646.436</ele>
        <time>2024-08-05T00:36:25.013Z</time>
      </trkpt>
      <trkpt lat="19.211192" lon="-98.741175">
        <ele>2648.869</ele>
        <time>2024-08-05T00:36:28.013Z</time>
      </trkpt>
      <trkpt lat="19.211193" lon="-98.741235">
        <ele>2652.697</ele>
        <time>2024-08-05T00:36:32.013Z</time>
      </trkpt>
      <trkpt lat="19.211193" lon="-98.741284">
        <ele>2653.570</ele>
        <time>2024-08-05T00:36:35.013Z</time>
      </trkpt>
      <trkpt lat="19.211194" lon="-98.741345">
        <ele>2653.575</ele>
        <time>2024-08-05T00:36:39.013Z</time>
      </trkpt>
      <trkpt lat="19.211198" lon="-98.741395">
        <ele>2653.577</ele>
        <time>2024-08-05T00:36:42.013Z</time>
      </trkpt>
      <trkpt lat="19.211209" lon="-98.741442">
        <ele>2653.312</ele>
        <time>2024-08-05T00:36:45.013Z</time>
      </trkpt>
      <trkpt lat="19.211213" lon="-98.741497">
        <ele>2652.332</ele>
        <time>2024-08-05T00:36:49.013Z</time>
      </trkpt>
      <trkpt lat="19.211221" lon="-98.741550">
        <ele>2651.805</ele>
        <time>2024-08-05T00:36:53.013Z</time>
      </trkpt>
      <trkpt lat="19.211226" lon="-98.741604">
        <ele>2651.609</ele>
        <time>2024-08-05T00:36:57.013Z</time>
      </trkpt>
      <trkpt lat="19.211233" lon="-98.741659">
        <ele>2651.532</ele>
        <time>2024-08-05T00:37:01.013Z</time>
      </trkpt>
      <trkpt lat="19.211235" lon="-98.741720">
        <ele>2651.328</ele>
        <time>2024-08-05T00:37:06.013Z</time>
      </trkpt>
      <trkpt lat="19.211230" lon="-98.741776">
        <ele>2651.190</ele>
        <time>2024-08-05T00:37:10.013Z</time>
      </trkpt>
      <trkpt lat="19.211229" lon="-98.741831">
        <ele>2648.659</ele>
        <time>2024-08-05T00:37:14.013Z</time>
      </trkpt>
      <trkpt lat="19.211230" lon="-98.741889">
        <ele>2647.162</ele>
        <time>2024-08-05T00:37:18.013Z</time>
      </trkpt>
      <trkpt lat="19.211231" lon="-98.741944">
        <ele>2646.580</ele>
        <time>2024-08-05T00:37:22.013Z</time>
      </trkpt>
      <trkpt lat="19.211229" lon="-98.742003">
        <ele>2646.063</ele>
        <time>2024-08-05T00:37:26.013Z</time>
      </trkpt>
      <trkpt lat="19.211219" lon="-98.742059">
        <ele>2645.468</ele>
        <time>2024-08-05T00:37:30.013Z</time>
      </trkpt>
      <trkpt lat="19.211222" lon="-98.742116">
        <ele>2644.060</ele>
        <time>2024-08-05T00:37:34.013Z</time>
      </trkpt>
      <trkpt lat="19.211221" lon="-98.742175">
        <ele>2643.723</ele>
        <time>2024-08-05T00:37:38.013Z</time>
      </trkpt>
      <trkpt lat="19.211213" lon="-98.742234">
        <ele>2643.783</ele>
        <time>2024-08-05T00:37:42.013Z</time>
      </trkpt>
      <trkpt lat="19.211215" lon="-98.742291">
        <ele>2643.911</ele>
        <time>2024-08-05T00:37:46.013Z</time>
      </trkpt>
      <trkpt lat="19.211219" lon="-98.742351">
        <ele>2644.309</ele>
        <time>2024-08-05T00:37:50.013Z</time>
      </trkpt>
      <trkpt lat="19.211225" lon="-98.742413">
        <ele>2644.343</ele>
        <time>2024-08-05T00:37:54.013Z</time>
      </trkpt>
      <trkpt lat="19.211231" lon="-98.742470">
        <ele>2644.329</ele>
        <time>2024-08-05T00:37:58.013Z</time>
      </trkpt>
      <trkpt lat="19.211244" lon="-98.742525">
        <ele>2643.761</ele>
        <time>2024-08-05T00:38:02.013Z</time>
      </trkpt>
      <trkpt lat="19.211251" lon="-98.742579">
        <ele>2643.070</ele>
        <time>2024-08-05T00:38:06.013Z</time>
      </trkpt>
      <trkpt lat="19.211258" lon="-98.742636">
        <ele>2641.253</ele>
        <time>2024-08-05T00:38:10.013Z</time>
      </trkpt>
      <trkpt lat="19.211265" lon="-98.742692">
        <ele>2640.881</ele>
        <time>2024-08-05T00:38:14.013Z</time>
      </trkpt>
      <trkpt lat="19.211266" lon="-98.742747">
        <ele>2640.194</ele>
        <time>2024-08-05T00:38:18.013Z</time>
      </trkpt>
      <trkpt lat="19.211268" lon="-98.742801">
        <ele>2639.419</ele>
        <time>2024-08-05T00:38:22.013Z</time>
      </trkpt>
      <trkpt lat="19.211267" lon="-98.742854">
        <ele>2639.161</ele>
        <time>2024-08-05T00:38:26.013Z</time>
      </trkpt>
      <trkpt lat="19.211264" lon="-98.742909">
        <ele>2638.814</ele>
        <time>2024-08-05T00:38:30.013Z</time>
      </trkpt>
      <trkpt lat="19.211270" lon="-98.742966">
        <ele>2638.654</ele>
        <time>2024-08-05T00:38:34.013Z</time>
      </trkpt>
      <trkpt lat="19.211272" lon="-98.743022">
        <ele>2638.609</ele>
        <time>2024-08-05T00:38:38.013Z</time>
      </trkpt>
      <trkpt lat="19.211267" lon="-98.743075">
        <ele>2637.709</ele>
        <time>2024-08-05T00:38:42.013Z</time>
      </trkpt>
      <trkpt lat="19.211267" lon="-98.743130">
        <ele>2636.762</ele>
        <time>2024-08-05T00:38:46.013Z</time>
      </trkpt>
      <trkpt lat="19.211273" lon="-98.743186">
        <ele>2634.688</ele>
        <time>2024-08-05T00:38:50.013Z</time>
      </trkpt>
      <trkpt lat="19.211277" lon="-98.743240">
        <ele>2634.080</ele>
        <time>2024-08-05T00:38:54.013Z</time>
      </trkpt>
      <trkpt lat="19.211288" lon="-98.743294">
        <ele>2633.429</ele>
        <time>2024-08-05T00:38:58.013Z</time>
      </trkpt>
      <trkpt lat="19.211296" lon="-98.743351">
        <ele>2632.842</ele>
        <time>2024-08-05T00:39:02.013Z</time>
      </trkpt>
      <trkpt lat="19.211295" lon="-98.743406">
        <ele>2632.670</ele>
        <time>2024-08-05T00:39:06.013Z</time>
      </trkpt>
      <trkpt lat="19.211286" lon="-98.743459">
        <ele>2632.313</ele>
        <time>2024-08-05T00:39:10.013Z</time>
      </trkpt>
      <trkpt lat="19.211285" lon="-98.743516">
        <ele>2631.328</ele>
        <time>2024-08-05T00:39:14.013Z</time>
      </trkpt>
      <trkpt lat="19.211282" lon="-98.743571">
        <ele>2631.240</ele>
        <time>2024-08-05T00:39:18.013Z</time>
      </trkpt>
      <trkpt lat="19.211280" lon="-98.743623">
        <ele>2631.256</ele>
        <time>2024-08-05T00:39:22.013Z</time>
      </trkpt>
      <trkpt lat="19.211278" lon="-98.743678">
        <ele>2631.259</ele>
        <time>2024-08-05T00:39:26.013Z</time>
      </trkpt>
      <trkpt lat="19.211282" lon="-98.743733">
        <ele>2631.014</ele>
        <time>2024-08-05T00:39:30.013Z</time>
      </trkpt>
      <trkpt lat="19.211290" lon="-98.743790">
        <ele>2630.909</ele>
        <time>2024-08-05T00:39:34.013Z</time>
      </trkpt>
      <trkpt lat="19.211302" lon="-98.743845">
        <ele>2629.636</ele>
        <time>2024-08-05T00:39:38.013Z</time>
      </trkpt>
      <trkpt lat="19.211306" lon="-98.743899">
        <ele>2629.492</ele>
        <time>2024-08-05T00:39:42.013Z</time>
      </trkpt>
      <trkpt lat="19.211309" lon="-98.743958">
        <ele>2628.864</ele>
        <time>2024-08-05T00:39:46.013Z</time>
      </trkpt>
      <trkpt lat="19.211297" lon="-98.744011">
        <ele>2628.323</ele>
        <time>2024-08-05T00:39:50.013Z</time>
      </trkpt>
      <trkpt lat="19.211302" lon="-98.744063">
        <ele>2627.896</ele>
        <time>2024-08-05T00:39:54.013Z</time>
      </trkpt>
      <trkpt lat="19.211313" lon="-98.744118">
        <ele>2627.334</ele>
        <time>2024-08-05T00:39:58.013Z</time>
      </trkpt>
      <trkpt lat="19.211312" lon="-98.744173">
        <ele>2627.127</ele>
        <time>2024-08-05T00:40:02.013Z</time>
      </trkpt>
      <trkpt lat="19.211311" lon="-98.744224">
        <ele>2626.252</ele>
        <time>2024-08-05T00:40:06.013Z</time>
      </trkpt>
      <trkpt lat="19.211312" lon="-98.744280">
        <ele>2625.844</ele>
        <time>2024-08-05T00:40:10.013Z</time>
      </trkpt>
      <trkpt lat="19.211320" lon="-98.744335">
        <ele>2625.691</ele>
        <time>2024-08-05T00:40:14.013Z</time>
      </trkpt>
      <trkpt lat="19.211323" lon="-98.744391">
        <ele>2625.681</ele>
        <time>2024-08-05T00:40:18.013Z</time>
      </trkpt>
      <trkpt lat="19.211324" lon="-98.744448">
        <ele>2625.619</ele>
        <time>2024-08-05T00:40:22.013Z</time>
      </trkpt>
      <trkpt lat="19.211339" lon="-98.744500">
        <ele>2625.609</ele>
        <time>2024-08-05T00:40:26.013Z</time>
      </trkpt>
      <trkpt lat="19.211362" lon="-98.744544">
        <ele>2625.990</ele>
        <time>2024-08-05T00:40:30.013Z</time>
      </trkpt>
      <trkpt lat="19.211406" lon="-98.744564">
        <ele>2626.956</ele>
        <time>2024-08-05T00:40:35.013Z</time>
      </trkpt>
      <trkpt lat="19.211457" lon="-98.744550">
        <ele>2628.468</ele>
        <time>2024-08-05T00:40:42.013Z</time>
      </trkpt>
    </trkseg>
  </trk></gpx>